TIMESTAMP,P_1_1_1,BATTERI
2024-11-04 00:01:00,0.0,12.59537
2024-11-04 00:02:00,0.0,12.59507
2024-11-04 00:03:00,0.0,12.59545
2024-11-04 00:04:00,0.0,12.59538
2024-11-04 00:05:00,0.0,12.59503
2024-11-04 00:06:00,0.0,12.59515
2024-11-04 00:07:00,0.0,12.57916
2024-11-04 00:08:00,0.0,12.59567
2024-11-04 00:09:00,0.0,12.57923
2024-11-04 00:10:00,0.0,12.59546
2024-11-04 00:11:00,0.0,12.59495
2024-11-04 00:12:00,0.0,12.59532
2024-11-04 00:13:00,0.0,12.59535
2024-11-04 00:14:00,0.0,12.59532
2024-11-04 00:15:00,0.0,12.59547
2024-11-04 00:16:00,0.0,12.5954
2024-11-04 00:17:00,0.0,12.59512
2024-11-04 00:18:00,0.0,12.59545
2024-11-04 00:19:00,0.0,12.59557
2024-11-04 00:20:00,0.0,12.59564
2024-11-04 00:21:00,0.0,12.59554
2024-11-04 00:22:00,0.0,12.59586
2024-11-04 00:23:00,0.0,12.56429
2024-11-04 00:24:00,0.0,12.59551
2024-11-04 00:25:00,0.0,12.59582
2024-11-04 00:26:00,0.0,12.59607
2024-11-04 00:27:00,0.0,12.59621
2024-11-04 00:28:00,0.0,12.59599
2024-11-04 00:29:00,0.0,12.59633
2024-11-04 00:30:00,0.0,12.57943
2024-11-04 00:31:00,0.0,12.59617
2024-11-04 00:32:00,0.0,12.59629
2024-11-04 00:33:00,0.0,12.59621
2024-11-04 00:34:00,0.0,12.5962
2024-11-04 00:35:00,0.0,12.59652
2024-11-04 00:36:00,0.0,12.59402
2024-11-04 00:37:00,0.0,12.58028
2024-11-04 00:38:00,0.0,12.59634
2024-11-04 00:39:00,0.0,12.58047
2024-11-04 00:40:00,0.0,12.59684
2024-11-04 00:41:00,0.0,12.5805
2024-11-04 00:42:00,0.0,12.58045
2024-11-04 00:43:00,0.0,12.5966
2024-11-04 00:44:00,0.0,12.59652
2024-11-04 00:45:00,0.0,12.59685
2024-11-04 00:46:00,0.0,12.5951
2024-11-04 00:47:00,0.0,12.59693
2024-11-04 00:48:00,0.0,12.59653
2024-11-04 00:49:00,0.0,12.59683
2024-11-04 00:50:00,0.0,12.59705
2024-11-04 00:51:00,0.0,12.59704
2024-11-04 00:52:00,0.0,12.59705
2024-11-04 00:53:00,0.0,12.59731
2024-11-04 00:54:00,0.0,12.59692
2024-11-04 00:55:00,0.0,12.5947
2024-11-04 00:56:00,0.0,12.59722
2024-11-04 00:57:00,0.0,12.5951
2024-11-04 00:58:00,0.0,12.59745
2024-11-04 00:59:00,0.0,12.5951
2024-11-04 01:00:00,0.0,12.59735
2024-11-04 01:01:00,0.0,12.58135
2024-11-04 01:02:00,0.0,12.59759
2024-11-04 01:03:00,0.0,12.58138
2024-11-04 01:04:00,0.0,12.59782
2024-11-04 01:05:00,0.0,12.59751
2024-11-04 01:06:00,0.0,12.59706
2024-11-04 01:07:00,0.0,12.59745
2024-11-04 01:08:00,0.0,12.59658
2024-11-04 01:09:00,0.0,12.59794
2024-11-04 01:10:00,0.0,12.59811
2024-11-04 01:11:00,0.0,12.59799
2024-11-04 01:12:00,0.0,12.59804
2024-11-04 01:13:00,0.0,12.59776
2024-11-04 01:14:00,0.0,12.59837
2024-11-04 01:15:00,0.0,12.59829
2024-11-04 01:16:00,0.0,12.59838
2024-11-04 01:17:00,0.0,12.59827
2024-11-04 01:18:00,0.0,12.59845
2024-11-04 01:19:00,0.0,12.59852
2024-11-04 01:20:00,0.0,12.59826
2024-11-04 01:21:00,0.0,12.59853
2024-11-04 01:22:00,0.0,12.59833
2024-11-04 01:23:00,0.0,12.59868
2024-11-04 01:24:00,0.0,12.5984
2024-11-04 01:25:00,0.0,12.59802
2024-11-04 01:26:00,0.0,12.59848
2024-11-04 01:27:00,0.0,12.59861
2024-11-04 01:28:00,0.0,12.59892
2024-11-04 01:29:00,0.0,12.59887
2024-11-04 01:30:00,0.0,12.59915
2024-11-04 01:31:00,0.0,12.59916
2024-11-04 01:32:00,0.0,12.59885
2024-11-04 01:33:00,0.0,12.59915
2024-11-04 01:34:00,0.0,12.59919
2024-11-04 01:35:00,0.0,12.59942
2024-11-04 01:36:00,0.0,12.59921
2024-11-04 01:37:00,0.0,12.59909
2024-11-04 01:38:00,0.0,12.59916
2024-11-04 01:39:00,0.0,12.59932
2024-11-04 01:40:00,0.0,12.59975
2024-11-04 01:41:00,0.0,12.59969
2024-11-04 01:42:00,0.0,12.59971
2024-11-04 01:43:00,0.0,12.58348
2024-11-04 01:44:00,0.0,12.59975
2024-11-04 01:45:00,0.0,12.58367
2024-11-04 01:46:00,0.0,12.60026
2024-11-04 01:47:00,0.0,12.58369
2024-11-04 01:48:00,0.0,12.60005
2024-11-04 01:49:00,0.0,12.59947
2024-11-04 01:50:00,0.0,12.59965
2024-11-04 01:51:00,0.0,12.60005
2024-11-04 01:52:00,0.0,12.60004
2024-11-04 01:53:00,0.0,12.60025
2024-11-04 01:54:00,0.0,12.60065
2024-11-04 01:55:00,0.0,12.60023
2024-11-04 01:56:00,0.0,12.59972
2024-11-04 01:57:00,0.0,12.60002
2024-11-04 01:58:00,0.0,12.59919
2024-11-04 01:59:00,0.0,12.59972
2024-11-04 02:00:00,0.0,12.60032
2024-11-04 02:01:00,0.0,12.59966
2024-11-04 02:02:00,0.0,12.60054
2024-11-04 02:03:00,0.0,12.60047
2024-11-04 02:04:00,0.0,12.58453
2024-11-04 02:05:00,0.0,12.60053
2024-11-04 02:06:00,0.0,12.58466
2024-11-04 02:07:00,0.0,12.60076
2024-11-04 02:08:00,0.0,12.60068
2024-11-04 02:09:00,0.0,12.6007
2024-11-04 02:10:00,0.0,12.58458
2024-11-04 02:11:00,0.0,12.60086
2024-11-04 02:12:00,0.0,12.58505
2024-11-04 02:13:00,0.0,12.60089
2024-11-04 02:14:00,0.0,12.60079
2024-11-04 02:15:00,0.0,12.60083
2024-11-04 02:16:00,0.0,12.60072
2024-11-04 02:17:00,0.0,12.60131
2024-11-04 02:18:00,0.0,12.6012
2024-11-04 02:19:00,0.0,12.60135
2024-11-04 02:20:00,0.0,12.60126
2024-11-04 02:21:00,0.0,12.58524
2024-11-04 02:22:00,0.0,12.60128
2024-11-04 02:23:00,0.0,12.58561
2024-11-04 02:24:00,0.0,12.60135
2024-11-04 02:25:00,0.0,12.58576
2024-11-04 02:26:00,0.0,12.60123
2024-11-04 02:27:00,0.0,12.60184
2024-11-04 02:28:00,0.0,12.60168
2024-11-04 02:29:00,0.0,12.60206
2024-11-04 02:30:00,0.0,12.60212
2024-11-04 02:31:00,0.0,12.60229
2024-11-04 02:32:00,0.0,12.60166
2024-11-04 02:33:00,0.0,12.60157
2024-11-04 02:34:00,0.0,12.60211
2024-11-04 02:35:00,0.0,12.60208
2024-11-04 02:36:00,0.0,12.60248
2024-11-04 02:37:00,0.0,12.60241
2024-11-04 02:38:00,0.0,12.57055
2024-11-04 02:39:00,0.0,12.60224
2024-11-04 02:40:00,0.0,12.60249
2024-11-04 02:41:00,0.0,12.60247
2024-11-04 02:42:00,0.0,12.60276
2024-11-04 02:43:00,0.0,12.58672
2024-11-04 02:44:00,0.0,12.60314
2024-11-04 02:45:00,0.0,12.58582
2024-11-04 02:46:00,0.0,12.603
2024-11-04 02:47:00,0.0,12.60291
2024-11-04 02:48:00,0.0,12.60299
2024-11-04 02:49:00,0.0,12.60332
2024-11-04 02:50:00,0.0,12.60354
2024-11-04 02:51:00,0.0,12.60107
2024-11-04 02:52:00,0.0,12.60323
2024-11-04 02:53:00,0.0,12.60345
2024-11-04 02:54:00,0.0,12.60302
2024-11-04 02:55:00,0.0,12.60301
2024-11-04 02:56:00,0.0,12.60322
2024-11-04 02:57:00,0.0,12.587
2024-11-04 02:58:00,0.0,12.60321
2024-11-04 02:59:00,0.0,12.60368
2024-11-04 03:00:00,0.0,12.60388
2024-11-04 03:01:00,0.0,12.60397
2024-11-04 03:02:00,0.0,12.60382
2024-11-04 03:03:00,0.0,12.60358
2024-11-04 03:04:00,0.0,12.60388
2024-11-04 03:05:00,0.0,12.58766
2024-11-04 03:06:00,0.0,12.60426
2024-11-04 03:07:00,0.0,12.60379
2024-11-04 03:08:00,0.0,12.60409
2024-11-04 03:09:00,0.0,12.60372
2024-11-04 03:10:00,0.0,12.60385
2024-11-04 03:11:00,0.0,12.60162
2024-11-04 03:12:00,0.0,12.60411
2024-11-04 03:13:00,0.0,12.60186
2024-11-04 03:14:00,0.0,12.60442
2024-11-04 03:15:00,0.0,12.58806
2024-11-04 03:16:00,0.0,12.60395
2024-11-04 03:17:00,0.0,12.58809
2024-11-04 03:18:00,0.0,12.60412
2024-11-04 03:19:00,0.0,12.58888
2024-11-04 03:20:00,0.0,12.60471
2024-11-04 03:21:00,0.0,12.60396
2024-11-04 03:22:00,0.0,12.6046
2024-11-04 03:23:00,0.0,12.60487
2024-11-04 03:24:00,0.0,12.60496
2024-11-04 03:25:00,0.0,12.6051
2024-11-04 03:26:00,0.0,12.60511
2024-11-04 03:27:00,0.0,12.60541
2024-11-04 03:28:00,0.0,12.58877
2024-11-04 03:29:00,0.0,12.60503
2024-11-04 03:30:00,0.0,12.58922
2024-11-04 03:31:00,0.0,12.60579
2024-11-04 03:32:00,0.0,12.58875
2024-11-04 03:33:00,0.0,12.6053
2024-11-04 03:34:00,0.0,12.60524
2024-11-04 03:35:00,0.0,12.60533
2024-11-04 03:36:00,0.0,12.60539
2024-11-04 03:37:00,0.0,12.6055
2024-11-04 03:38:00,0.0,12.60583
2024-11-04 03:39:00,0.0,12.60569
2024-11-04 03:40:00,0.0,12.60562
2024-11-04 03:41:00,0.0,12.60566
2024-11-04 03:42:00,0.0,12.60578
2024-11-04 03:43:00,0.0,12.60577
2024-11-04 03:44:00,0.0,12.60595
2024-11-04 03:45:00,0.0,12.6058
2024-11-04 03:46:00,0.0,12.58958
2024-11-04 03:47:00,0.0,12.60568
2024-11-04 03:48:00,0.0,12.60588
2024-11-04 03:49:00,0.0,12.60576
2024-11-04 03:50:00,0.0,12.60626
2024-11-04 03:51:00,0.0,12.60608
2024-11-04 03:52:00,0.0,12.60566
2024-11-04 03:53:00,0.0,12.60585
2024-11-04 03:54:00,0.0,12.60584
2024-11-04 03:55:00,0.0,12.60596
2024-11-04 03:56:00,0.0,12.60596
2024-11-04 03:57:00,0.0,12.60627
2024-11-04 03:58:00,0.0,12.60604
2024-11-04 03:59:00,0.0,12.60605
2024-11-04 04:00:00,0.0,12.60587
2024-11-04 04:01:00,0.0,12.60608
2024-11-04 04:02:00,0.0,12.60617
2024-11-04 04:03:00,0.0,12.60626
2024-11-04 04:04:00,0.0,12.60551
2024-11-04 04:05:00,0.0,12.60566
2024-11-04 04:06:00,0.0,12.60606
2024-11-04 04:07:00,0.0,12.60619
2024-11-04 04:08:00,0.0,12.60619
2024-11-04 04:09:00,0.0,12.60631
2024-11-04 04:10:00,0.0,12.58944
2024-11-04 04:11:00,0.0,12.60622
2024-11-04 04:12:00,0.0,12.6068
2024-11-04 04:13:00,0.0,12.60678
2024-11-04 04:14:00,0.0,12.60565
2024-11-04 04:15:00,0.0,12.60686
2024-11-04 04:16:00,0.0,12.60682
2024-11-04 04:17:00,0.0,12.59025
2024-11-04 04:18:00,0.0,12.60675
2024-11-04 04:19:00,0.0,12.60703
2024-11-04 04:20:00,0.0,12.607
2024-11-04 04:21:00,0.0,12.60722
2024-11-04 04:22:00,0.0,12.60731
2024-11-04 04:23:00,0.0,12.60708
2024-11-04 04:24:00,0.0,12.60678
2024-11-04 04:25:00,0.0,12.5909
2024-11-04 04:26:00,0.0,12.60715
2024-11-04 04:27:00,0.0,12.59103
2024-11-04 04:28:00,0.0,12.6074
2024-11-04 04:29:00,0.0,12.60626
2024-11-04 04:30:00,0.0,12.60699
2024-11-04 04:31:00,0.0,12.60714
2024-11-04 04:32:00,0.0,12.60699
2024-11-04 04:33:00,0.0,12.60751
2024-11-04 04:34:00,0.0,12.60728
2024-11-04 04:35:00,0.0,12.60697
2024-11-04 04:36:00,0.0,12.60722
2024-11-04 04:37:00,0.0,12.60716
2024-11-04 04:38:00,0.0,12.60733
2024-11-04 04:39:00,0.0,12.60725
2024-11-04 04:40:00,0.0,12.60737
2024-11-04 04:41:00,0.0,12.59123
2024-11-04 04:42:00,0.0,12.60703
2024-11-04 04:43:00,0.0,12.60733
2024-11-04 04:44:00,0.0,12.60748
2024-11-04 04:45:00,0.0,12.60734
2024-11-04 04:46:00,0.0,12.60751
2024-11-04 04:47:00,0.0,12.5909
2024-11-04 04:48:00,0.0,12.60638
2024-11-04 04:49:00,0.0,12.60723
2024-11-04 04:50:00,0.0,12.60753
2024-11-04 04:51:00,0.0,12.60794
2024-11-04 04:52:00,0.0,12.60758
2024-11-04 04:53:00,0.0,12.57514
2024-11-04 04:54:00,0.0,12.60719
2024-11-04 04:55:00,0.0,12.60744
2024-11-04 04:56:00,0.0,12.6076
2024-11-04 04:57:00,0.0,12.60771
2024-11-04 04:58:00,0.0,12.60787
2024-11-04 04:59:00,0.0,12.60773
2024-11-04 05:00:00,0.0,12.60779
2024-11-04 05:01:00,0.0,12.60789
2024-11-04 05:02:00,0.0,12.60828
2024-11-04 05:03:00,0.0,12.60817
2024-11-04 05:04:00,0.0,12.60824
2024-11-04 05:05:00,0.0,12.60832
2024-11-04 05:06:00,0.0,12.60836
2024-11-04 05:07:00,0.0,12.60836
2024-11-04 05:08:00,0.0,12.60853
2024-11-04 05:09:00,0.0,12.60793
2024-11-04 05:10:00,0.0,12.60816
2024-11-04 05:11:00,0.0,12.60849
2024-11-04 05:12:00,0.0,12.59215
2024-11-04 05:13:00,0.0,12.60833
2024-11-04 05:14:00,0.0,12.60849
2024-11-04 05:15:00,0.0,12.60843
2024-11-04 05:16:00,0.0,12.60836
2024-11-04 05:17:00,0.0,12.60861
2024-11-04 05:18:00,0.0,12.60809
2024-11-04 05:19:00,0.0,12.60846
2024-11-04 05:20:00,0.0,12.60885
2024-11-04 05:21:00,0.0,12.60846
2024-11-04 05:22:00,0.0,12.60906
2024-11-04 05:23:00,0.0,12.60881
2024-11-04 05:24:00,0.0,12.60852
2024-11-04 05:25:00,0.0,12.60856
2024-11-04 05:26:00,0.0,12.60895
2024-11-04 05:27:00,0.0,12.60891
2024-11-04 05:28:00,0.0,12.60907
2024-11-04 05:29:00,0.0,12.60904
2024-11-04 05:30:00,0.0,12.60864
2024-11-04 05:31:00,0.0,12.59262
2024-11-04 05:32:00,0.0,12.60868
2024-11-04 05:33:00,0.0,12.59287
2024-11-04 05:34:00,0.0,12.60926
2024-11-04 05:35:00,0.0,12.59347
2024-11-04 05:36:00,0.0,12.609
2024-11-04 05:37:00,0.0,12.60789
2024-11-04 05:38:00,0.0,12.60809
2024-11-04 05:39:00,0.0,12.60909
2024-11-04 05:40:00,0.0,12.60883
2024-11-04 05:41:00,0.0,12.60899
2024-11-04 05:42:00,0.0,12.59257
2024-11-04 05:43:00,0.0,12.60875
2024-11-04 05:44:00,0.0,12.60876
2024-11-04 05:45:00,0.0,12.60911
2024-11-04 05:46:00,0.0,12.6091
2024-11-04 05:47:00,0.0,12.60939
2024-11-04 05:48:00,0.0,12.60916
2024-11-04 05:49:00,0.0,12.60898
2024-11-04 05:50:00,0.0,12.60936
2024-11-04 05:51:00,0.0,12.60901
2024-11-04 05:52:00,0.0,12.60942
2024-11-04 05:53:00,0.0,12.60931
2024-11-04 05:54:00,0.0,12.60883
2024-11-04 05:55:00,0.0,12.60846
2024-11-04 05:56:00,0.0,12.60943
2024-11-04 05:57:00,0.0,12.60911
2024-11-04 05:58:00,0.0,12.60846
2024-11-04 05:59:00,0.0,12.60946
2024-11-04 06:00:00,0.0,12.60956
2024-11-04 06:01:00,0.0,12.60941
2024-11-04 06:02:00,0.0,12.609
2024-11-04 06:03:00,0.0,12.5934
2024-11-04 06:04:00,0.0,12.60932
2024-11-04 06:05:00,0.0,12.59361
2024-11-04 06:06:00,0.0,12.60974
2024-11-04 06:07:00,0.0,12.60943
2024-11-04 06:08:00,0.0,12.60947
2024-11-04 06:09:00,0.0,12.60953
2024-11-04 06:10:00,0.0,12.60975
2024-11-04 06:11:00,0.0,12.60875
2024-11-04 06:12:00,0.0,12.61008
2024-11-04 06:13:00,0.0,12.60954
2024-11-04 06:14:00,0.0,12.61
2024-11-04 06:15:00,0.0,12.60997
2024-11-04 06:16:00,0.0,12.61001
2024-11-04 06:17:00,0.0,12.61029
2024-11-04 06:18:00,0.0,12.61023
2024-11-04 06:19:00,0.0,12.6097
2024-11-04 06:20:00,0.0,12.61022
2024-11-04 06:21:00,0.0,12.61068
2024-11-04 06:22:00,0.0,12.61045
2024-11-04 06:23:00,0.0,12.61052
2024-11-04 06:24:00,0.0,12.61054
2024-11-04 06:25:00,0.0,12.59287
2024-11-04 06:26:00,0.0,12.61032
2024-11-04 06:27:00,0.0,12.61057
2024-11-04 06:28:00,0.0,12.6099
2024-11-04 06:29:00,0.0,12.61072
2024-11-04 06:30:00,0.0,12.61063
2024-11-04 06:31:00,0.0,12.61079
2024-11-04 06:32:00,0.0,12.59359
2024-11-04 06:33:00,0.0,12.61053
2024-11-04 06:34:00,0.0,12.6106
2024-11-04 06:35:00,0.0,12.61065
2024-11-04 06:36:00,0.0,12.61084
2024-11-04 06:37:00,0.0,12.61086
2024-11-04 06:38:00,0.0,12.59457
2024-11-04 06:39:00,0.0,12.61085
2024-11-04 06:40:00,0.0,12.61095
2024-11-04 06:41:00,0.0,12.61092
2024-11-04 06:42:00,0.0,12.61131
2024-11-04 06:43:00,0.0,12.61133
2024-11-04 06:44:00,0.0,12.61116
2024-11-04 06:45:00,0.0,12.61121
2024-11-04 06:46:00,0.0,12.59515
2024-11-04 06:47:00,0.0,12.61158
2024-11-04 06:48:00,0.0,12.5952
2024-11-04 06:49:00,0.0,12.61128
2024-11-04 06:50:00,0.0,12.61104
2024-11-04 06:51:00,0.0,12.61066
2024-11-04 06:52:00,0.0,12.61142
2024-11-04 06:53:00,0.0,12.61131
2024-11-04 06:54:00,0.0,12.61124
2024-11-04 06:55:00,0.0,12.61167
2024-11-04 06:56:00,0.0,12.61125
2024-11-04 06:57:00,0.0,12.61151
2024-11-04 06:58:00,0.0,12.59546
2024-11-04 06:59:00,0.0,12.6118
2024-11-04 07:00:00,0.0,12.59545
2024-11-04 07:01:00,0.0,12.61168
2024-11-04 07:02:00,0.0,12.61122
2024-11-04 07:03:00,0.0,12.61155
2024-11-04 07:04:00,0.0,12.61161
2024-11-04 07:05:00,0.0,12.61182
2024-11-04 07:06:00,0.0,12.61162
2024-11-04 07:07:00,0.0,12.61195
2024-11-04 07:08:00,0.0,12.61122
2024-11-04 07:09:00,0.0,12.61151
2024-11-04 07:10:00,0.0,12.59581
2024-11-04 07:11:00,0.0,12.61206
2024-11-04 07:12:00,0.0,12.59625
2024-11-04 07:13:00,0.0,12.61236
2024-11-04 07:14:00,0.0,12.59542
2024-11-04 07:15:00,0.0,12.61132
2024-11-04 07:16:00,0.0,12.61168
2024-11-04 07:17:00,0.0,12.61205
2024-11-04 07:18:00,0.0,12.61189
2024-11-04 07:19:00,0.0,12.61201
2024-11-04 07:20:00,0.0,12.59601
2024-11-04 07:21:00,0.0,12.61197
2024-11-04 07:22:00,0.0,12.61214
2024-11-04 07:23:00,0.0,12.61216
2024-11-04 07:24:00,0.0,12.61241
2024-11-04 07:25:00,0.0,12.61274
2024-11-04 07:26:00,0.0,12.61258
2024-11-04 07:27:00,0.0,12.61233
2024-11-04 07:28:00,0.0,12.61227
2024-11-04 07:29:00,0.0,12.6103
2024-11-04 07:30:00,0.0,12.61258
2024-11-04 07:31:00,0.0,12.61282
2024-11-04 07:32:00,0.0,12.61276
2024-11-04 07:33:00,0.0,12.61231
2024-11-04 07:34:00,0.0,12.61251
2024-11-04 07:35:00,0.0,12.61272
2024-11-04 07:36:00,0.0,12.61284
2024-11-04 07:37:00,0.0,12.61277
2024-11-04 07:38:00,0.0,12.61298
2024-11-04 07:39:00,0.0,12.61256
2024-11-04 07:40:00,0.0,12.6129
2024-11-04 07:41:00,0.0,12.61273
2024-11-04 07:42:00,0.0,12.61328
2024-11-04 07:43:00,0.0,12.61351
2024-11-04 07:44:00,0.0,12.61347
2024-11-04 07:45:00,0.0,12.61311
2024-11-04 07:46:00,0.0,12.61318
2024-11-04 07:47:00,0.0,12.61294
2024-11-04 07:48:00,0.0,12.61348
2024-11-04 07:49:00,0.0,12.61366
2024-11-04 07:50:00,0.0,12.61374
2024-11-04 07:51:00,0.0,12.61225
2024-11-04 07:52:00,0.0,12.59726
2024-11-04 07:53:00,0.0,12.61392
2024-11-04 07:54:00,0.0,12.61213
2024-11-04 07:55:00,0.0,12.61368
2024-11-04 07:56:00,0.0,12.61395
2024-11-04 07:57:00,0.0,12.58143
2024-11-04 07:58:00,0.0,12.61349
2024-11-04 07:59:00,0.0,12.61372
2024-11-04 08:00:00,0.0,12.61394
2024-11-04 08:01:00,0.0,12.61418
2024-11-04 08:02:00,0.0,12.61431
2024-11-04 08:03:00,0.0,12.61424
2024-11-04 08:04:00,0.0,12.59753
2024-11-04 08:05:00,0.0,12.61397
2024-11-04 08:06:00,0.0,12.59832
2024-11-04 08:07:00,0.0,12.61422
2024-11-04 08:08:00,0.0,12.61206
2024-11-04 08:09:00,0.0,12.61438
2024-11-04 08:10:00,0.0,12.61406
2024-11-04 08:11:00,0.0,12.6138
2024-11-04 08:12:00,0.0,12.61398
2024-11-04 08:13:00,0.0,12.61452
2024-11-04 08:14:00,0.0,12.61415
2024-11-04 08:15:00,0.0,12.61432
2024-11-04 08:16:00,0.0,12.61412
2024-11-04 08:17:00,0.0,12.61452
2024-11-04 08:18:00,0.0,12.61428
2024-11-04 08:19:00,0.0,12.61449
2024-11-04 08:20:00,0.0,12.6146
2024-11-04 08:21:00,0.0,12.61461
2024-11-04 08:22:00,0.0,12.61435
2024-11-04 08:23:00,0.0,12.61441
2024-11-04 08:24:00,0.0,12.61465
2024-11-04 08:25:00,0.0,12.61455
2024-11-04 08:26:00,0.0,12.61415
2024-11-04 08:27:00,0.0,12.61472
2024-11-04 08:28:00,0.0,12.61462
2024-11-04 08:29:00,0.0,12.61453
2024-11-04 08:30:00,0.0,12.61481
2024-11-04 08:31:00,0.0,12.61487
2024-11-04 08:32:00,0.0,12.61502
2024-11-04 08:33:00,0.0,12.61524
2024-11-04 08:34:00,0.0,12.5984
2024-11-04 08:35:00,0.0,12.61492
2024-11-04 08:36:00,0.0,12.61547
2024-11-04 08:37:00,0.0,12.61553
2024-11-04 08:38:00,0.0,12.61564
2024-11-04 08:39:00,0.0,12.61557
2024-11-04 08:40:00,0.0,12.61445
2024-11-04 08:41:00,0.0,12.61545
2024-11-04 08:42:00,0.0,12.61564
2024-11-04 08:43:00,0.0,12.61561
2024-11-04 08:44:00,0.0,12.61555
2024-11-04 08:45:00,0.0,12.61553
2024-11-04 08:46:00,0.0,12.61543
2024-11-04 08:47:00,0.0,12.61496
2024-11-04 08:48:00,0.0,12.61529
2024-11-04 08:49:00,0.0,12.61546
2024-11-04 08:50:00,0.0,12.61553
2024-11-04 08:51:00,0.0,12.61564
2024-11-04 08:52:00,0.0,12.61548
2024-11-04 08:53:00,0.0,12.61553
2024-11-04 08:54:00,0.0,12.61485
2024-11-04 08:55:00,0.0,12.61507
2024-11-04 08:56:00,0.0,12.61535
2024-11-04 08:57:00,0.0,12.61562
2024-11-04 08:58:00,0.0,12.61553
2024-11-04 08:59:00,0.0,12.61535
2024-11-04 09:00:00,0.0,12.61568
2024-11-04 09:01:00,0.0,12.61559
2024-11-04 09:02:00,0.0,12.61558
2024-11-04 09:03:00,0.0,12.61634
2024-11-04 09:04:00,0.0,12.61596
2024-11-04 09:05:00,0.0,12.6158
2024-11-04 09:06:00,0.0,12.61607
2024-11-04 09:07:00,0.0,12.61652
2024-11-04 09:08:00,0.0,12.61608
2024-11-04 09:09:00,0.0,12.61613
2024-11-04 09:10:00,0.0,12.61631
2024-11-04 09:11:00,0.0,12.61593
2024-11-04 09:12:00,0.0,12.61609
2024-11-04 09:13:00,0.0,12.59986
2024-11-04 09:14:00,0.0,12.61618
2024-11-04 09:15:00,0.0,12.59985
2024-11-04 09:16:00,0.0,12.61633
2024-11-04 09:17:00,0.0,12.61579
2024-11-04 09:18:00,0.0,12.61634
2024-11-04 09:19:00,0.0,12.61646
2024-11-04 09:20:00,0.0,12.61664
2024-11-04 09:21:00,0.0,12.61685
2024-11-04 09:22:00,0.0,12.61677
2024-11-04 09:23:00,0.0,12.59986
2024-11-04 09:24:00,0.0,12.61674
2024-11-04 09:25:00,0.0,12.61681
2024-11-04 09:26:00,0.0,12.61697
2024-11-04 09:27:00,0.0,12.61675
2024-11-04 09:28:00,0.0,12.61715
2024-11-04 09:29:00,0.0,12.61686
2024-11-04 09:30:00,0.0,12.6004
2024-11-04 09:31:00,0.0,12.61703
2024-11-04 09:32:00,0.0,12.60069
2024-11-04 09:33:00,0.0,12.6172
2024-11-04 09:34:00,0.0,12.60143
2024-11-04 09:35:00,0.0,12.6174
2024-11-04 09:36:00,0.0,12.61727
2024-11-04 09:37:00,0.0,12.60119
2024-11-04 09:38:00,0.0,12.61743
2024-11-04 09:39:00,0.0,12.6008
2024-11-04 09:40:00,0.0,12.61741
2024-11-04 09:41:00,0.0,12.6017
2024-11-04 09:42:00,0.0,12.61729
2024-11-04 09:43:00,0.0,12.61749
2024-11-04 09:44:00,0.0,12.60142
2024-11-04 09:45:00,0.0,12.61789
2024-11-04 09:46:00,0.0,12.60152
2024-11-04 09:47:00,0.0,12.61667
2024-11-04 09:48:00,0.0,12.6177
2024-11-04 09:49:00,0.0,12.61789
2024-11-04 09:50:00,0.0,12.61786
2024-11-04 09:51:00,0.0,12.61789
2024-11-04 09:52:00,0.0,12.61804
2024-11-04 09:53:00,0.0,12.61817
2024-11-04 09:54:00,0.0,12.61811
2024-11-04 09:55:00,0.0,12.61753
2024-11-04 09:56:00,0.0,12.61761
2024-11-04 09:57:00,0.0,12.61755
2024-11-04 09:58:00,0.0,12.61803
2024-11-04 09:59:00,0.0,12.61788
2024-11-04 10:00:00,0.0,12.61763
2024-11-04 10:01:00,0.0,12.60128
2024-11-04 10:02:00,0.0,12.61784
2024-11-04 10:03:00,0.0,12.60179
2024-11-04 10:04:00,0.0,12.61807
2024-11-04 10:05:00,0.0,12.60207
2024-11-04 10:06:00,0.0,12.61762
2024-11-04 10:07:00,0.0,12.61784
2024-11-04 10:08:00,0.0,12.61795
2024-11-04 10:09:00,0.0,12.61829
2024-11-04 10:10:00,0.0,12.61811
2024-11-04 10:11:00,0.0,12.61816
2024-11-04 10:12:00,0.0,12.61755
2024-11-04 10:13:00,0.0,12.61773
2024-11-04 10:14:00,0.0,12.61803
2024-11-04 10:15:00,0.0,12.61811
2024-11-04 10:16:00,0.0,12.61828
2024-11-04 10:17:00,0.0,12.6182
2024-11-04 10:18:00,0.0,12.61845
2024-11-04 10:19:00,0.0,12.61756
2024-11-04 10:20:00,0.0,12.61811
2024-11-04 10:21:00,0.0,12.6173
2024-11-04 10:22:00,0.0,12.6022
2024-11-04 10:23:00,0.0,12.61852
2024-11-04 10:24:00,0.0,12.61852
2024-11-04 10:25:00,0.0,12.61902
2024-11-04 10:26:00,0.0,12.61847
2024-11-04 10:27:00,0.0,12.61862
2024-11-04 10:28:00,0.0,12.6186
2024-11-04 10:29:00,0.0,12.61919
2024-11-04 10:30:00,0.0,12.61852
2024-11-04 10:31:00,0.0,12.61859
2024-11-04 10:32:00,0.0,12.61861
2024-11-04 10:33:00,0.0,12.61887
2024-11-04 10:34:00,0.0,12.61907
2024-11-04 10:35:00,0.0,12.61918
2024-11-04 10:36:00,0.0,12.6192
2024-11-04 10:37:00,0.0,12.61859
2024-11-04 10:38:00,0.0,12.61883
2024-11-04 10:39:00,0.0,12.61896
2024-11-04 10:40:00,0.0,12.61909
2024-11-04 10:41:00,0.0,12.61907
2024-11-04 10:42:00,0.0,12.61918
2024-11-04 10:43:00,0.0,12.61881
2024-11-04 10:44:00,0.0,12.6191
2024-11-04 10:45:00,0.0,12.61909
2024-11-04 10:46:00,0.0,12.61941
2024-11-04 10:47:00,0.0,12.61918
2024-11-04 10:48:00,0.0,12.61946
2024-11-04 10:49:00,0.0,12.61685
2024-11-04 10:50:00,0.0,12.61975
2024-11-04 10:51:00,0.0,12.61941
2024-11-04 10:52:00,0.0,12.61971
2024-11-04 10:53:00,0.0,12.61967
2024-11-04 10:54:00,0.0,12.61989
2024-11-04 10:55:00,0.0,12.60272
2024-11-04 10:56:00,0.0,12.61991
2024-11-04 10:57:00,0.0,12.61967
2024-11-04 10:58:00,0.0,12.61987
2024-11-04 10:59:00,0.0,12.61986
2024-11-04 11:00:00,0.0,12.62015
2024-11-04 11:01:00,0.0,12.61989
2024-11-04 11:02:00,0.0,12.61951
2024-11-04 11:03:00,0.0,12.62017
2024-11-04 11:04:00,0.0,12.61996
2024-11-04 11:05:00,0.0,12.62026
2024-11-04 11:06:00,0.0,12.62018
2024-11-04 11:07:00,0.0,12.62058
2024-11-04 11:08:00,0.0,12.61796
2024-11-04 11:09:00,0.0,12.62037
2024-11-04 11:10:00,0.0,12.62044
2024-11-04 11:11:00,0.0,12.62064
2024-11-04 11:12:00,0.0,12.61969
2024-11-04 11:13:00,0.0,12.6196
2024-11-04 11:14:00,0.0,12.62048
2024-11-04 11:15:00,0.0,12.62055
2024-11-04 11:16:00,0.0,12.62072
2024-11-04 11:17:00,0.0,12.62077
2024-11-04 11:18:00,0.0,12.62095
2024-11-04 11:19:00,0.0,12.62105
2024-11-04 11:20:00,0.0,12.62061
2024-11-04 11:21:00,0.0,12.62098
2024-11-04 11:22:00,0.0,12.62107
2024-11-04 11:23:00,0.0,12.62121
2024-11-04 11:24:00,0.0,12.62121
2024-11-04 11:25:00,0.0,12.62143
2024-11-04 11:26:00,0.0,12.62165
2024-11-04 11:27:00,0.0,12.62162
2024-11-04 11:28:00,0.0,12.60522
2024-11-04 11:29:00,0.0,12.62146
2024-11-04 11:30:00,0.0,12.60564
2024-11-04 11:31:00,0.0,12.62169
2024-11-04 11:32:00,0.0,12.62137
2024-11-04 11:33:00,0.0,12.62149
2024-11-04 11:34:00,0.0,12.62172
2024-11-04 11:35:00,0.0,12.62196
2024-11-04 11:36:00,0.0,12.62181
2024-11-04 11:37:00,0.0,12.62207
2024-11-04 11:38:00,0.0,12.62168
2024-11-04 11:39:00,0.0,12.62213
2024-11-04 11:40:00,0.0,12.62212
2024-11-04 11:41:00,0.0,12.62241
2024-11-04 11:42:00,0.0,12.62242
2024-11-04 11:43:00,0.0,12.62257
2024-11-04 11:44:00,0.0,12.60617
2024-11-04 11:45:00,0.0,12.62196
2024-11-04 11:46:00,0.0,12.62135
2024-11-04 11:47:00,0.0,12.6226
2024-11-04 11:48:00,0.0,12.62257
2024-11-04 11:49:00,0.0,12.62283
2024-11-04 11:50:00,0.0,12.62297
2024-11-04 11:51:00,0.0,12.62255
2024-11-04 11:52:00,0.0,12.62263
2024-11-04 11:53:00,0.0,12.60703
2024-11-04 11:54:00,0.0,12.62241
2024-11-04 11:55:00,0.0,12.60647
2024-11-04 11:56:00,0.0,12.62287
2024-11-04 11:57:00,0.0,12.62273
2024-11-04 11:58:00,0.0,12.62132
2024-11-04 11:59:00,0.0,12.6042
2024-11-04 12:00:00,0.0,12.60379
2024-11-04 12:01:00,0.0,12.60423
2024-11-04 12:02:00,0.0,12.60447
2024-11-04 12:03:00,0.0,12.6218
2024-11-04 12:04:00,0.0,12.62003
2024-11-04 12:05:00,0.0,12.62259
2024-11-04 12:06:00,0.0,12.62078
2024-11-04 12:07:00,0.0,12.60546
2024-11-04 12:08:00,0.0,12.62088
2024-11-04 12:09:00,0.0,12.60335
2024-11-04 12:10:00,0.0,12.62143
2024-11-04 12:11:00,0.0,12.62217
2024-11-04 12:12:00,0.0,12.62098
2024-11-04 12:13:00,0.0,12.60371
2024-11-04 12:14:00,0.0,12.62045
2024-11-04 12:15:00,0.0,12.6217
2024-11-04 12:16:00,0.0,12.62195
2024-11-04 12:17:00,0.0,12.62237
2024-11-04 12:18:00,0.0,12.62277
2024-11-04 12:19:00,0.0,12.62263
2024-11-04 12:20:00,0.0,12.62217
2024-11-04 12:21:00,0.0,12.62324
2024-11-04 12:22:00,0.0,12.62187
2024-11-04 12:23:00,0.0,12.62239
2024-11-04 12:24:00,0.0,12.60732
2024-11-04 12:25:00,0.0,12.62364
2024-11-04 12:26:00,0.0,12.60716
2024-11-04 12:27:00,0.0,12.62381
2024-11-04 12:28:00,0.0,12.62414
2024-11-04 12:29:00,0.0,12.62448
2024-11-04 12:30:00,0.0,12.6246
2024-11-04 12:31:00,0.0,12.62439
2024-11-04 12:32:00,0.0,12.62376
2024-11-04 12:33:00,0.0,12.62449
2024-11-04 12:34:00,0.0,12.62455
2024-11-04 12:35:00,0.0,12.62477
2024-11-04 12:36:00,0.0,12.62485
2024-11-04 12:37:00,0.0,12.62492
2024-11-04 12:38:00,0.0,12.607
2024-11-04 12:39:00,0.0,12.62476
2024-11-04 12:40:00,0.0,12.625
2024-11-04 12:41:00,0.0,12.62578
2024-11-04 12:42:00,0.0,12.62553
2024-11-04 12:43:00,0.0,12.62574
2024-11-04 12:44:00,0.0,12.626
2024-11-04 12:45:00,0.0,12.62566
2024-11-04 12:46:00,0.0,12.62619
2024-11-04 12:47:00,0.0,12.6102
2024-11-04 12:48:00,0.0,12.62639
2024-11-04 12:49:00,0.0,12.6102
2024-11-04 12:50:00,0.0,12.62579
2024-11-04 12:51:00,0.0,12.62614
2024-11-04 12:52:00,0.0,12.62701
2024-11-04 12:53:00,0.0,12.62672
2024-11-04 12:54:00,0.0,12.62678
2024-11-04 12:55:00,0.0,12.62592
2024-11-04 12:56:00,0.0,12.62718
2024-11-04 12:57:00,0.0,12.62715
2024-11-04 12:58:00,0.0,12.62725
2024-11-04 12:59:00,0.0,12.62733
2024-11-04 13:00:00,0.0,12.62758
2024-11-04 13:01:00,0.0,12.62753
2024-11-04 13:02:00,0.0,12.62764
2024-11-04 13:03:00,0.0,12.62698
2024-11-04 13:04:00,0.0,12.62751
2024-11-04 13:05:00,0.0,12.62748
2024-11-04 13:06:00,0.0,12.62796
2024-11-04 13:07:00,0.0,12.62809
2024-11-04 13:08:00,0.0,12.62841
2024-11-04 13:09:00,0.0,12.61119
2024-11-04 13:10:00,0.0,12.62848
2024-11-04 13:11:00,0.0,12.61229
2024-11-04 13:12:00,0.0,12.62891
2024-11-04 13:13:00,0.0,12.61253
2024-11-04 13:14:00,0.0,12.62923
2024-11-04 13:15:00,0.0,12.61211
2024-11-04 13:16:00,0.0,12.62899
2024-11-04 13:17:00,0.0,12.629
2024-11-04 13:18:00,0.0,12.62948
2024-11-04 13:19:00,0.0,12.62933
2024-11-04 13:20:00,0.0,12.6296
2024-11-04 13:21:00,0.0,12.59707
2024-11-04 13:22:00,0.0,12.62912
2024-11-04 13:23:00,0.0,12.62954
2024-11-04 13:24:00,0.0,12.62969
2024-11-04 13:25:00,0.0,12.62973
2024-11-04 13:26:00,0.0,12.62949
2024-11-04 13:27:00,0.0,12.62986
2024-11-04 13:28:00,0.0,12.62929
2024-11-04 13:29:00,0.0,12.62937
2024-11-04 13:30:00,0.0,12.62926
2024-11-04 13:31:00,0.0,12.62955
2024-11-04 13:32:00,0.0,12.62958
2024-11-04 13:33:00,0.0,12.62978
2024-11-04 13:34:00,0.0,12.62948
2024-11-04 13:35:00,0.0,12.62915
2024-11-04 13:36:00,0.0,12.62987
2024-11-04 13:37:00,0.0,12.62933
2024-11-04 13:38:00,0.0,12.6294
2024-11-04 13:39:00,0.0,12.62937
2024-11-04 13:40:00,0.0,12.62887
2024-11-04 13:41:00,0.0,12.62888
2024-11-04 13:42:00,0.0,12.62904
2024-11-04 13:43:00,0.0,12.62946
2024-11-04 13:44:00,0.0,12.62927
2024-11-04 13:45:00,0.0,12.62924
2024-11-04 13:46:00,0.0,12.62833
2024-11-04 13:47:00,0.0,12.62873
2024-11-04 13:48:00,0.0,12.62874
2024-11-04 13:49:00,0.0,12.62874
2024-11-04 13:50:00,0.0,12.62865
2024-11-04 13:51:00,0.0,12.62902
2024-11-04 13:52:00,0.0,12.62805
2024-11-04 13:53:00,0.0,12.61227
2024-11-04 13:54:00,0.0,12.62838
2024-11-04 13:55:00,0.0,12.61252
2024-11-04 13:56:00,0.0,12.62896
2024-11-04 13:57:00,0.0,12.6282
2024-11-04 13:58:00,0.0,12.61215
2024-11-04 13:59:00,0.0,12.62829
2024-11-04 14:00:00,0.0,12.62846
2024-11-04 14:01:00,0.0,12.62848
2024-11-04 14:02:00,0.0,12.62847
2024-11-04 14:03:00,0.0,12.62844
2024-11-04 14:04:00,0.0,12.62801
2024-11-04 14:05:00,0.0,12.62825
2024-11-04 14:06:00,0.0,12.62873
2024-11-04 14:07:00,0.0,12.62841
2024-11-04 14:08:00,0.0,12.62867
2024-11-04 14:09:00,0.0,12.62868
2024-11-04 14:10:00,0.0,12.62809
2024-11-04 14:11:00,0.0,12.62799
2024-11-04 14:12:00,0.0,12.62803
2024-11-04 14:13:00,0.0,12.62837
2024-11-04 14:14:00,0.0,12.62832
2024-11-04 14:15:00,0.0,12.62843
2024-11-04 14:16:00,0.0,12.62851
2024-11-04 14:17:00,0.0,12.62852
2024-11-04 14:18:00,0.0,12.62843
2024-11-04 14:19:00,0.0,12.62881
2024-11-04 14:20:00,0.0,12.62841
2024-11-04 14:21:00,0.0,12.62806
2024-11-04 14:22:00,0.0,12.62864
2024-11-04 14:23:00,0.0,12.62817
2024-11-04 14:24:00,0.0,12.62795
2024-11-04 14:25:00,0.0,12.62804
2024-11-04 14:26:00,0.0,12.62821
2024-11-04 14:27:00,0.0,12.62808
2024-11-04 14:28:00,0.0,12.62805
2024-11-04 14:29:00,0.0,12.62745
2024-11-04 14:30:00,0.0,12.62787
2024-11-04 14:31:00,0.0,12.62789
2024-11-04 14:32:00,0.0,12.62794
2024-11-04 14:33:00,0.0,12.62797
2024-11-04 14:34:00,0.0,12.6279
2024-11-04 14:35:00,0.0,12.62716
2024-11-04 14:36:00,0.0,12.62728
2024-11-04 14:37:00,0.0,12.62711
2024-11-04 14:38:00,0.0,12.62727
2024-11-04 14:39:00,0.0,12.62727
2024-11-04 14:40:00,0.0,12.62726
2024-11-04 14:41:00,0.0,12.61026
2024-11-04 14:42:00,0.0,12.62699
2024-11-04 14:43:00,0.0,12.62719
2024-11-04 14:44:00,0.0,12.62713
2024-11-04 14:45:00,0.0,12.62712
2024-11-04 14:46:00,0.0,12.62709
2024-11-04 14:47:00,0.0,12.60963
2024-11-04 14:48:00,0.0,12.62686
2024-11-04 14:49:00,0.0,12.61055
2024-11-04 14:50:00,0.0,12.6267
2024-11-04 14:51:00,0.0,12.62673
2024-11-04 14:52:00,0.0,12.62679
2024-11-04 14:53:00,0.0,12.62574
2024-11-04 14:54:00,0.0,12.62372
2024-11-04 14:55:00,0.0,12.62582
2024-11-04 14:56:00,0.0,12.62394
2024-11-04 14:57:00,0.0,12.62635
2024-11-04 14:58:00,0.0,12.62441
2024-11-04 14:59:00,0.0,12.6263
2024-11-04 15:00:00,0.0,12.62608
2024-11-04 15:01:00,0.0,12.62595
2024-11-04 15:02:00,0.0,12.626
2024-11-04 15:03:00,0.0,12.62594
2024-11-04 15:04:00,0.0,12.62399
2024-11-04 15:05:00,0.0,12.62605
2024-11-04 15:06:00,0.0,12.62535
2024-11-04 15:07:00,0.0,12.60942
2024-11-04 15:08:00,0.0,12.6255
2024-11-04 15:09:00,0.0,12.60932
2024-11-04 15:10:00,0.0,12.6256
2024-11-04 15:11:00,0.0,12.60949
2024-11-04 15:12:00,0.0,12.62514
2024-11-04 15:13:00,0.0,12.62333
2024-11-04 15:14:00,0.0,12.62545
2024-11-04 15:15:00,0.0,12.60914
2024-11-04 15:16:00,0.0,12.62566
2024-11-04 15:17:00,0.0,12.62445
2024-11-04 15:18:00,0.0,12.62508
2024-11-04 15:19:00,0.0,12.62517
2024-11-04 15:20:00,0.0,12.62526
2024-11-04 15:21:00,0.0,12.62516
2024-11-04 15:22:00,0.0,12.62552
2024-11-04 15:23:00,0.0,12.62515
2024-11-04 15:24:00,0.0,12.60823
2024-11-04 15:25:00,0.0,12.62511
2024-11-04 15:26:00,0.0,12.6088
2024-11-04 15:27:00,0.0,12.62506
2024-11-04 15:28:00,0.0,12.60896
2024-11-04 15:29:00,0.0,12.62498
2024-11-04 15:30:00,0.0,12.6247
2024-11-04 15:31:00,0.0,12.6247
2024-11-04 15:32:00,0.0,12.60847
2024-11-04 15:33:00,0.0,12.62457
2024-11-04 15:34:00,0.0,12.6246
2024-11-04 15:35:00,0.0,12.62478
2024-11-04 15:36:00,0.0,12.62404
2024-11-04 15:37:00,0.0,12.62415
2024-11-04 15:38:00,0.0,12.62441
2024-11-04 15:39:00,0.0,12.62456
2024-11-04 15:40:00,0.0,12.6243
2024-11-04 15:41:00,0.0,12.62438
2024-11-04 15:42:00,0.0,12.6243
2024-11-04 15:43:00,0.0,12.62411
2024-11-04 15:44:00,0.0,12.62404
2024-11-04 15:45:00,0.0,12.62404
2024-11-04 15:46:00,0.0,12.62398
2024-11-04 15:47:00,0.0,12.62372
2024-11-04 15:48:00,0.0,12.62381
2024-11-04 15:49:00,0.0,12.62329
2024-11-04 15:50:00,0.0,12.62351
2024-11-04 15:51:00,0.0,12.62117
2024-11-04 15:52:00,0.0,12.62317
2024-11-04 15:53:00,0.0,12.62126
2024-11-04 15:54:00,0.0,12.62345
2024-11-04 15:55:00,0.0,12.62261
2024-11-04 15:56:00,0.0,12.62304
2024-11-04 15:57:00,0.0,12.62319
2024-11-04 15:58:00,0.0,12.62322
2024-11-04 15:59:00,0.0,12.623
2024-11-04 16:00:00,0.0,12.62314
2024-11-04 16:01:00,0.0,12.62129
2024-11-04 16:02:00,0.0,12.62308
2024-11-04 16:03:00,0.0,12.6229
2024-11-04 16:04:00,0.0,12.62276
2024-11-04 16:05:00,0.0,12.62273
2024-11-04 16:06:00,0.0,12.6227
2024-11-04 16:07:00,0.0,12.62219
2024-11-04 16:08:00,0.0,12.62237
2024-11-04 16:09:00,0.0,12.62259
2024-11-04 16:10:00,0.0,12.62248
2024-11-04 16:11:00,0.0,12.62265
2024-11-04 16:12:00,0.0,12.62264
2024-11-04 16:13:00,0.0,12.62205
2024-11-04 16:14:00,0.0,12.62228
2024-11-04 16:15:00,0.0,12.62234
2024-11-04 16:16:00,0.0,12.62259
2024-11-04 16:17:00,0.0,12.62213
2024-11-04 16:18:00,0.0,12.6222
2024-11-04 16:19:00,0.0,12.62178
2024-11-04 16:20:00,0.0,12.62242
2024-11-04 16:21:00,0.0,12.60642
2024-11-04 16:22:00,0.0,12.62249
2024-11-04 16:23:00,0.0,12.60652
2024-11-04 16:24:00,0.0,12.62242
2024-11-04 16:25:00,0.0,12.60513
2024-11-04 16:26:00,0.0,12.62203
2024-11-04 16:27:00,0.0,12.6221
2024-11-04 16:28:00,0.0,12.62218
2024-11-04 16:29:00,0.0,12.62211
2024-11-04 16:30:00,0.0,12.62212
2024-11-04 16:31:00,0.0,12.62227
2024-11-04 16:32:00,0.0,12.60574
2024-11-04 16:33:00,0.0,12.62094
2024-11-04 16:34:00,0.0,12.60575
2024-11-04 16:35:00,0.0,12.62229
2024-11-04 16:36:00,0.0,12.60605
2024-11-04 16:37:00,0.0,12.62214
2024-11-04 16:38:00,0.0,12.62166
2024-11-04 16:39:00,0.0,12.62178
2024-11-04 16:40:00,0.0,12.62178
2024-11-04 16:41:00,0.0,12.62196
2024-11-04 16:42:00,0.0,12.62211
2024-11-04 16:43:00,0.0,12.62193
2024-11-04 16:44:00,0.0,12.62116
2024-11-04 16:45:00,0.0,12.62141
2024-11-04 16:46:00,0.0,12.62136
2024-11-04 16:47:00,0.0,12.62152
2024-11-04 16:48:00,0.0,12.62163
2024-11-04 16:49:00,0.0,12.62195
2024-11-04 16:50:00,0.0,12.62106
2024-11-04 16:51:00,0.0,12.62126
2024-11-04 16:52:00,0.0,12.62184
2024-11-04 16:53:00,0.0,12.62152
2024-11-04 16:54:00,0.0,12.62165
2024-11-04 16:55:00,0.0,12.62149
2024-11-04 16:56:00,0.0,12.62122
2024-11-04 16:57:00,0.0,12.62142
2024-11-04 16:58:00,0.0,12.6217
2024-11-04 16:59:00,0.0,12.62153
2024-11-04 17:00:00,0.0,12.62199
2024-11-04 17:01:00,0.0,12.62153
2024-11-04 17:02:00,0.0,12.60447
2024-11-04 17:03:00,0.0,12.6213
2024-11-04 17:04:00,0.0,12.60568
2024-11-04 17:05:00,0.0,12.62136
2024-11-04 17:06:00,0.0,12.60559
2024-11-04 17:07:00,0.0,12.62167
2024-11-04 17:08:00,0.0,12.58925
2024-11-04 17:09:00,0.0,12.62125
2024-11-04 17:10:00,0.0,12.62035
2024-11-04 17:11:00,0.0,12.62135
2024-11-04 17:12:00,0.0,12.6213
2024-11-04 17:13:00,0.0,12.62157
2024-11-04 17:14:00,0.0,12.62129
2024-11-04 17:15:00,0.0,12.62113
2024-11-04 17:16:00,0.0,12.62128
2024-11-04 17:17:00,0.0,12.62133
2024-11-04 17:18:00,0.0,12.62117
2024-11-04 17:19:00,0.0,12.62142
2024-11-04 17:20:00,0.0,12.62123
2024-11-04 17:21:00,0.0,12.62073
2024-11-04 17:22:00,0.0,12.621
2024-11-04 17:23:00,0.0,12.62107
2024-11-04 17:24:00,0.0,12.62112
2024-11-04 17:25:00,0.0,12.62119
2024-11-04 17:26:00,0.0,12.62099
2024-11-04 17:27:00,0.0,12.62087
2024-11-04 17:28:00,0.0,12.62069
2024-11-04 17:29:00,0.0,12.62118
2024-11-04 17:30:00,0.0,12.62089
2024-11-04 17:31:00,0.0,12.62089
2024-11-04 17:32:00,0.0,12.62075
2024-11-04 17:33:00,0.0,12.62024
2024-11-04 17:34:00,0.0,12.62043
2024-11-04 17:35:00,0.0,12.62073
2024-11-04 17:36:00,0.0,12.62048
2024-11-04 17:37:00,0.0,12.62098
2024-11-04 17:38:00,0.0,12.62072
2024-11-04 17:39:00,0.0,12.61979
2024-11-04 17:40:00,0.0,12.61932
2024-11-04 17:41:00,0.0,12.61953
2024-11-04 17:42:00,0.0,12.62054
2024-11-04 17:43:00,0.0,12.62049
2024-11-04 17:44:00,0.0,12.62066
2024-11-04 17:45:00,0.0,12.61951
2024-11-04 17:46:00,0.0,12.6204
2024-11-04 17:47:00,0.0,12.62061
2024-11-04 17:48:00,0.0,12.62045
2024-11-04 17:49:00,0.0,12.62028
2024-11-04 17:50:00,0.0,12.62046
2024-11-04 17:51:00,0.0,12.60327
2024-11-04 17:52:00,0.0,12.62012
2024-11-04 17:53:00,0.0,12.60398
2024-11-04 17:54:00,0.0,12.61977
2024-11-04 17:55:00,0.0,12.60359
2024-11-04 17:56:00,0.0,12.61945
2024-11-04 17:57:00,0.0,12.60381
2024-11-04 17:58:00,0.0,12.61989
2024-11-04 17:59:00,0.0,12.62015
2024-11-04 18:00:00,0.0,12.61982
2024-11-04 18:01:00,0.0,12.61969
2024-11-04 18:02:00,0.0,12.61997
2024-11-04 18:03:00,0.0,12.6198
2024-11-04 18:04:00,0.0,12.61937
2024-11-04 18:05:00,0.0,12.61952
2024-11-04 18:06:00,0.0,12.61965
2024-11-04 18:07:00,0.0,12.61961
2024-11-04 18:08:00,0.0,12.61986
2024-11-04 18:09:00,0.0,12.61375
2024-11-04 18:10:00,0.0,12.61707
2024-11-04 18:11:00,0.0,12.61931
2024-11-04 18:12:00,0.0,12.60365
2024-11-04 18:13:00,0.0,12.61976
2024-11-04 18:14:00,0.0,12.60367
2024-11-04 18:15:00,0.0,12.61972
2024-11-04 18:16:00,0.0,12.61909
2024-11-04 18:17:00,0.0,12.61955
2024-11-04 18:18:00,0.0,12.61925
2024-11-04 18:19:00,0.0,12.61958
2024-11-04 18:20:00,0.0,12.61911
2024-11-04 18:21:00,0.0,12.61953
2024-11-04 18:22:00,0.0,12.61836
2024-11-04 18:23:00,0.0,12.61904
2024-11-04 18:24:00,0.0,12.61897
2024-11-04 18:25:00,0.0,12.61873
2024-11-04 18:26:00,0.0,12.61847
2024-11-04 18:27:00,0.0,12.61905
2024-11-04 18:28:00,0.0,12.61816
2024-11-04 18:29:00,0.0,12.61863
2024-11-04 18:30:00,0.0,12.61874
2024-11-04 18:31:00,0.0,12.61893
2024-11-04 18:32:00,0.0,12.6189
2024-11-04 18:33:00,0.0,12.61763
2024-11-04 18:34:00,0.0,12.6019
2024-11-04 18:35:00,0.0,12.61876
2024-11-04 18:36:00,0.0,12.61849
2024-11-04 18:37:00,0.0,12.61856
2024-11-04 18:38:00,0.0,12.61846
2024-11-04 18:39:00,0.0,12.61651
2024-11-04 18:40:00,0.0,12.58773
2024-11-04 18:41:00,0.0,12.61773
2024-11-04 18:42:00,0.0,12.61827
2024-11-04 18:43:00,0.0,12.61799
2024-11-04 18:44:00,0.0,12.60224
2024-11-04 18:45:00,0.0,12.61811
2024-11-04 18:46:00,0.0,12.61811
2024-11-04 18:47:00,0.0,12.6019
2024-11-04 18:48:00,0.0,12.61784
2024-11-04 18:49:00,0.0,12.6021
2024-11-04 18:50:00,0.0,12.61797
2024-11-04 18:51:00,0.0,12.61806
2024-11-04 18:52:00,0.0,12.61795
2024-11-04 18:53:00,0.0,12.61749
2024-11-04 18:54:00,0.0,12.61748
2024-11-04 18:55:00,0.0,12.61786
2024-11-04 18:56:00,0.0,12.6175
2024-11-04 18:57:00,0.0,12.61761
2024-11-04 18:58:00,0.0,12.61755
2024-11-04 18:59:00,0.0,12.61707
2024-11-04 19:00:00,0.0,12.60149
2024-11-04 19:01:00,0.0,12.61723
2024-11-04 19:02:00,0.0,12.60131
2024-11-04 19:03:00,0.0,12.6173
2024-11-04 19:04:00,0.0,12.61725
2024-11-04 19:05:00,0.0,12.61677
2024-11-04 19:06:00,0.0,12.60105
2024-11-04 19:07:00,0.0,12.6171
2024-11-04 19:08:00,0.0,12.61699
2024-11-04 19:09:00,0.0,12.61739
2024-11-04 19:10:00,0.0,12.61698
2024-11-04 19:11:00,0.0,12.59973
2024-11-04 19:12:00,0.0,12.6169
2024-11-04 19:13:00,0.0,12.61699
2024-11-04 19:14:00,0.0,12.61706
2024-11-04 19:15:00,0.0,12.61685
2024-11-04 19:16:00,0.0,12.61697
2024-11-04 19:17:00,0.0,12.61616
2024-11-04 19:18:00,0.0,12.61664
2024-11-04 19:19:00,0.0,12.6009
2024-11-04 19:20:00,0.0,12.61672
2024-11-04 19:21:00,0.0,12.61656
2024-11-04 19:22:00,0.0,12.61658
2024-11-04 19:23:00,0.0,12.61593
2024-11-04 19:24:00,0.0,12.60045
2024-11-04 19:25:00,0.0,12.61638
2024-11-04 19:26:00,0.0,12.60078
2024-11-04 19:27:00,0.0,12.61654
2024-11-04 19:28:00,0.0,12.60057
2024-11-04 19:29:00,0.0,12.61656
2024-11-04 19:30:00,0.0,12.61616
2024-11-04 19:31:00,0.0,12.61641
2024-11-04 19:32:00,0.0,12.61624
2024-11-04 19:33:00,0.0,12.61432
2024-11-04 19:34:00,0.0,12.61622
2024-11-04 19:35:00,0.0,12.60033
2024-11-04 19:36:00,0.0,12.61607
2024-11-04 19:37:00,0.0,12.61574
2024-11-04 19:38:00,0.0,12.61582
2024-11-04 19:39:00,0.0,12.61565
2024-11-04 19:40:00,0.0,12.61576
2024-11-04 19:41:00,0.0,12.61576
2024-11-04 19:42:00,0.0,12.61528
2024-11-04 19:43:00,0.0,12.61536
2024-11-04 19:44:00,0.0,12.61563
2024-11-04 19:45:00,0.0,12.61556
2024-11-04 19:46:00,0.0,12.61568
2024-11-04 19:47:00,0.0,12.61548
2024-11-04 19:48:00,0.0,12.61488
2024-11-04 19:49:00,0.0,12.61529
2024-11-04 19:50:00,0.0,12.61524
2024-11-04 19:51:00,0.0,12.61526
2024-11-04 19:52:00,0.0,12.61517
2024-11-04 19:53:00,0.0,12.6152
2024-11-04 19:54:00,0.0,12.59791
2024-11-04 19:55:00,0.0,12.61495
2024-11-04 19:56:00,0.0,12.61496
2024-11-04 19:57:00,0.0,12.61534
2024-11-04 19:58:00,0.0,12.6151
2024-11-04 19:59:00,0.0,12.61488
2024-11-04 20:00:00,0.0,12.61433
2024-11-04 20:01:00,0.0,12.61457
2024-11-04 20:02:00,0.0,12.61473
2024-11-04 20:03:00,0.0,12.61492
2024-11-04 20:04:00,0.0,12.61516
2024-11-04 20:05:00,0.0,12.61498
2024-11-04 20:06:00,0.0,12.59781
2024-11-04 20:07:00,0.0,12.61463
2024-11-04 20:08:00,0.0,12.61497
2024-11-04 20:09:00,0.05000305,12.61488
2024-11-04 20:10:00,0.0,12.61471
2024-11-04 20:11:00,0.0,12.615
2024-11-04 20:12:00,0.0,12.59888
2024-11-04 20:13:00,0.0,12.61422
2024-11-04 20:14:00,0.0,12.61464
2024-11-04 20:15:00,0.0,12.61441
2024-11-04 20:16:00,0.0,12.61445
2024-11-04 20:17:00,0.0,12.61441
2024-11-04 20:18:00,0.0,12.61431
2024-11-04 20:19:00,0.0,12.61374
2024-11-04 20:20:00,0.0,12.61417
2024-11-04 20:21:00,0.0,12.61416
2024-11-04 20:22:00,0.0,12.61442
2024-11-04 20:23:00,0.0,12.59835
2024-11-04 20:24:00,0.0,12.61428
2024-11-04 20:25:00,0.0,12.61365
2024-11-04 20:26:00,0.0,12.59779
2024-11-04 20:27:00,0.0,12.61407
2024-11-04 20:28:00,0.0,12.61359
2024-11-04 20:29:00,0.0,12.614
2024-11-04 20:30:00,0.0,12.6138
2024-11-04 20:31:00,0.0,12.61316
2024-11-04 20:32:00,0.0,12.6132
2024-11-04 20:33:00,0.0,12.61295
2024-11-04 20:34:00,0.0,12.6135
2024-11-04 20:35:00,0.0,12.6134
2024-11-04 20:36:00,0.0,12.61352
2024-11-04 20:37:00,0.0,12.61284
2024-11-04 20:38:00,0.0,12.61357
2024-11-04 20:39:00,0.0,12.61311
2024-11-04 20:40:00,0.0,12.61325
2024-11-04 20:41:00,0.0,12.61147
2024-11-04 20:42:00,0.0,12.61322
2024-11-04 20:43:00,0.0,12.61261
2024-11-04 20:44:00,0.0,12.59669
2024-11-04 20:45:00,0.0,12.6127
2024-11-04 20:46:00,0.0,12.61264
2024-11-04 20:47:00,0.0,12.61288
2024-11-04 20:48:00,0.0,12.61178
2024-11-04 20:49:00,0.0,12.61183
2024-11-04 20:50:00,0.0,12.61271
2024-11-04 20:51:00,0.0,12.61292
2024-11-04 20:52:00,0.0,12.61263
2024-11-04 20:53:00,0.0,12.61253
2024-11-04 20:54:00,0.0,12.61222
2024-11-04 20:55:00,0.0,12.59487
2024-11-04 20:56:00,0.0,12.61168
2024-11-04 20:57:00,0.0,12.61226
2024-11-04 20:58:00,0.0,12.61216
2024-11-04 20:59:00,0.0,12.61224
2024-11-04 21:00:00,0.0,12.61237
2024-11-04 21:01:00,0.0,12.61234
2024-11-04 21:02:00,0.0,12.61202
2024-11-04 21:03:00,0.0,12.612
2024-11-04 21:04:00,0.0,12.61229
2024-11-04 21:05:00,0.0,12.61225
2024-11-04 21:06:00,0.0,12.61217
2024-11-04 21:07:00,0.0,12.61149
2024-11-04 21:08:00,0.0,12.61173
2024-11-04 21:09:00,0.0,12.61221
2024-11-04 21:10:00,0.0,12.61207
2024-11-04 21:11:00,0.0,12.61209
2024-11-04 21:12:00,0.0,12.61205
2024-11-04 21:13:00,0.0,12.61189
2024-11-04 21:14:00,0.0,12.61141
2024-11-04 21:15:00,0.0,12.61188
2024-11-04 21:16:00,0.0,12.6121
2024-11-04 21:17:00,0.0,12.61189
2024-11-04 21:18:00,0.0,12.61203
2024-11-04 21:19:00,0.0,12.61168
2024-11-04 21:20:00,0.0,12.61121
2024-11-04 21:21:00,0.0,12.61164
2024-11-04 21:22:00,0.0,12.61145
2024-11-04 21:23:00,0.0,12.61158
2024-11-04 21:24:00,0.0,12.61164
2024-11-04 21:25:00,0.0,12.61161
2024-11-04 21:26:00,0.0,12.61114
2024-11-04 21:27:00,0.0,12.61125
2024-11-04 21:28:00,0.0,12.61129
2024-11-04 21:29:00,0.0,12.61151
2024-11-04 21:30:00,0.0,12.61138
2024-11-04 21:31:00,0.0,12.61162
2024-11-04 21:32:00,0.0,12.61069
2024-11-04 21:33:00,0.0,12.6111
2024-11-04 21:34:00,0.0,12.611
2024-11-04 21:35:00,0.0,12.61134
2024-11-04 21:36:00,0.0,12.61116
2024-11-04 21:37:00,0.0,12.61129
2024-11-04 21:38:00,0.0,12.61013
2024-11-04 21:39:00,0.0,12.61084
2024-11-04 21:40:00,0.0,12.61094
2024-11-04 21:41:00,0.0,12.61133
2024-11-04 21:42:00,0.0,12.61107
2024-11-04 21:43:00,0.0,12.61098
2024-11-04 21:44:00,0.0,12.611
2024-11-04 21:45:00,0.0,12.61044
2024-11-04 21:46:00,0.0,12.61071
2024-11-04 21:47:00,0.0,12.61076
2024-11-04 21:48:00,0.0,12.61086
2024-11-04 21:49:00,0.0,12.61074
2024-11-04 21:50:00,0.0,12.61081
2024-11-04 21:51:00,0.0,12.6083
2024-11-04 21:52:00,0.0,12.61052
2024-11-04 21:53:00,0.0,12.59472
2024-11-04 21:54:00,0.0,12.61067
2024-11-04 21:55:00,0.0,12.59464
2024-11-04 21:56:00,0.0,12.60974
2024-11-04 21:57:00,0.0,12.61041
2024-11-04 21:58:00,0.0,12.59452
2024-11-04 21:59:00,0.0,12.61042
2024-11-04 22:00:00,0.0,12.61034
2024-11-04 22:01:00,0.0,12.61068
2024-11-04 22:02:00,0.0,12.61058
2024-11-04 22:03:00,0.0,12.61013
2024-11-04 22:04:00,0.0,12.61061
2024-11-04 22:05:00,0.0,12.61035
2024-11-04 22:06:00,0.0,12.61074
2024-11-04 22:07:00,0.0,12.61064
2024-11-04 22:08:00,0.0,12.61092
2024-11-04 22:09:00,0.0,12.59432
2024-11-04 22:10:00,0.0,12.61035
2024-11-04 22:11:00,0.0,12.59423
2024-11-04 22:12:00,0.0,12.61054
2024-11-04 22:13:00,0.0,12.5944
2024-11-04 22:14:00,0.0,12.61062
2024-11-04 22:15:00,0.0,12.61011
2024-11-04 22:16:00,0.0,12.61008
2024-11-04 22:17:00,0.0,12.61042
2024-11-04 22:18:00,0.0,12.61041
2024-11-04 22:19:00,0.0,12.6104
2024-11-04 22:20:00,0.0,12.61054
2024-11-04 22:21:00,0.0,12.60953
2024-11-04 22:22:00,0.0,12.6102
2024-11-04 22:23:00,0.0,12.61008
2024-11-04 22:24:00,0.0,12.61032
2024-11-04 22:25:00,0.0,12.61033
2024-11-04 22:26:00,0.0,12.61035
2024-11-04 22:27:00,0.0,12.57846
2024-11-04 22:28:00,0.0,12.60996
2024-11-04 22:29:00,0.0,12.594
2024-11-04 22:30:00,0.0,12.6091
2024-11-04 22:31:00,0.0,12.60969
2024-11-04 22:32:00,0.0,12.6091
2024-11-04 22:33:00,0.0,12.60956
2024-11-04 22:34:00,0.0,12.60982
2024-11-04 22:35:00,0.0,12.61014
2024-11-04 22:36:00,0.0,12.60903
2024-11-04 22:37:00,0.0,12.60995
2024-11-04 22:38:00,0.0,12.61007
2024-11-04 22:39:00,0.0,12.60995
2024-11-04 22:40:00,0.0,12.60931
2024-11-04 22:41:00,0.0,12.60942
2024-11-04 22:42:00,0.0,12.60979
2024-11-04 22:43:00,0.0,12.60981
2024-11-04 22:44:00,0.0,12.61035
2024-11-04 22:45:00,0.0,12.60972
2024-11-04 22:46:00,0.0,12.60917
2024-11-04 22:47:00,0.0,12.60953
2024-11-04 22:48:00,0.0,12.60854
2024-11-04 22:49:00,0.0,12.60942
2024-11-04 22:50:00,0.0,12.60971
2024-11-04 22:51:00,0.0,12.60742
2024-11-04 22:52:00,0.0,12.60931
2024-11-04 22:53:00,0.0,12.60937
2024-11-04 22:54:00,0.0,12.60794
2024-11-04 22:55:00,0.0,12.60966
2024-11-04 22:56:00,0.0,12.59345
2024-11-04 22:57:00,0.0,12.60941
2024-11-04 22:58:00,0.0,12.609
2024-11-04 22:59:00,0.0,12.60921
2024-11-04 23:00:00,0.0,12.6092
2024-11-04 23:01:00,0.0,12.60942
2024-11-04 23:02:00,0.0,12.60939
2024-11-04 23:03:00,0.0,12.60948
2024-11-04 23:04:00,0.0,12.60869
2024-11-04 23:05:00,0.0,12.60792
2024-11-04 23:06:00,0.0,12.60908
2024-11-04 23:07:00,0.0,12.60932
2024-11-04 23:08:00,0.0,12.60934
2024-11-04 23:09:00,0.0,12.60924
2024-11-04 23:10:00,0.0,12.5925
2024-11-04 23:11:00,0.0,12.60889
2024-11-04 23:12:00,0.0,12.60917
2024-11-04 23:13:00,0.0,12.60916
2024-11-04 23:14:00,0.0,12.60905
2024-11-04 23:15:00,0.0,12.609
2024-11-04 23:16:00,0.0,12.60908
2024-11-04 23:17:00,0.0,12.60846
2024-11-04 23:18:00,0.0,12.60886
2024-11-04 23:19:00,0.0,12.60864
2024-11-04 23:20:00,0.0,12.60908
2024-11-04 23:21:00,0.0,12.6088
2024-11-04 23:22:00,0.0,12.60876
2024-11-04 23:23:00,0.0,12.60833
2024-11-04 23:24:00,0.0,12.60853
2024-11-04 23:25:00,0.0,12.60869
2024-11-04 23:26:00,0.0,12.60881
2024-11-04 23:27:00,0.0,12.60845
2024-11-04 23:28:00,0.0,12.60853
2024-11-04 23:29:00,0.0,12.59219
2024-11-04 23:30:00,0.0,12.6084
2024-11-04 23:31:00,0.0,12.60831
2024-11-04 23:32:00,0.0,12.60869
2024-11-04 23:33:00,0.0,12.60828
2024-11-04 23:34:00,0.0,12.60848
2024-11-04 23:35:00,0.0,12.60807
2024-11-04 23:36:00,0.0,12.60836
2024-11-04 23:37:00,0.0,12.60832
2024-11-04 23:38:00,0.0,12.6065
2024-11-04 23:39:00,0.0,12.60857
2024-11-04 23:40:00,0.0,12.59235
2024-11-04 23:41:00,0.0,12.60805
2024-11-04 23:42:00,0.0,12.6081
2024-11-04 23:43:00,0.0,12.60839
2024-11-04 23:44:00,0.0,12.60836
2024-11-04 23:45:00,0.0,12.60865
2024-11-04 23:46:00,0.0,12.60842
2024-11-04 23:47:00,0.0,12.60777
2024-11-04 23:48:00,0.0,12.60797
2024-11-04 23:49:00,0.0,12.60827
2024-11-04 23:50:00,0.0,12.60834
2024-11-04 23:51:00,0.0,12.60835
2024-11-04 23:52:00,0.0,12.6084
2024-11-04 23:53:00,0.0,12.60738
2024-11-04 23:54:00,0.0,12.60757
2024-11-04 23:55:00,0.0,12.59143
2024-11-04 23:56:00,0.0,12.60807
2024-11-04 23:57:00,0.0,12.60759
2024-11-04 23:58:00,0.0,12.60782
2024-11-04 23:59:00,0.0,12.60769
2024-11-05 00:00:00,0.0,12.60751
2024-11-05 00:01:00,0.0,12.60745
2024-11-05 00:02:00,0.0,12.60754
2024-11-05 00:03:00,0.0,12.60796
2024-11-05 00:04:00,0.0,12.60778
2024-11-05 00:05:00,0.0,12.60728
2024-11-05 00:06:00,0.0,12.60728
2024-11-05 00:07:00,0.0,12.60748
2024-11-05 00:08:00,0.0,12.6075
2024-11-05 00:09:00,0.0,12.60751
2024-11-05 00:10:00,0.0,12.60761
2024-11-05 00:11:00,0.0,12.60753
2024-11-05 00:12:00,0.0,12.59137
2024-11-05 00:13:00,0.0,12.60773
2024-11-05 00:14:00,0.0,12.60747
2024-11-05 00:15:00,0.0,12.60736
2024-11-05 00:16:00,0.0,12.60725
2024-11-05 00:17:00,0.0,12.60742
2024-11-05 00:18:00,0.0,12.60703
2024-11-05 00:19:00,0.05000305,12.60723
2024-11-05 00:20:00,0.0,12.60727
2024-11-05 00:21:00,0.0,12.59185
2024-11-05 00:22:00,0.0,12.60727
2024-11-05 00:23:00,0.0,12.59137
2024-11-05 00:24:00,0.0,12.60642
2024-11-05 00:25:00,0.0,12.60686
2024-11-05 00:26:00,0.0,12.60704
2024-11-05 00:27:00,0.0,12.60499
2024-11-05 00:28:00,0.0,12.60733
2024-11-05 00:29:00,0.0,12.59116
2024-11-05 00:30:00,0.0,12.60584
2024-11-05 00:31:00,0.0,12.60683
2024-11-05 00:32:00,0.0,12.60711
2024-11-05 00:33:00,0.0,12.607
2024-11-05 00:34:00,0.0,12.60704
2024-11-05 00:35:00,0.0,12.60694
2024-11-05 00:36:00,0.0,12.60634
2024-11-05 00:37:00,0.0,12.6066
2024-11-05 00:38:00,0.0,12.60716
2024-11-05 00:39:00,0.0,12.60685
2024-11-05 00:40:00,0.0,12.60682
2024-11-05 00:41:00,0.0,12.6046
2024-11-05 00:42:00,0.0,12.58985
2024-11-05 00:43:00,0.0,12.59054
2024-11-05 00:44:00,0.0,12.60664
2024-11-05 00:45:00,0.0,12.60633
2024-11-05 00:46:00,0.0,12.60674
2024-11-05 00:47:00,0.0,12.6062
2024-11-05 00:48:00,0.0,12.60514
2024-11-05 00:49:00,0.0,12.59026
2024-11-05 00:50:00,0.0,12.60643
2024-11-05 00:51:00,0.0,12.60634
2024-11-05 00:52:00,0.0,12.6065
2024-11-05 00:53:00,0.0,12.60595
2024-11-05 00:54:00,0.0,12.6063
2024-11-05 00:55:00,0.0,12.60579
2024-11-05 00:56:00,0.0,12.60594
2024-11-05 00:57:00,0.0,12.60621
2024-11-05 00:58:00,0.0,12.60613
2024-11-05 00:59:00,0.0,12.6063
2024-11-05 01:00:00,0.0,12.60617
2024-11-05 01:01:00,0.0,12.60596
2024-11-05 01:02:00,0.0,12.60593
2024-11-05 01:03:00,0.0,12.60601
2024-11-05 01:04:00,0.0,12.60605
2024-11-05 01:05:00,0.0,12.6062
2024-11-05 01:06:00,0.0,12.60612
2024-11-05 01:07:00,0.0,12.60519
2024-11-05 01:08:00,0.0,12.60578
2024-11-05 01:09:00,0.0,12.60567
2024-11-05 01:10:00,0.0,12.60625
2024-11-05 01:11:00,0.0,12.60602
2024-11-05 01:12:00,0.0,12.59007
2024-11-05 01:13:00,0.0,12.60552
2024-11-05 01:14:00,0.0,12.60591
2024-11-05 01:15:00,0.0,12.60573
2024-11-05 01:16:00,0.0,12.60563
2024-11-05 01:17:00,0.0,12.60577
2024-11-05 01:18:00,0.0,12.60582
2024-11-05 01:19:00,0.0,12.58918
2024-11-05 01:20:00,0.0,12.58948
2024-11-05 01:21:00,0.0,12.60553
2024-11-05 01:22:00,0.0,12.58984
2024-11-05 01:23:00,0.0,12.60554
2024-11-05 01:24:00,0.0,12.60541
2024-11-05 01:25:00,0.0,12.58835
2024-11-05 01:26:00,0.0,12.60515
2024-11-05 01:27:00,0.0,12.60524
2024-11-05 01:28:00,0.0,12.60531
2024-11-05 01:29:00,0.0,12.60528
2024-11-05 01:30:00,0.0,12.60541
2024-11-05 01:31:00,0.0,12.60517
2024-11-05 01:32:00,0.0,12.60486
2024-11-05 01:33:00,0.0,12.60487
2024-11-05 01:34:00,0.0,12.60509
2024-11-05 01:35:00,0.0,12.60535
2024-11-05 01:36:00,0.0,12.60516
2024-11-05 01:37:00,0.0,12.60491
2024-11-05 01:38:00,0.0,12.60459
2024-11-05 01:39:00,0.0,12.60495
2024-11-05 01:40:00,0.0,12.60499
2024-11-05 01:41:00,0.0,12.60513
2024-11-05 01:42:00,0.0,12.60516
2024-11-05 01:43:00,0.0,12.60511
2024-11-05 01:44:00,0.0,12.60452
2024-11-05 01:45:00,0.0,12.60277
2024-11-05 01:46:00,0.0,12.60497
2024-11-05 01:47:00,0.0,12.6027
2024-11-05 01:48:00,0.0,12.60501
2024-11-05 01:49:00,0.0,12.58896
2024-11-05 01:50:00,0.0,12.60441
2024-11-05 01:51:00,0.0,12.60484
2024-11-05 01:52:00,0.0,12.60527
2024-11-05 01:53:00,0.0,12.60482
2024-11-05 01:54:00,0.0,12.60496
2024-11-05 01:55:00,0.0,12.60493
2024-11-05 01:56:00,0.0,12.60416
2024-11-05 01:57:00,0.0,12.60478
2024-11-05 01:58:00,0.0,12.60474
2024-11-05 01:59:00,0.0,12.60495
2024-11-05 02:00:00,0.0,12.60466
2024-11-05 02:01:00,0.0,12.60478
2024-11-05 02:02:00,0.0,12.60421
2024-11-05 02:03:00,0.0,12.60444
2024-11-05 02:04:00,0.0,12.60463
2024-11-05 02:05:00,0.0,12.60478
2024-11-05 02:06:00,0.0,12.60479
2024-11-05 02:07:00,0.0,12.60482
2024-11-05 02:08:00,0.0,12.60402
2024-11-05 02:09:00,0.0,12.60453
2024-11-05 02:10:00,0.0,12.60461
2024-11-05 02:11:00,0.0,12.60464
2024-11-05 02:12:00,0.0,12.60458
2024-11-05 02:13:00,0.0,12.60466
2024-11-05 02:14:00,0.0,12.57297
2024-11-05 02:15:00,0.0,12.60436
2024-11-05 02:16:00,0.0,12.60467
2024-11-05 02:17:00,0.0,12.60435
2024-11-05 02:18:00,0.0,12.60468
2024-11-05 02:19:00,0.0,12.60489
2024-11-05 02:20:00,0.0,12.60475
2024-11-05 02:21:00,0.0,12.60427
2024-11-05 02:22:00,0.0,12.60435
2024-11-05 02:23:00,0.0,12.60503
2024-11-05 02:24:00,0.0,12.6046
2024-11-05 02:25:00,0.0,12.6046
2024-11-05 02:26:00,0.0,12.6046
2024-11-05 02:27:00,0.0,12.60422
2024-11-05 02:28:00,0.0,12.6044
2024-11-05 02:29:00,0.0,12.6047
2024-11-05 02:30:00,0.0,12.60343
2024-11-05 02:31:00,0.0,12.60474
2024-11-05 02:32:00,0.0,12.6045
2024-11-05 02:33:00,0.0,12.60331
2024-11-05 02:34:00,0.0,12.60471
2024-11-05 02:35:00,0.0,12.60462
2024-11-05 02:36:00,0.0,12.60466
2024-11-05 02:37:00,0.0,12.60488
2024-11-05 02:38:00,0.0,12.60479
2024-11-05 02:39:00,0.0,12.60405
2024-11-05 02:40:00,0.0,12.60444
2024-11-05 02:41:00,0.0,12.60468
2024-11-05 02:42:00,0.0,12.60462
2024-11-05 02:43:00,0.0,12.60515
2024-11-05 02:44:00,0.0,12.6047
2024-11-05 02:45:00,0.0,12.58745
2024-11-05 02:46:00,0.0,12.60253
2024-11-05 02:47:00,0.0,12.60476
2024-11-05 02:48:00,0.0,12.60298
2024-11-05 02:49:00,0.0,12.60506
2024-11-05 02:50:00,0.0,12.60288
2024-11-05 02:51:00,0.0,12.5876
2024-11-05 02:52:00,0.0,12.60448
2024-11-05 02:53:00,0.0,12.60496
2024-11-05 02:54:00,0.0,12.6043
2024-11-05 02:55:00,0.0,12.60379
2024-11-05 02:56:00,0.0,12.60457
2024-11-05 02:57:00,0.0,12.58755
2024-11-05 02:58:00,0.0,12.60476
2024-11-05 02:59:00,0.0,12.58833
2024-11-05 03:00:00,0.0,12.60488
2024-11-05 03:01:00,0.0,12.58929
2024-11-05 03:02:00,0.0,12.60505
2024-11-05 03:03:00,0.0,12.60281
2024-11-05 03:04:00,0.0,12.58862
2024-11-05 03:05:00,0.0,12.60396
2024-11-05 03:06:00,0.0,12.58831
2024-11-05 03:07:00,0.0,12.60522
2024-11-05 03:08:00,0.0,12.60323
2024-11-05 03:09:00,0.0,12.6052
2024-11-05 03:10:00,0.0,12.605
2024-11-05 03:11:00,0.0,12.60494
2024-11-05 03:12:00,0.0,12.60535
2024-11-05 03:13:00,0.0,12.60538
2024-11-05 03:14:00,0.0,12.60521
2024-11-05 03:15:00,0.0,12.60547
2024-11-05 03:16:00,0.0,12.60496
2024-11-05 03:17:00,0.0,12.60528
2024-11-05 03:18:00,0.0,12.60548
2024-11-05 03:19:00,0.0,12.60557
2024-11-05 03:20:00,0.0,12.6057
2024-11-05 03:21:00,0.0,12.60569
2024-11-05 03:22:00,0.0,12.60519
2024-11-05 03:23:00,0.0,12.6055
2024-11-05 03:24:00,0.0,12.6057
2024-11-05 03:25:00,0.0,12.60589
2024-11-05 03:26:00,0.0,12.60595
2024-11-05 03:27:00,0.0,12.60608
2024-11-05 03:28:00,0.0,12.60518
2024-11-05 03:29:00,0.0,12.60598
2024-11-05 03:30:00,0.0,12.60625
2024-11-05 03:31:00,0.0,12.60628
2024-11-05 03:32:00,0.0,12.6065
2024-11-05 03:33:00,0.0,12.60649
2024-11-05 03:34:00,0.0,12.60593
2024-11-05 03:35:00,0.0,12.60637
2024-11-05 03:36:00,0.0,12.60653
2024-11-05 03:37:00,0.0,12.60653
2024-11-05 03:38:00,0.0,12.60683
2024-11-05 03:39:00,0.0,12.60574
2024-11-05 03:40:00,0.0,12.60538
2024-11-05 03:41:00,0.0,12.60664
2024-11-05 03:42:00,0.0,12.60714
2024-11-05 03:43:00,0.0,12.60729
2024-11-05 03:44:00,0.0,12.60757
2024-11-05 03:45:00,0.0,12.59123
2024-11-05 03:46:00,0.0,12.60767
2024-11-05 03:47:00,0.0,12.6073
2024-11-05 03:48:00,0.0,12.60759
2024-11-05 03:49:00,0.0,12.60777
2024-11-05 03:50:00,0.0,12.60765
2024-11-05 03:51:00,0.0,12.60785
2024-11-05 03:52:00,0.0,12.60773
2024-11-05 03:53:00,0.0,12.60776
2024-11-05 03:54:00,0.0,12.60784
2024-11-05 03:55:00,0.0,12.60828
2024-11-05 03:56:00,0.0,12.60803
2024-11-05 03:57:00,0.0,12.60846
2024-11-05 03:58:00,0.0,12.60814
2024-11-05 03:59:00,0.0,12.60808
2024-11-05 04:00:00,0.0,12.60813
2024-11-05 04:01:00,0.0,12.60822
2024-11-05 04:02:00,0.0,12.6081
2024-11-05 04:03:00,0.0,12.60819
2024-11-05 04:04:00,0.0,12.60833
2024-11-05 04:05:00,0.0,12.60779
2024-11-05 04:06:00,0.0,12.6084
2024-11-05 04:07:00,0.0,12.60819
2024-11-05 04:08:00,0.0,12.60841
2024-11-05 04:09:00,0.0,12.60819
2024-11-05 04:10:00,0.0,12.60847
2024-11-05 04:11:00,0.0,12.60668
2024-11-05 04:12:00,0.0,12.60826
2024-11-05 04:13:00,0.0,12.60823
2024-11-05 04:14:00,0.0,12.60889
2024-11-05 04:15:00,0.0,12.59278
2024-11-05 04:16:00,0.0,12.60903
2024-11-05 04:17:00,0.0,12.60859
2024-11-05 04:18:00,0.0,12.6089
2024-11-05 04:19:00,0.0,12.60917
2024-11-05 04:20:00,0.0,12.60945
2024-11-05 04:21:00,0.0,12.60972
2024-11-05 04:22:00,0.0,12.60939
2024-11-05 04:23:00,0.0,12.60863
2024-11-05 04:24:00,0.0,12.593
2024-11-05 04:25:00,0.0,12.60974
2024-11-05 04:26:00,0.0,12.60974
2024-11-05 04:27:00,0.0,12.60966
2024-11-05 04:28:00,0.0,12.61024
2024-11-05 04:29:00,0.0,12.59271
2024-11-05 04:30:00,0.0,12.60974
2024-11-05 04:31:00,0.0,12.61014
2024-11-05 04:32:00,0.25,12.61001
2024-11-05 04:33:00,0.0,12.61005
2024-11-05 04:34:00,0.0,12.61017
2024-11-05 04:35:00,0.0,12.59405
2024-11-05 04:36:00,0.0,12.61002
2024-11-05 04:37:00,0.0,12.61028
2024-11-05 04:38:00,0.0,12.61054
2024-11-05 04:39:00,0.0,12.61072
2024-11-05 04:40:00,0.0,12.61079
2024-11-05 04:41:00,0.0,12.61068
2024-11-05 04:42:00,0.0,12.61039
2024-11-05 04:43:00,0.0,12.61089
2024-11-05 04:44:00,0.0,12.61104
2024-11-05 04:45:00,0.0,12.61107
2024-11-05 04:46:00,0.0,12.61031
2024-11-05 04:47:00,0.0,12.61126
2024-11-05 04:48:00,0.0,12.59453
2024-11-05 04:49:00,0.0,12.61134
2024-11-05 04:50:00,0.0,12.59527
2024-11-05 04:51:00,0.0,12.61179
2024-11-05 04:52:00,0.0,12.61041
2024-11-05 04:53:00,0.0,12.61225
2024-11-05 04:54:00,0.0,12.59526
2024-11-05 04:55:00,0.0,12.61219
2024-11-05 04:56:00,0.0,12.60985
2024-11-05 04:57:00,0.0,12.61212
2024-11-05 04:58:00,0.0,12.61237
2024-11-05 04:59:00,0.0,12.61257
2024-11-05 05:00:00,0.0,12.59558
2024-11-05 05:01:00,0.0,12.61239
2024-11-05 05:02:00,0.0,12.61177
2024-11-05 05:03:00,0.0,12.61268
2024-11-05 05:04:00,0.0,12.61277
2024-11-05 05:05:00,0.0,12.61294
2024-11-05 05:06:00,0.0,12.61239
2024-11-05 05:07:00,0.0,12.59666
2024-11-05 05:08:00,0.0,12.61315
2024-11-05 05:09:00,0.0,12.59701
2024-11-05 05:10:00,0.0,12.61337
2024-11-05 05:11:00,0.0,12.61182
2024-11-05 05:12:00,0.0,12.59642
2024-11-05 05:13:00,0.0,12.61363
2024-11-05 05:14:00,0.0,12.61389
2024-11-05 05:15:00,0.0,12.61413
2024-11-05 05:16:00,0.0,12.61432
2024-11-05 05:17:00,0.0,12.59798
2024-11-05 05:18:00,0.0,12.61367
2024-11-05 05:19:00,0.0,12.61416
2024-11-05 05:20:00,0.0,12.59727
2024-11-05 05:21:00,0.0,12.61472
2024-11-05 05:22:00,0.0,12.61297
2024-11-05 05:23:00,0.0,12.6151
2024-11-05 05:24:00,0.0,12.61528
2024-11-05 05:25:00,0.0,12.61503
2024-11-05 05:26:00,0.0,12.61528
2024-11-05 05:27:00,0.0,12.61533
2024-11-05 05:28:00,0.0,12.61565
2024-11-05 05:29:00,0.0,12.61548
2024-11-05 05:30:00,0.0,12.6158
2024-11-05 05:31:00,0.0,12.61538
2024-11-05 05:32:00,0.0,12.61629
2024-11-05 05:33:00,0.0,12.61609
2024-11-05 05:34:00,0.0,12.61621
2024-11-05 05:35:00,0.0,12.61638
2024-11-05 05:36:00,0.0,12.6165
2024-11-05 05:37:00,0.0,12.61557
2024-11-05 05:38:00,0.0,12.61614
2024-11-05 05:39:00,0.0,12.61626
2024-11-05 05:40:00,0.0,12.61642
2024-11-05 05:41:00,0.0,12.60002
2024-11-05 05:42:00,0.0,12.61678
2024-11-05 05:43:00,0.0,12.61601
2024-11-05 05:44:00,0.0,12.61646
2024-11-05 05:45:00,0.0,12.61678
2024-11-05 05:46:00,0.0,12.61675
2024-11-05 05:47:00,0.0,12.61717
2024-11-05 05:48:00,0.0,12.61715
2024-11-05 05:49:00,0.0,12.61671
2024-11-05 05:50:00,0.0,12.61708
2024-11-05 05:51:00,0.0,12.6173
2024-11-05 05:52:00,0.0,12.61755
2024-11-05 05:53:00,0.0,12.61743
2024-11-05 05:54:00,0.0,12.61719
2024-11-05 05:55:00,0.0,12.59944
2024-11-05 05:56:00,0.0,12.60092
2024-11-05 05:57:00,0.0,12.61747
2024-11-05 05:58:00,0.0,12.61587
2024-11-05 05:59:00,0.0,12.61763
2024-11-05 06:00:00,0.0,12.61793
2024-11-05 06:01:00,0.0,12.61798
2024-11-05 06:02:00,0.0,12.61774
2024-11-05 06:03:00,0.0,12.61785
2024-11-05 06:04:00,0.0,12.61798
2024-11-05 06:05:00,0.0,12.61832
2024-11-05 06:06:00,0.0,12.61814
2024-11-05 06:07:00,0.0,12.61838
2024-11-05 06:08:00,0.0,12.61786
2024-11-05 06:09:00,0.0,12.60148
2024-11-05 06:10:00,0.0,12.61834
2024-11-05 06:11:00,0.0,12.60214
2024-11-05 06:12:00,0.0,12.61854
2024-11-05 06:13:00,0.0,12.61851
2024-11-05 06:14:00,0.0,12.61816
2024-11-05 06:15:00,0.0,12.61871
2024-11-05 06:16:00,0.0,12.61869
2024-11-05 06:17:00,0.0,12.61888
2024-11-05 06:18:00,0.0,12.61883
2024-11-05 06:19:00,0.0,12.61903
2024-11-05 06:20:00,0.0,12.60205
2024-11-05 06:21:00,0.0,12.61903
2024-11-05 06:22:00,0.0,12.60281
2024-11-05 06:23:00,0.0,12.61925
2024-11-05 06:24:00,0.0,12.61936
2024-11-05 06:25:00,0.0,12.61955
2024-11-05 06:26:00,0.0,12.61675
2024-11-05 06:27:00,0.0,12.61961
2024-11-05 06:28:00,0.0,12.61953
2024-11-05 06:29:00,0.0,12.61982
2024-11-05 06:30:00,0.0,12.61972
2024-11-05 06:31:00,0.0,12.6198
2024-11-05 06:32:00,0.0,12.61928
2024-11-05 06:33:00,0.0,12.61948
2024-11-05 06:34:00,0.0,12.62
2024-11-05 06:35:00,0.0,12.62
2024-11-05 06:36:00,0.0,12.62034
2024-11-05 06:37:00,0.0,12.62058
2024-11-05 06:38:00,0.0,12.61946
2024-11-05 06:39:00,0.0,12.62032
2024-11-05 06:40:00,0.0,12.62021
2024-11-05 06:41:00,0.0,12.6202
2024-11-05 06:42:00,0.0,12.61931
2024-11-05 06:43:00,0.0,12.62046
2024-11-05 06:44:00,0.0,12.62058
2024-11-05 06:45:00,0.0,12.62018
2024-11-05 06:46:00,0.0,12.62084
2024-11-05 06:47:00,0.0,12.62067
2024-11-05 06:48:00,0.0,12.62076
2024-11-05 06:49:00,0.0,12.62081
2024-11-05 06:50:00,0.0,12.62092
2024-11-05 06:51:00,0.0,12.62058
2024-11-05 06:52:00,0.0,12.60434
2024-11-05 06:53:00,0.0,12.62123
2024-11-05 06:54:00,0.0,12.605
2024-11-05 06:55:00,0.0,12.62125
2024-11-05 06:56:00,0.0,12.62132
2024-11-05 06:57:00,0.0,12.61987
2024-11-05 06:58:00,0.0,12.62129
2024-11-05 06:59:00,0.0,12.6212
2024-11-05 07:00:00,0.0,12.62145
2024-11-05 07:01:00,0.0,12.62134
2024-11-05 07:02:00,0.0,12.62179
2024-11-05 07:03:00,0.0,12.62123
2024-11-05 07:04:00,0.0,12.62174
2024-11-05 07:05:00,0.0,12.62168
2024-11-05 07:06:00,0.0,12.62168
2024-11-05 07:07:00,0.0,12.62178
2024-11-05 07:08:00,0.0,12.62198
2024-11-05 07:09:00,0.0,12.62146
2024-11-05 07:10:00,0.0,12.62131
2024-11-05 07:11:00,0.0,12.62154
2024-11-05 07:12:00,0.0,12.62202
2024-11-05 07:13:00,0.0,12.62196
2024-11-05 07:14:00,0.0,12.62222
2024-11-05 07:15:00,0.1299896,12.60502
2024-11-05 07:16:00,0.0,12.62233
2024-11-05 07:17:00,0.0,12.60623
2024-11-05 07:18:00,0.0,12.6223
2024-11-05 07:19:00,0.0,12.62255
2024-11-05 07:20:00,0.0,12.62246
2024-11-05 07:21:00,0.0,12.61998
2024-11-05 07:22:00,0.0,12.62238
2024-11-05 07:23:00,0.0,12.62191
2024-11-05 07:24:00,0.0,12.60649
2024-11-05 07:25:00,0.0,12.62276
2024-11-05 07:26:00,0.0,12.60662
2024-11-05 07:27:00,0.0,12.60558
2024-11-05 07:28:00,0.0,12.62277
2024-11-05 07:29:00,0.0,12.62289
2024-11-05 07:30:00,0.0,12.62294
2024-11-05 07:31:00,0.0,12.62318
2024-11-05 07:32:00,0.0,12.60709
2024-11-05 07:33:00,0.0,12.62357
2024-11-05 07:34:00,0.0,12.62338
2024-11-05 07:35:00,0.0,12.62349
2024-11-05 07:36:00,0.0,12.62366
2024-11-05 07:37:00,0.0,12.62357
2024-11-05 07:38:00,0.0,12.62353
2024-11-05 07:39:00,0.0,12.62354
2024-11-05 07:40:00,0.0,12.62119
2024-11-05 07:41:00,0.0,12.62363
2024-11-05 07:42:00,0.0,12.62391
2024-11-05 07:43:00,0.0,12.624
2024-11-05 07:44:00,0.0,12.62406
2024-11-05 07:45:00,0.0,12.62402
2024-11-05 07:46:00,0.0,12.60736
2024-11-05 07:47:00,0.0,12.62366
2024-11-05 07:48:00,0.0,12.62408
2024-11-05 07:49:00,0.0,12.62398
2024-11-05 07:50:00,0.0,12.62431
2024-11-05 07:51:00,0.0,12.62409
2024-11-05 07:52:00,0.0,12.62358
2024-11-05 07:53:00,0.0,12.62418
2024-11-05 07:54:00,0.0,12.62441
2024-11-05 07:55:00,0.0,12.62427
2024-11-05 07:56:00,0.0,12.62457
2024-11-05 07:57:00,0.0,12.6242
2024-11-05 07:58:00,0.0,12.62401
2024-11-05 07:59:00,0.0,12.62436
2024-11-05 08:00:00,0.0,12.62455
2024-11-05 08:01:00,0.0,12.62452
2024-11-05 08:02:00,0.0,12.62468
2024-11-05 08:03:00,0.0,12.62476
2024-11-05 08:04:00,0.0,12.62426
2024-11-05 08:05:00,0.0,12.62489
2024-11-05 08:06:00,0.0,12.62497
2024-11-05 08:07:00,0.0,12.62502
2024-11-05 08:08:00,0.0,12.62511
2024-11-05 08:09:00,0.0,12.62536
2024-11-05 08:10:00,0.0,12.62392
2024-11-05 08:11:00,0.0,12.62496
2024-11-05 08:12:00,0.0,12.62503
2024-11-05 08:13:00,0.0,12.62513
2024-11-05 08:14:00,0.0,12.62512
2024-11-05 08:15:00,0.0,12.62508
2024-11-05 08:16:00,0.0,12.60815
2024-11-05 08:17:00,0.0,12.62518
2024-11-05 08:18:00,0.0,12.62553
2024-11-05 08:19:00,0.0,12.62548
2024-11-05 08:20:00,0.0,12.6255
2024-11-05 08:21:00,0.0,12.62549
2024-11-05 08:22:00,0.0,12.62545
2024-11-05 08:23:00,0.0,12.62532
2024-11-05 08:24:00,0.0,12.62547
2024-11-05 08:25:00,0.0,12.62595
2024-11-05 08:26:00,0.0,12.60949
2024-11-05 08:27:00,0.0,12.62592
2024-11-05 08:28:00,0.0,12.60987
2024-11-05 08:29:00,0.0,12.62587
2024-11-05 08:30:00,0.0,12.6259
2024-11-05 08:31:00,0.0,12.62617
2024-11-05 08:32:00,0.0,12.62642
2024-11-05 08:33:00,0.0,12.62634
2024-11-05 08:34:00,0.0,12.62649
2024-11-05 08:35:00,0.0,12.62381
2024-11-05 08:36:00,0.0,12.62645
2024-11-05 08:37:00,0.0,12.62648
2024-11-05 08:38:00,0.0,12.62627
2024-11-05 08:39:00,0.0,12.62662
2024-11-05 08:40:00,0.0,12.62682
2024-11-05 08:41:00,0.0,12.60988
2024-11-05 08:42:00,0.0,12.62659
2024-11-05 08:43:00,0.0,12.6107
2024-11-05 08:44:00,0.0,12.62693
2024-11-05 08:45:00,0.0,12.62494
2024-11-05 08:46:00,0.0,12.62729
2024-11-05 08:47:00,0.0,12.60966
2024-11-05 08:48:00,0.0,12.62697
2024-11-05 08:49:00,0.0,12.62725
2024-11-05 08:50:00,0.0,12.62737
2024-11-05 08:51:00,0.0,12.6273
2024-11-05 08:52:00,0.0,12.62733
2024-11-05 08:53:00,0.0,12.62703
2024-11-05 08:54:00,0.0,12.62654
2024-11-05 08:55:00,0.0,12.62669
2024-11-05 08:56:00,0.0,12.62709
2024-11-05 08:57:00,0.0,12.6275
2024-11-05 08:58:00,0.0,12.6264
2024-11-05 08:59:00,0.0,12.61029
2024-11-05 09:00:00,0.0,12.62711
2024-11-05 09:01:00,0.0,12.62742
2024-11-05 09:02:00,0.0,12.62771
2024-11-05 09:03:00,0.0,12.62758
2024-11-05 09:04:00,0.0,12.62791
2024-11-05 09:05:00,0.0,12.62818
2024-11-05 09:06:00,0.0,12.62764
2024-11-05 09:07:00,0.0,12.6277
2024-11-05 09:08:00,0.0,12.62822
2024-11-05 09:09:00,0.0,12.61161
2024-11-05 09:10:00,0.0,12.62808
2024-11-05 09:11:00,0.0,12.61186
2024-11-05 09:12:00,0.0,12.62745
2024-11-05 09:13:00,0.0,12.628
2024-11-05 09:14:00,0.0,12.61178
2024-11-05 09:15:00,0.0,12.6283
2024-11-05 09:16:00,0.0,12.61239
2024-11-05 09:17:00,0.0,12.628
2024-11-05 09:18:00,0.0,12.62817
2024-11-05 09:19:00,0.0,12.62823
2024-11-05 09:20:00,0.0,12.62861
2024-11-05 09:21:00,0.0,12.62848
2024-11-05 09:22:00,0.0,12.6287
2024-11-05 09:23:00,0.0,12.62871
2024-11-05 09:24:00,0.0,12.6281
2024-11-05 09:25:00,0.0,12.61225
2024-11-05 09:26:00,0.0,12.62884
2024-11-05 09:27:00,0.0,12.62641
2024-11-05 09:28:00,0.05000305,12.62802
2024-11-05 09:29:00,0.0,12.62903
2024-11-05 09:30:00,0.0,12.6116
2024-11-05 09:31:00,0.0,12.62879
2024-11-05 09:32:00,0.0,12.62887
2024-11-05 09:33:00,0.0,12.62912
2024-11-05 09:34:00,0.02999878,12.62928
2024-11-05 09:35:00,0.0,12.6292
2024-11-05 09:36:00,0.0,12.62872
2024-11-05 09:37:00,0.0,12.62894
2024-11-05 09:38:00,0.0,12.6292
2024-11-05 09:39:00,0.0,12.62926
2024-11-05 09:40:00,0.0,12.62949
2024-11-05 09:41:00,0.0,12.62918
2024-11-05 09:42:00,0.0,12.61152
2024-11-05 09:43:00,0.0,12.62892
2024-11-05 09:44:00,0.0,12.629
2024-11-05 09:45:00,0.0,12.62921
2024-11-05 09:46:00,0.0,12.62932
2024-11-05 09:47:00,0.0,12.62907
2024-11-05 09:48:00,0.0,12.62942
2024-11-05 09:49:00,0.0,12.6291
2024-11-05 09:50:00,0.0,12.62918
2024-11-05 09:51:00,0.0,12.62925
2024-11-05 09:52:00,0.0,12.61336
2024-11-05 09:53:00,0.0,12.62945
2024-11-05 09:54:00,0.0,12.62718
2024-11-05 09:55:00,0.0,12.62939
2024-11-05 09:56:00,0.0,12.62939
2024-11-05 09:57:00,0.0,12.62992
2024-11-05 09:58:00,0.0,12.62965
2024-11-05 09:59:00,0.0,12.62946
2024-11-05 10:00:00,0.0,12.62957
2024-11-05 10:01:00,0.0,12.62949
2024-11-05 10:02:00,0.0,12.62937
2024-11-05 10:03:00,0.0,12.6298
2024-11-05 10:04:00,0.0,12.62976
2024-11-05 10:05:00,0.0,12.63004
2024-11-05 10:06:00,0.0,12.63011
2024-11-05 10:07:00,0.0,12.6294
2024-11-05 10:08:00,0.0,12.61365
2024-11-05 10:09:00,0.0,12.62993
2024-11-05 10:10:00,0.0,12.61407
2024-11-05 10:11:00,0.0,12.63017
2024-11-05 10:12:00,0.0,12.63018
2024-11-05 10:13:00,0.0,12.61385
2024-11-05 10:14:00,0.0,12.63008
2024-11-05 10:15:00,0.0,12.62986
2024-11-05 10:16:00,0.0,12.63035
2024-11-05 10:17:00,0.0,12.63034
2024-11-05 10:18:00,0.0,12.63047
2024-11-05 10:19:00,0.0,12.61339
2024-11-05 10:20:00,0.0,12.63036
2024-11-05 10:21:00,0.0,12.63042
2024-11-05 10:22:00,0.0,12.63054
2024-11-05 10:23:00,0.0,12.63063
2024-11-05 10:24:00,0.0,12.6309
2024-11-05 10:25:00,0.0,12.63027
2024-11-05 10:26:00,0.0,12.63076
2024-11-05 10:27:00,0.0,12.63116
2024-11-05 10:28:00,0.0,12.63098
2024-11-05 10:29:00,0.0,12.63105
2024-11-05 10:30:00,0.0,12.63147
2024-11-05 10:31:00,0.0,12.61421
2024-11-05 10:32:00,0.0,12.63142
2024-11-05 10:33:00,0.0,12.6319
2024-11-05 10:34:00,0.0,12.6321
2024-11-05 10:35:00,0.0,12.63197
2024-11-05 10:36:00,0.0,12.63203
2024-11-05 10:37:00,0.0,12.63226
2024-11-05 10:38:00,0.0,12.61567
2024-11-05 10:39:00,0.0,12.63236
2024-11-05 10:40:00,0.0,12.61617
2024-11-05 10:41:00,0.0,12.63254
2024-11-05 10:42:00,0.0,12.63255
2024-11-05 10:43:00,0.0,12.6328
2024-11-05 10:44:00,0.05000305,12.63258
2024-11-05 10:45:00,0.0,12.63288
2024-11-05 10:46:00,0.0,12.63307
2024-11-05 10:47:00,0.0,12.63305
2024-11-05 10:48:00,0.0,12.63351
2024-11-05 10:49:00,0.0,12.63365
2024-11-05 10:50:00,0.0,12.63309
2024-11-05 10:51:00,0.0,12.63355
2024-11-05 10:52:00,0.0,12.63418
2024-11-05 10:53:00,0.0,12.63418
2024-11-05 10:54:00,0.0,12.63427
2024-11-05 10:55:00,0.0,12.63413
2024-11-05 10:56:00,0.0,12.63376
2024-11-05 10:57:00,0.0,12.63443
2024-11-05 10:58:00,0.0,12.63463
2024-11-05 10:59:00,0.0,12.63468
2024-11-05 11:00:00,0.0,12.63496
2024-11-05 11:01:00,0.0,12.63525
2024-11-05 11:02:00,0.0,12.61789
2024-11-05 11:03:00,0.0,12.63542
2024-11-05 11:04:00,0.0,12.63584
2024-11-05 11:05:00,0.0,12.6358
2024-11-05 11:06:00,0.0,12.63608
2024-11-05 11:07:00,0.0,12.63646
2024-11-05 11:08:00,0.0,12.63564
2024-11-05 11:09:00,0.0,12.63655
2024-11-05 11:10:00,0.0,12.63664
2024-11-05 11:11:00,0.0,12.63693
2024-11-05 11:12:00,0.0,12.63726
2024-11-05 11:13:00,0.0,12.63759
2024-11-05 11:14:00,0.0,12.63683
2024-11-05 11:15:00,0.0,12.63733
2024-11-05 11:16:00,0.0,12.63771
2024-11-05 11:17:00,0.0,12.63796
2024-11-05 11:18:00,0.0,12.63816
2024-11-05 11:19:00,0.0,12.63832
2024-11-05 11:20:00,0.0,12.63842
2024-11-05 11:21:00,0.0,12.63853
2024-11-05 11:22:00,0.0,12.63895
2024-11-05 11:23:00,0.0,12.63892
2024-11-05 11:24:00,0.0,12.6397
2024-11-05 11:25:00,0.0,12.63907
2024-11-05 11:26:00,0.0,12.63899
2024-11-05 11:27:00,0.0,12.63977
2024-11-05 11:28:00,0.0,12.64009
2024-11-05 11:29:00,0.0,12.64033
2024-11-05 11:30:00,0.0,12.64079
2024-11-05 11:31:00,0.0,12.64099
2024-11-05 11:32:00,0.0,12.64101
2024-11-05 11:33:00,0.0,12.64123
2024-11-05 11:34:00,0.0,12.64111
2024-11-05 11:35:00,0.0,12.64136
2024-11-05 11:36:00,0.0,12.64181
2024-11-05 11:37:00,0.0,12.64203
2024-11-05 11:38:00,0.0,12.62615
2024-11-05 11:39:00,0.0,12.64187
2024-11-05 11:40:00,0.0,12.64232
2024-11-05 11:41:00,0.0,12.64271
2024-11-05 11:42:00,0.0,12.64311
2024-11-05 11:43:00,0.0,12.64317
2024-11-05 11:44:00,0.0,12.6435
2024-11-05 11:45:00,0.0,12.64284
2024-11-05 11:46:00,0.0,12.64374
2024-11-05 11:47:00,0.0,12.64425
2024-11-05 11:48:00,0.0,12.64439
2024-11-05 11:49:00,0.0,12.64457
2024-11-05 11:50:00,0.0,12.64452
2024-11-05 11:51:00,0.0,12.64481
2024-11-05 11:52:00,0.0,12.64508
2024-11-05 11:53:00,0.0,12.64542
2024-11-05 11:54:00,0.0,12.64512
2024-11-05 11:55:00,0.0,12.64516
2024-11-05 11:56:00,0.0,12.64533
2024-11-05 11:57:00,0.0,12.64491
2024-11-05 11:58:00,0.0,12.6456
2024-11-05 11:59:00,0.0,12.64602
2024-11-05 12:00:00,0.0,12.64628
2024-11-05 12:01:00,0.0,12.6462
2024-11-05 12:02:00,0.0,12.64509
2024-11-05 12:03:00,0.0,12.64427
2024-11-05 12:04:00,0.0,12.64472
2024-11-05 12:05:00,0.0,12.64435
2024-11-05 12:06:00,0.0,12.64445
2024-11-05 12:07:00,0.0,12.64507
2024-11-05 12:08:00,0.0,12.6453
2024-11-05 12:09:00,0.0,12.64598
2024-11-05 12:10:00,0.0,12.62733
2024-11-05 12:11:00,0.08999634,12.64394
2024-11-05 12:12:00,0.0,12.62763
2024-11-05 12:13:00,0.0,12.64377
2024-11-05 12:14:00,0.0,12.62687
2024-11-05 12:15:00,0.0,12.62689
2024-11-05 12:16:00,0.0,12.64348
2024-11-05 12:17:00,0.0,12.64499
2024-11-05 12:18:00,0.0,12.62928
2024-11-05 12:19:00,0.0,12.64621
2024-11-05 12:20:00,0.0,12.63026
2024-11-05 12:21:00,0.0,12.64667
2024-11-05 12:22:00,0.0,12.64473
2024-11-05 12:23:00,0.0,12.64712
2024-11-05 12:24:00,0.0,12.64735
2024-11-05 12:25:00,0.0,12.63122
2024-11-05 12:26:00,0.0,12.64791
2024-11-05 12:27:00,0.0,12.63166
2024-11-05 12:28:00,0.0,12.64802
2024-11-05 12:29:00,0.0,12.64793
2024-11-05 12:30:00,0.0,12.64829
2024-11-05 12:31:00,0.0,12.64831
2024-11-05 12:32:00,0.0,12.64863
2024-11-05 12:33:00,0.0,12.64863
2024-11-05 12:34:00,0.0,12.64891
2024-11-05 12:35:00,0.0,12.64872
2024-11-05 12:36:00,0.0,12.64888
2024-11-05 12:37:00,0.0,12.64952
2024-11-05 12:38:00,0.0,12.65003
2024-11-05 12:39:00,0.0,12.64992
2024-11-05 12:40:00,0.0,12.63337
2024-11-05 12:41:00,0.0,12.64918
2024-11-05 12:42:00,0.0,12.6336
2024-11-05 12:43:00,0.0,12.64998
2024-11-05 12:44:00,0.0,12.6341
2024-11-05 12:45:00,0.0,12.64909
2024-11-05 12:46:00,0.0,12.63414
2024-11-05 12:47:00,0.0,12.64963
2024-11-05 12:48:00,0.0,12.65019
2024-11-05 12:49:00,0.0,12.65032
2024-11-05 12:50:00,0.0,12.65077
2024-11-05 12:51:00,0.0,12.65065
2024-11-05 12:52:00,0.0,12.65061
2024-11-05 12:53:00,0.0,12.63361
2024-11-05 12:54:00,0.0,12.65059
2024-11-05 12:55:00,0.0,12.64827
2024-11-05 12:56:00,0.0,12.65077
2024-11-05 12:57:00,0.0,12.65098
2024-11-05 12:58:00,0.0,12.65102
2024-11-05 12:59:00,0.0,12.63406
2024-11-05 13:00:00,0.0,12.65077
2024-11-05 13:01:00,0.0,12.6509
2024-11-05 13:02:00,0.0,12.65113
2024-11-05 13:03:00,0.0,12.65137
2024-11-05 13:04:00,0.0,12.65131
2024-11-05 13:05:00,0.0,12.63521
2024-11-05 13:06:00,0.0,12.65099
2024-11-05 13:07:00,0.0,12.65118
2024-11-05 13:08:00,0.0,12.65143
2024-11-05 13:09:00,0.0,12.65179
2024-11-05 13:10:00,0.0,12.65163
2024-11-05 13:11:00,0.0,12.65168
2024-11-05 13:12:00,0.0,12.65129
2024-11-05 13:13:00,0.0,12.65159
2024-11-05 13:14:00,0.0,12.6518
2024-11-05 13:15:00,0.0,12.65174
2024-11-05 13:16:00,0.0,12.65193
2024-11-05 13:17:00,0.0,12.65196
2024-11-05 13:18:00,0.0,12.65154
2024-11-05 13:19:00,0.0,12.6508
2024-11-05 13:20:00,0.0,12.65153
2024-11-05 13:21:00,0.0,12.65186
2024-11-05 13:22:00,0.0,12.65165
2024-11-05 13:23:00,0.0,12.65174
2024-11-05 13:24:00,0.0,12.63484
2024-11-05 13:25:00,0.0,12.65173
2024-11-05 13:26:00,0.0,12.63542
2024-11-05 13:27:00,0.0,12.65171
2024-11-05 13:28:00,0.0,12.63518
2024-11-05 13:29:00,0.0,12.65124
2024-11-05 13:30:00,0.0,12.65073
2024-11-05 13:31:00,0.0,12.65103
2024-11-05 13:32:00,0.0,12.6501
2024-11-05 13:33:00,0.0,12.65059
2024-11-05 13:34:00,0.0,12.6507
2024-11-05 13:35:00,0.0,12.65059
2024-11-05 13:36:00,0.0,12.64989
2024-11-05 13:37:00,0.0,12.65042
2024-11-05 13:38:00,0.0,12.65013
2024-11-05 13:39:00,0.0,12.6502
2024-11-05 13:40:00,0.0,12.65002
2024-11-05 13:41:00,0.0,12.64983
2024-11-05 13:42:00,0.0,12.61674
2024-11-05 13:43:00,0.0,12.6334
2024-11-05 13:44:00,0.0,12.64927
2024-11-05 13:45:00,0.0,12.63316
2024-11-05 13:46:00,0.0,12.64923
2024-11-05 13:47:00,0.08999634,12.63313
2024-11-05 13:48:00,0.0,12.64909
2024-11-05 13:49:00,0.0,12.6484
2024-11-05 13:50:00,0.0,12.64875
2024-11-05 13:51:00,0.0,12.64826
2024-11-05 13:52:00,0.0,12.64848
2024-11-05 13:53:00,0.0,12.64827
2024-11-05 13:54:00,0.0,12.64756
2024-11-05 13:55:00,0.0,12.64783
2024-11-05 13:56:00,0.0,12.64778
2024-11-05 13:57:00,0.0,12.64785
2024-11-05 13:58:00,0.0,12.64768
2024-11-05 13:59:00,0.0,12.64796
2024-11-05 14:00:00,0.0,12.64753
2024-11-05 14:01:00,0.0,12.64718
2024-11-05 14:02:00,0.0,12.64685
2024-11-05 14:03:00,0.0,12.64714
2024-11-05 14:04:00,0.0,12.64692
2024-11-05 14:05:00,0.0,12.64717
2024-11-05 14:06:00,0.0,12.64698
2024-11-05 14:07:00,0.0,12.64664
2024-11-05 14:08:00,0.0,12.63019
2024-11-05 14:09:00,0.0,12.64624
2024-11-05 14:10:00,0.0,12.63003
2024-11-05 14:11:00,0.0,12.64609
2024-11-05 14:12:00,0.0,12.64401
2024-11-05 14:13:00,0.0,12.64496
2024-11-05 14:14:00,0.0,12.64545
2024-11-05 14:15:00,0.0,12.64548
2024-11-05 14:16:00,0.0,12.64505
2024-11-05 14:17:00,0.0,12.64511
2024-11-05 14:18:00,0.0,12.64475
2024-11-05 14:19:00,0.0,12.64401
2024-11-05 14:20:00,0.0,12.64424
2024-11-05 14:21:00,0.0,12.64417
2024-11-05 14:22:00,0.0,12.64396
2024-11-05 14:23:00,0.0,12.64424
2024-11-05 14:24:00,0.0,12.64381
2024-11-05 14:25:00,0.0,12.62575
2024-11-05 14:26:00,0.0,12.64311
2024-11-05 14:27:00,0.0,12.6272
2024-11-05 14:28:00,0.0,12.64302
2024-11-05 14:29:00,0.0,12.64082
2024-11-05 14:30:00,0.0,12.64307
2024-11-05 14:31:00,0.0,12.62592
2024-11-05 14:32:00,0.0,12.64222
2024-11-05 14:33:00,0.0,12.626
2024-11-05 14:34:00,0.0,12.64256
2024-11-05 14:35:00,0.0,12.62609
2024-11-05 14:36:00,0.0,12.64205
2024-11-05 14:37:00,0.0,12.6259
2024-11-05 14:38:00,0.0,12.64162
2024-11-05 14:39:00,0.0,12.64147
2024-11-05 14:40:00,0.0,12.64136
2024-11-05 14:41:00,0.0,12.64138
2024-11-05 14:42:00,0.0,12.64133
2024-11-05 14:43:00,0.0,12.6411
2024-11-05 14:44:00,0.0,12.62455
2024-11-05 14:45:00,0.0,12.64111
2024-11-05 14:46:00,0.0,12.63818
2024-11-05 14:47:00,0.0,12.64065
2024-11-05 14:48:00,0.0,12.64039
2024-11-05 14:49:00,0.0,12.64035
2024-11-05 14:50:00,0.0,12.63965
2024-11-05 14:51:00,0.0,12.6401
2024-11-05 14:52:00,0.0,12.64014
2024-11-05 14:53:00,0.0,12.64008
2024-11-05 14:54:00,0.0,12.62283
2024-11-05 14:55:00,0.0,12.63882
2024-11-05 14:56:00,0.06001282,12.63851
2024-11-05 14:57:00,0.0,12.63788
2024-11-05 14:58:00,0.0,12.63772
2024-11-05 14:59:00,0.0,12.63881
2024-11-05 15:00:00,0.0,12.63878
2024-11-05 15:01:00,0.0,12.6387
2024-11-05 15:02:00,0.0,12.63807
2024-11-05 15:03:00,0.0,12.63853
2024-11-05 15:04:00,0.0,12.63832
2024-11-05 15:05:00,0.0,12.63837
2024-11-05 15:06:00,0.0,12.63813
2024-11-05 15:07:00,0.0,12.63803
2024-11-05 15:08:00,0.0,12.63715
2024-11-05 15:09:00,0.0,12.63767
2024-11-05 15:10:00,0.0,12.6378
2024-11-05 15:11:00,0.0,12.63783
2024-11-05 15:12:00,0.0,12.63761
2024-11-05 15:13:00,0.0,12.63783
2024-11-05 15:14:00,0.0,12.62019
2024-11-05 15:15:00,0.0,12.6211
2024-11-05 15:16:00,0.0,12.63728
2024-11-05 15:17:00,0.0,12.62124
2024-11-05 15:18:00,0.0,12.63701
2024-11-05 15:19:00,0.0,12.62102
2024-11-05 15:20:00,0.0,12.63689
2024-11-05 15:21:00,0.0,12.63654
2024-11-05 15:22:00,0.0,12.63655
2024-11-05 15:23:00,0.0,12.63641
2024-11-05 15:24:00,0.0,12.63649
2024-11-05 15:25:00,0.0,12.63622
2024-11-05 15:26:00,0.0,12.63641
2024-11-05 15:27:00,0.0,12.63602
2024-11-05 15:28:00,0.0,12.62004
2024-11-05 15:29:00,0.0,12.63602
2024-11-05 15:30:00,0.0,12.61982
2024-11-05 15:31:00,0.0,12.63469
2024-11-05 15:32:00,0.0,12.63576
2024-11-05 15:33:00,0.0,12.63535
2024-11-05 15:34:00,0.0,12.63561
2024-11-05 15:35:00,0.0,12.6354
2024-11-05 15:36:00,0.0,12.63535
2024-11-05 15:37:00,0.0,12.63531
2024-11-05 15:38:00,0.0,12.63516
2024-11-05 15:39:00,0.0,12.6187
2024-11-05 15:40:00,0.0,12.63416
2024-11-05 15:41:00,0.0,12.63321
2024-11-05 15:42:00,0.0,12.63479
2024-11-05 15:43:00,0.0,12.63499
2024-11-05 15:44:00,0.0,12.63466
2024-11-05 15:45:00,0.0,12.63397
2024-11-05 15:46:00,0.0,12.63453
2024-11-05 15:47:00,0.0,12.63431
2024-11-05 15:48:00,0.0,12.63487
2024-11-05 15:49:00,0.0,12.63453
2024-11-05 15:50:00,0.0,12.6344
2024-11-05 15:51:00,0.0,12.61765
2024-11-05 15:52:00,0.0,12.634
2024-11-05 15:53:00,0.0,12.61793
2024-11-05 15:54:00,0.0,12.63453
2024-11-05 15:55:00,0.0,12.63188
2024-11-05 15:56:00,0.0,12.63393
2024-11-05 15:57:00,0.0,12.63298
2024-11-05 15:58:00,0.0,12.63363
2024-11-05 15:59:00,0.0,12.63377
2024-11-05 16:00:00,0.0,12.63395
2024-11-05 16:01:00,0.0,12.63374
2024-11-05 16:02:00,0.0,12.63375
2024-11-05 16:03:00,0.0,12.63367
2024-11-05 16:04:00,0.0,12.63319
2024-11-05 16:05:00,0.0,12.63332
2024-11-05 16:06:00,0.0,12.61718
2024-11-05 16:07:00,0.0,12.63358
2024-11-05 16:08:00,0.0,12.61739
2024-11-05 16:09:00,0.0,12.63347
2024-11-05 16:10:00,0.0,12.63322
2024-11-05 16:11:00,0.0,12.63311
2024-11-05 16:12:00,0.0,12.63298
2024-11-05 16:13:00,0.0,12.6331
2024-11-05 16:14:00,0.0,12.63316
2024-11-05 16:15:00,0.0,12.63301
2024-11-05 16:16:00,0.0,12.63271
2024-11-05 16:17:00,0.0,12.63282
2024-11-05 16:18:00,0.0,12.63284
2024-11-05 16:19:00,0.0,12.63186
2024-11-05 16:20:00,0.0,12.63295
2024-11-05 16:21:00,0.0,12.63302
2024-11-05 16:22:00,0.0,12.63164
2024-11-05 16:23:00,0.0,12.63296
2024-11-05 16:24:00,0.0,12.63281
2024-11-05 16:25:00,0.0,12.63289
2024-11-05 16:26:00,0.0,12.63323
2024-11-05 16:27:00,0.0,12.63282
2024-11-05 16:28:00,0.0,12.63222
2024-11-05 16:29:00,0.0,12.6328
2024-11-05 16:30:00,0.0,12.63268
2024-11-05 16:31:00,0.0,12.63282
2024-11-05 16:32:00,0.0,12.63269
2024-11-05 16:33:00,0.0,12.63289
2024-11-05 16:34:00,0.0,12.63204
2024-11-05 16:35:00,0.0,12.63228
2024-11-05 16:36:00,0.0,12.63142
2024-11-05 16:37:00,0.0,12.63221
2024-11-05 16:38:00,0.0,12.63231
2024-11-05 16:39:00,0.0,12.6321
2024-11-05 16:40:00,0.0,12.6307
2024-11-05 16:41:00,0.0,12.63213
2024-11-05 16:42:00,0.0,12.63217
2024-11-05 16:43:00,0.0,12.63212
2024-11-05 16:44:00,0.0,12.61623
2024-11-05 16:45:00,0.0,12.63201
2024-11-05 16:46:00,0.0,12.61482
2024-11-05 16:47:00,0.0,12.63203
2024-11-05 16:48:00,0.0,12.61579
2024-11-05 16:49:00,0.0,12.63168
2024-11-05 16:50:00,0.0,12.61572
2024-11-05 16:51:00,0.0,12.63205
2024-11-05 16:52:00,0.0,12.62999
2024-11-05 16:53:00,0.0,12.6315
2024-11-05 16:54:00,0.0,12.63152
2024-11-05 16:55:00,0.0,12.63174
2024-11-05 16:56:00,0.0,12.63191
2024-11-05 16:57:00,0.0,12.6316
2024-11-05 16:58:00,0.0,12.63163
2024-11-05 16:59:00,0.0,12.63123
2024-11-05 17:00:00,0.0,12.63141
2024-11-05 17:01:00,0.0,12.63138
2024-11-05 17:02:00,0.0,12.63124
2024-11-05 17:03:00,0.0,12.63128
2024-11-05 17:04:00,0.0,12.63161
2024-11-05 17:05:00,0.0,12.63105
2024-11-05 17:06:00,0.0,12.63135
2024-11-05 17:07:00,0.0,12.63121
2024-11-05 17:08:00,0.0,12.63097
2024-11-05 17:09:00,0.0,12.63152
2024-11-05 17:10:00,0.0,12.63083
2024-11-05 17:11:00,0.0,12.63084
2024-11-05 17:12:00,0.0,12.63073
2024-11-05 17:13:00,0.0,12.63098
2024-11-05 17:14:00,0.0,12.63103
2024-11-05 17:15:00,0.0,12.631
2024-11-05 17:16:00,0.0,12.63118
2024-11-05 17:17:00,0.0,12.61485
2024-11-05 17:18:00,0.0,12.63162
2024-11-05 17:19:00,0.0,12.61504
2024-11-05 17:20:00,0.0,12.63117
2024-11-05 17:21:00,0.0,12.61536
2024-11-05 17:22:00,0.0,12.63108
2024-11-05 17:23:00,0.0,12.63024
2024-11-05 17:24:00,0.0,12.63113
2024-11-05 17:25:00,0.0,12.63077
2024-11-05 17:26:00,0.0,12.63084
2024-11-05 17:27:00,0.0,12.63081
2024-11-05 17:28:00,0.0,12.63075
2024-11-05 17:29:00,0.0,12.61392
2024-11-05 17:30:00,0.0,12.63077
2024-11-05 17:31:00,0.0,12.61472
2024-11-05 17:32:00,0.0,12.63076
2024-11-05 17:33:00,0.0,12.62847
2024-11-05 17:34:00,0.0,12.63072
2024-11-05 17:35:00,0.0,12.62887
2024-11-05 17:36:00,0.0,12.63035
2024-11-05 17:37:00,0.0,12.63041
2024-11-05 17:38:00,0.0,12.63067
2024-11-05 17:39:00,0.0,12.63047
2024-11-05 17:40:00,0.0,12.6304
2024-11-05 17:41:00,0.0,12.63081
2024-11-05 17:42:00,0.0,12.63017
2024-11-05 17:43:00,0.0,12.61465
2024-11-05 17:44:00,0.0,12.63057
2024-11-05 17:45:00,0.0,12.63068
2024-11-05 17:46:00,0.0,12.63068
2024-11-05 17:47:00,0.0,12.63002
2024-11-05 17:48:00,0.0,12.63039
2024-11-05 17:49:00,0.0,12.6302
2024-11-05 17:50:00,0.0,12.63033
2024-11-05 17:51:00,0.0,12.63035
2024-11-05 17:52:00,0.0,12.63051
2024-11-05 17:53:00,0.0,12.63037
2024-11-05 17:54:00,0.0,12.62952
2024-11-05 17:55:00,0.0,12.62946
2024-11-05 17:56:00,0.0,12.63016
2024-11-05 17:57:00,0.0,12.63025
2024-11-05 17:58:00,0.0,12.62961
2024-11-05 17:59:00,0.0,12.61421
2024-11-05 18:00:00,0.0,12.61365
2024-11-05 18:01:00,0.0,12.63026
2024-11-05 18:02:00,0.0,12.62843
2024-11-05 18:03:00,0.0,12.63012
2024-11-05 18:04:00,0.0,12.63028
2024-11-05 18:05:00,0.0,12.63022
2024-11-05 18:06:00,0.0,12.62965
2024-11-05 18:07:00,0.0,12.63018
2024-11-05 18:08:00,0.0,12.63006
2024-11-05 18:09:00,0.0,12.63019
2024-11-05 18:10:00,0.0,12.63026
2024-11-05 18:11:00,0.0,12.63037
2024-11-05 18:12:00,0.0,12.62909
2024-11-05 18:13:00,0.0,12.62786
2024-11-05 18:14:00,0.0,12.63016
2024-11-05 18:15:00,0.0,12.63
2024-11-05 18:16:00,0.0,12.62923
2024-11-05 18:17:00,0.0,12.63021
2024-11-05 18:18:00,0.0,12.61326
2024-11-05 18:19:00,0.0,12.62975
2024-11-05 18:20:00,0.0,12.62998
2024-11-05 18:21:00,0.0,12.63018
2024-11-05 18:22:00,0.0,12.62987
2024-11-05 18:23:00,0.0,12.63002
2024-11-05 18:24:00,0.0,12.62983
2024-11-05 18:25:00,0.0,12.62973
2024-11-05 18:26:00,0.0,12.62917
2024-11-05 18:27:00,0.0,12.62999
2024-11-05 18:28:00,0.0,12.63004
2024-11-05 18:29:00,0.0,12.62989
2024-11-05 18:30:00,0.0,12.62981
2024-11-05 18:31:00,0.0,12.6297
2024-11-05 18:32:00,0.0,12.62963
2024-11-05 18:33:00,0.0,12.62995
2024-11-05 18:34:00,0.0,12.63038
2024-11-05 18:35:00,0.0,12.63016
2024-11-05 18:36:00,0.0,12.62978
2024-11-05 18:37:00,0.0,12.62943
2024-11-05 18:38:00,0.0,12.62986
2024-11-05 18:39:00,0.0,12.6297
2024-11-05 18:40:00,0.0,12.62981
2024-11-05 18:41:00,0.0,12.6299
2024-11-05 18:42:00,0.0,12.62976
2024-11-05 18:43:00,0.0,12.6131
2024-11-05 18:44:00,0.0,12.62951
2024-11-05 18:45:00,0.0,12.61371
2024-11-05 18:46:00,0.0,12.6296
2024-11-05 18:47:00,0.0,12.62774
2024-11-05 18:48:00,0.0,12.6296
2024-11-05 18:49:00,0.0,12.62875
2024-11-05 18:50:00,0.0,12.62826
2024-11-05 18:51:00,0.0,12.62916
2024-11-05 18:52:00,0.0,12.62925
2024-11-05 18:53:00,0.0,12.6292
2024-11-05 18:54:00,0.0,12.62919
2024-11-05 18:55:00,0.0,12.6285
2024-11-05 18:56:00,0.0,12.62879
2024-11-05 18:57:00,0.0,12.62893
2024-11-05 18:58:00,0.0,12.62882
2024-11-05 18:59:00,0.0,12.62903
2024-11-05 19:00:00,0.0,12.62897
2024-11-05 19:01:00,0.0,12.61232
2024-11-05 19:02:00,0.0,12.62859
2024-11-05 19:03:00,0.0,12.629
2024-11-05 19:04:00,0.0,12.6287
2024-11-05 19:05:00,0.0,12.62887
2024-11-05 19:06:00,0.0,12.62881
2024-11-05 19:07:00,0.0,12.62784
2024-11-05 19:08:00,0.0,12.62846
2024-11-05 19:09:00,0.0,12.62873
2024-11-05 19:10:00,0.0,12.62858
2024-11-05 19:11:00,0.0,12.62871
2024-11-05 19:12:00,0.0,12.62876
2024-11-05 19:13:00,0.0,12.62876
2024-11-05 19:14:00,0.0,12.62837
2024-11-05 19:15:00,0.0,12.62871
2024-11-05 19:16:00,0.0,12.62848
2024-11-05 19:17:00,0.0,12.62851
2024-11-05 19:18:00,0.0,12.62875
2024-11-05 19:19:00,0.0,12.62884
2024-11-05 19:20:00,0.0,12.62827
2024-11-05 19:21:00,0.0,12.62862
2024-11-05 19:22:00,0.0,12.62863
2024-11-05 19:23:00,0.0,12.62851
2024-11-05 19:24:00,0.0,12.62859
2024-11-05 19:25:00,0.0,12.6286
2024-11-05 19:26:00,0.0,12.61207
2024-11-05 19:27:00,0.0,12.62845
2024-11-05 19:28:00,0.0,12.62634
2024-11-05 19:29:00,0.0,12.62857
2024-11-05 19:30:00,0.0,12.6286
2024-11-05 19:31:00,0.0,12.62845
2024-11-05 19:32:00,0.0,12.6274
2024-11-05 19:33:00,0.0,12.62832
2024-11-05 19:34:00,0.0,12.6282
2024-11-05 19:35:00,0.0,12.62826
2024-11-05 19:36:00,0.0,12.62818
2024-11-05 19:37:00,0.0,12.62865
2024-11-05 19:38:00,0.0,12.6277
2024-11-05 19:39:00,0.0,12.62828
2024-11-05 19:40:00,0.0,12.62782
2024-11-05 19:41:00,0.0,12.62802
2024-11-05 19:42:00,0.0,12.62836
2024-11-05 19:43:00,0.0,12.62828
2024-11-05 19:44:00,0.0,12.59646
2024-11-05 19:45:00,0.0,12.61171
2024-11-05 19:46:00,0.0,12.62811
2024-11-05 19:47:00,0.0,12.62601
2024-11-05 19:48:00,0.0,12.62805
2024-11-05 19:49:00,0.0,12.62828
2024-11-05 19:50:00,0.0,12.62839
2024-11-05 19:51:00,0.0,12.62805
2024-11-05 19:52:00,0.0,12.62794
2024-11-05 19:53:00,0.0,12.62806
2024-11-05 19:54:00,0.0,12.628
2024-11-05 19:55:00,0.0,12.62751
2024-11-05 19:56:00,0.0,12.62796
2024-11-05 19:57:00,0.0,12.62768
2024-11-05 19:58:00,0.0,12.62806
2024-11-05 19:59:00,0.0,12.62777
2024-11-05 20:00:00,0.0,12.62772
2024-11-05 20:01:00,0.0,12.6276
2024-11-05 20:02:00,0.0,12.62797
2024-11-05 20:03:00,0.0,12.62745
2024-11-05 20:04:00,0.0,12.6274
2024-11-05 20:05:00,0.0,12.62753
2024-11-05 20:06:00,0.0,12.6273
2024-11-05 20:07:00,0.0,12.62789
2024-11-05 20:08:00,0.0,12.62699
2024-11-05 20:09:00,0.0,12.62714
2024-11-05 20:10:00,0.0,12.62283
2024-11-05 20:11:00,0.0,12.62713
2024-11-05 20:12:00,0.0,12.61123
2024-11-05 20:13:00,0.0,12.62754
2024-11-05 20:14:00,0.0,12.61138
2024-11-05 20:15:00,0.0,12.62715
2024-11-05 20:16:00,0.0,12.61129
2024-11-05 20:17:00,0.0,12.62744
2024-11-05 20:18:00,0.0,12.61141
2024-11-05 20:19:00,0.0,12.62762
2024-11-05 20:20:00,0.0,12.61148
2024-11-05 20:21:00,0.0,12.62728
2024-11-05 20:22:00,0.0,12.62754
2024-11-05 20:23:00,0.0,12.62779
2024-11-05 20:24:00,0.0,12.6277
2024-11-05 20:25:00,0.0,12.62753
2024-11-05 20:26:00,0.0,12.62776
2024-11-05 20:27:00,0.0,12.61018
2024-11-05 20:28:00,0.0,12.62772
2024-11-05 20:29:00,0.0,12.62743
2024-11-05 20:30:00,0.0,12.62718
2024-11-05 20:31:00,0.0,12.62738
2024-11-05 20:32:00,0.0,12.62767
2024-11-05 20:33:00,0.0,12.61063
2024-11-05 20:34:00,0.0,12.62797
2024-11-05 20:35:00,0.0,12.61181
2024-11-05 20:36:00,0.0,12.62745
2024-11-05 20:37:00,0.0,12.62552
2024-11-05 20:38:00,0.0,12.62758
2024-11-05 20:39:00,0.0,12.62751
2024-11-05 20:40:00,0.0,12.62714
2024-11-05 20:41:00,0.0,12.62746
2024-11-05 20:42:00,0.0,12.62737
2024-11-05 20:43:00,0.0,12.62775
2024-11-05 20:44:00,0.0,12.62728
2024-11-05 20:45:00,0.0,12.62744
2024-11-05 20:46:00,0.0,12.62598
2024-11-05 20:47:00,0.0,12.60996
2024-11-05 20:48:00,0.0,12.62751
2024-11-05 20:49:00,0.0,12.61089
2024-11-05 20:50:00,0.0,12.6274
2024-11-05 20:51:00,0.0,12.6115
2024-11-05 20:52:00,0.0,12.62711
2024-11-05 20:53:00,0.0,12.62713
2024-11-05 20:54:00,0.0,12.6269
2024-11-05 20:55:00,0.0,12.62666
2024-11-05 20:56:00,0.0,12.62728
2024-11-05 20:57:00,0.0,12.62704
2024-11-05 20:58:00,0.0,12.61033
2024-11-05 20:59:00,0.0,12.62705
2024-11-05 21:00:00,0.0,12.61101
2024-11-05 21:01:00,0.0,12.62752
2024-11-05 21:02:00,0.0,12.61085
2024-11-05 21:03:00,0.0,12.62734
2024-11-05 21:04:00,0.0,12.6257
2024-11-05 21:05:00,0.0,12.62699
2024-11-05 21:06:00,0.0,12.62704
2024-11-05 21:07:00,0.0,12.62708
2024-11-05 21:08:00,0.0,12.62693
2024-11-05 21:09:00,0.0,12.62722
2024-11-05 21:10:00,0.0,12.6265
2024-11-05 21:11:00,0.0,12.62682
2024-11-05 21:12:00,0.0,12.62699
2024-11-05 21:13:00,0.0,12.62694
2024-11-05 21:14:00,0.0,12.6266
2024-11-05 21:15:00,0.0,12.62713
2024-11-05 21:16:00,0.0,12.59407
2024-11-05 21:17:00,0.0,12.62703
2024-11-05 21:18:00,0.0,12.6268
2024-11-05 21:19:00,0.0,12.62733
2024-11-05 21:20:00,0.0,12.62686
2024-11-05 21:21:00,0.0,12.6272
2024-11-05 21:22:00,0.0,12.62708
2024-11-05 21:23:00,0.0,12.62681
2024-11-05 21:24:00,0.0,12.62699
2024-11-05 21:25:00,0.0,12.61076
2024-11-05 21:26:00,0.0,12.62726
2024-11-05 21:27:00,0.0,12.61094
2024-11-05 21:28:00,0.0,12.62736
2024-11-05 21:29:00,0.0,12.62685
2024-11-05 21:30:00,0.0,12.62726
2024-11-05 21:31:00,0.0,12.62751
2024-11-05 21:32:00,0.0,12.62712
2024-11-05 21:33:00,0.0,12.62738
2024-11-05 21:34:00,0.0,12.62719
2024-11-05 21:35:00,0.0,12.62705
2024-11-05 21:36:00,0.0,12.62658
2024-11-05 21:37:00,0.0,12.62738
2024-11-05 21:38:00,0.0,12.62722
2024-11-05 21:39:00,0.0,12.62718
2024-11-05 21:40:00,0.0,12.62732
2024-11-05 21:41:00,0.0,12.6269
2024-11-05 21:42:00,0.0,12.62723
2024-11-05 21:43:00,0.0,12.62705
2024-11-05 21:44:00,0.0,12.62726
2024-11-05 21:45:00,0.0,12.62707
2024-11-05 21:46:00,0.0,12.62731
2024-11-05 21:47:00,0.0,12.6263
2024-11-05 21:48:00,0.0,12.62695
2024-11-05 21:49:00,0.0,12.62659
2024-11-05 21:50:00,0.0,12.62692
2024-11-05 21:51:00,0.0,12.62688
2024-11-05 21:52:00,0.0,12.62682
2024-11-05 21:53:00,0.0,12.62617
2024-11-05 21:54:00,0.0,12.62685
2024-11-05 21:55:00,0.0,12.62689
2024-11-05 21:56:00,0.0,12.6268
2024-11-05 21:57:00,0.0,12.62693
2024-11-05 21:58:00,0.0,12.62707
2024-11-05 21:59:00,0.0,12.60935
2024-11-05 22:00:00,0.0,12.62669
2024-11-05 22:01:00,0.0,12.62685
2024-11-05 22:02:00,0.0,12.62602
2024-11-05 22:03:00,0.0,12.62685
2024-11-05 22:04:00,0.0,12.6106
2024-11-05 22:05:00,0.0,12.62698
2024-11-05 22:06:00,0.0,12.61044
2024-11-05 22:07:00,0.0,12.62686
2024-11-05 22:08:00,0.0,12.61079
2024-11-05 22:09:00,0.0,12.62679
2024-11-05 22:10:00,0.0,12.62484
2024-11-05 22:11:00,0.0,12.62693
2024-11-05 22:12:00,0.0,12.62685
2024-11-05 22:13:00,0.0,12.62686
2024-11-05 22:14:00,0.0,12.62703
2024-11-05 22:15:00,0.0,12.62705
2024-11-05 22:16:00,0.0,12.62695
2024-11-05 22:17:00,0.0,12.6271
2024-11-05 22:18:00,0.0,12.62676
2024-11-05 22:19:00,0.0,12.62703
2024-11-05 22:20:00,0.0,12.62696
2024-11-05 22:21:00,0.0,12.6272
2024-11-05 22:22:00,0.0,12.62703
2024-11-05 22:23:00,0.0,12.62718
2024-11-05 22:24:00,0.0,12.61054
2024-11-05 22:25:00,0.0,12.62698
2024-11-05 22:26:00,0.0,12.62487
2024-11-05 22:27:00,0.0,12.6274
2024-11-05 22:28:00,0.0,12.62733
2024-11-05 22:29:00,0.0,12.62742
2024-11-05 22:30:00,0.0,12.62684
2024-11-05 22:31:00,0.0,12.62703
2024-11-05 22:32:00,0.0,12.62727
2024-11-05 22:33:00,0.0,12.62703
2024-11-05 22:34:00,0.0,12.62732
2024-11-05 22:35:00,0.0,12.62703
2024-11-05 22:36:00,0.0,12.62654
2024-11-05 22:37:00,0.0,12.6271
2024-11-05 22:38:00,0.0,12.62692
2024-11-05 22:39:00,0.0,12.62702
2024-11-05 22:40:00,0.0,12.62737
2024-11-05 22:41:00,0.0,12.62743
2024-11-05 22:42:00,0.0,12.62627
2024-11-05 22:43:00,0.0,12.62356
2024-11-05 22:44:00,0.0,12.62675
2024-11-05 22:45:00,0.0,12.62695
2024-11-05 22:46:00,0.0,12.62699
2024-11-05 22:47:00,0.0,12.62621
2024-11-05 22:48:00,0.0,12.61032
2024-11-05 22:49:00,0.0,12.62674
2024-11-05 22:50:00,0.0,12.62682
2024-11-05 22:51:00,0.0,12.62709
2024-11-05 22:52:00,0.0,12.62695
2024-11-05 22:53:00,0.0,12.62716
2024-11-05 22:54:00,0.0,12.62704
2024-11-05 22:55:00,0.0,12.62701
2024-11-05 22:56:00,0.0,12.62695
2024-11-05 22:57:00,0.0,12.62712
2024-11-05 22:58:00,0.0,12.62721
2024-11-05 22:59:00,0.0,12.62718
2024-11-05 23:00:00,0.0,12.62606
2024-11-05 23:01:00,0.0,12.62718
2024-11-05 23:02:00,0.0,12.62703
2024-11-05 23:03:00,0.0,12.62706
2024-11-05 23:04:00,0.0,12.62706
2024-11-05 23:05:00,0.0,12.62752
2024-11-05 23:06:00,0.0,12.62722
2024-11-05 23:07:00,0.0,12.62677
2024-11-05 23:08:00,0.0,12.6106
2024-11-05 23:09:00,0.0,12.62698
2024-11-05 23:10:00,0.0,12.61087
2024-11-05 23:11:00,0.0,12.62716
2024-11-05 23:12:00,0.0,12.61127
2024-11-05 23:13:00,0.0,12.62693
2024-11-05 23:14:00,0.0,12.6268
2024-11-05 23:15:00,0.0,12.62697
2024-11-05 23:16:00,0.0,12.6271
2024-11-05 23:17:00,0.0,12.62711
2024-11-05 23:18:00,0.0,12.62698
2024-11-05 23:19:00,0.0,12.62663
2024-11-05 23:20:00,0.0,12.62694
2024-11-05 23:21:00,0.0,12.6271
2024-11-05 23:22:00,0.0,12.62699
2024-11-05 23:23:00,0.0,12.62751
2024-11-05 23:24:00,0.0,12.62687
2024-11-05 23:25:00,0.0,12.62631
2024-11-05 23:26:00,0.0,12.62708
2024-11-05 23:27:00,0.0,12.62681
2024-11-05 23:28:00,0.0,12.62693
2024-11-05 23:29:00,0.0,12.62732
2024-11-05 23:30:00,0.0,12.62724
2024-11-05 23:31:00,0.0,12.60935
2024-11-05 23:32:00,0.0,12.6258
2024-11-05 23:33:00,0.0,12.62559
2024-11-05 23:34:00,0.0,12.62712
2024-11-05 23:35:00,0.0,12.62714
2024-11-05 23:36:00,0.0,12.62718
2024-11-05 23:37:00,0.0,12.62679
2024-11-05 23:38:00,0.0,12.62635
2024-11-05 23:39:00,0.0,12.62679
2024-11-05 23:40:00,0.0,12.62668
2024-11-05 23:41:00,0.0,12.62701
2024-11-05 23:42:00,0.0,12.61077
2024-11-05 23:43:00,0.0,12.62704
2024-11-05 23:44:00,0.0,12.61069
2024-11-05 23:45:00,0.0,12.62656
2024-11-05 23:46:00,0.0,12.62526
2024-11-05 23:47:00,0.0,12.62737
2024-11-05 23:48:00,0.0,12.62739
2024-11-05 23:49:00,0.0,12.62716
2024-11-05 23:50:00,0.0,12.62577
2024-11-05 23:51:00,0.0,12.62709
2024-11-05 23:52:00,0.0,12.62708
2024-11-05 23:53:00,0.0,12.62701
2024-11-05 23:54:00,0.0,12.62693
2024-11-05 23:55:00,0.0,12.62664
2024-11-05 23:56:00,0.0,12.62646
2024-11-05 23:57:00,0.0,12.62663
2024-11-05 23:58:00,0.0,12.61039
2024-11-05 23:59:00,0.0,12.62664
2024-11-06 00:00:00,0.0,12.61058
2024-11-06 00:01:00,0.0,12.62696
2024-11-06 00:02:00,0.0,12.62611
2024-11-06 00:03:00,0.0,12.62675
2024-11-06 00:04:00,0.0,12.62659
2024-11-06 00:05:00,0.0,12.62665
2024-11-06 00:06:00,0.0,12.62654
2024-11-06 00:07:00,0.0,12.62665
2024-11-06 00:08:00,0.0,12.60983
2024-11-06 00:09:00,0.0,12.62696
2024-11-06 00:10:00,0.0,12.60973
2024-11-06 00:11:00,0.0,12.62661
2024-11-06 00:12:00,0.0,12.6105
2024-11-06 00:13:00,0.0,12.62677
2024-11-06 00:14:00,0.0,12.60903
2024-11-06 00:15:00,0.0,12.62649
2024-11-06 00:16:00,0.0,12.62662
2024-11-06 00:17:00,0.0,12.62677
2024-11-06 00:18:00,0.0,12.62703
2024-11-06 00:19:00,0.0,12.62693
2024-11-06 00:20:00,0.0,12.61
2024-11-06 00:21:00,0.0,12.6262
2024-11-06 00:22:00,0.0,12.62658
2024-11-06 00:23:00,0.0,12.62532
2024-11-06 00:24:00,0.0,12.62672
2024-11-06 00:25:00,0.0,12.62667
2024-11-06 00:26:00,0.0,12.6267
2024-11-06 00:27:00,0.0,12.62632
2024-11-06 00:28:00,0.0,12.61061
2024-11-06 00:29:00,0.0,12.62668
2024-11-06 00:30:00,0.0,12.61037
2024-11-06 00:31:00,0.0,12.62651
2024-11-06 00:32:00,0.0,12.61069
2024-11-06 00:33:00,0.0,12.62597
2024-11-06 00:34:00,0.0,12.62632
2024-11-06 00:35:00,0.0,12.62627
2024-11-06 00:36:00,0.0,12.62649
2024-11-06 00:37:00,0.0,12.62622
2024-11-06 00:38:00,0.0,12.62654
2024-11-06 00:39:00,0.0,12.62587
2024-11-06 00:40:00,0.0,12.62646
2024-11-06 00:41:00,0.0,12.62645
2024-11-06 00:42:00,0.0,12.62647
2024-11-06 00:43:00,0.0,12.62652
2024-11-06 00:44:00,0.0,12.62641
2024-11-06 00:45:00,0.0,12.62631
2024-11-06 00:46:00,0.0,12.62617
2024-11-06 00:47:00,0.0,12.62626
2024-11-06 00:48:00,0.0,12.6263
2024-11-06 00:49:00,0.0,12.62651
2024-11-06 00:50:00,0.0,12.62629
2024-11-06 00:51:00,0.0,12.626
2024-11-06 00:52:00,0.0,12.62634
2024-11-06 00:53:00,0.0,12.62648
2024-11-06 00:54:00,0.0,12.62685
2024-11-06 00:55:00,0.0,12.62628
2024-11-06 00:56:00,0.0,12.62542
2024-11-06 00:57:00,0.0,12.62538
2024-11-06 00:58:00,0.0,12.62638
2024-11-06 00:59:00,0.0,12.62667
2024-11-06 01:00:00,0.0,12.62656
2024-11-06 01:01:00,0.0,12.62683
2024-11-06 01:02:00,0.0,12.62672
2024-11-06 01:03:00,0.0,12.59361
2024-11-06 01:04:00,0.0,12.62614
2024-11-06 01:05:00,0.0,12.62635
2024-11-06 01:06:00,0.0,12.62636
2024-11-06 01:07:00,0.0,12.62645
2024-11-06 01:08:00,0.0,12.62636
2024-11-06 01:09:00,0.0,12.62637
2024-11-06 01:10:00,0.0,12.62633
2024-11-06 01:11:00,0.0,12.6262
2024-11-06 01:12:00,0.0,12.62635
2024-11-06 01:13:00,0.0,12.6253
2024-11-06 01:14:00,0.0,12.62645
2024-11-06 01:15:00,0.0,12.62523
2024-11-06 01:16:00,0.0,12.62425
2024-11-06 01:17:00,0.0,12.62612
2024-11-06 01:18:00,0.0,12.62617
2024-11-06 01:19:00,0.0,12.62617
2024-11-06 01:20:00,0.0,12.62623
2024-11-06 01:21:00,0.0,12.62609
2024-11-06 01:22:00,0.0,12.62577
2024-11-06 01:23:00,0.0,12.62553
2024-11-06 01:24:00,0.0,12.6261
2024-11-06 01:25:00,0.0,12.62608
2024-11-06 01:26:00,0.0,12.6263
2024-11-06 01:27:00,0.0,12.62597
2024-11-06 01:28:00,0.0,12.6248
2024-11-06 01:29:00,0.0,12.62602
2024-11-06 01:30:00,0.0,12.62617
2024-11-06 01:31:00,0.0,12.6265
2024-11-06 01:32:00,0.0,12.62664
2024-11-06 01:33:00,0.0,12.62634
2024-11-06 01:34:00,0.0,12.62574
2024-11-06 01:35:00,0.0,12.62631
2024-11-06 01:36:00,0.0,12.62635
2024-11-06 01:37:00,0.0,12.62656
2024-11-06 01:38:00,0.0,12.62662
2024-11-06 01:39:00,0.0,12.62649
2024-11-06 01:40:00,0.0,12.6259
2024-11-06 01:41:00,0.0,12.6265
2024-11-06 01:42:00,0.0,12.62682
2024-11-06 01:43:00,0.0,12.62651
2024-11-06 01:44:00,0.0,12.62601
2024-11-06 01:45:00,0.0,12.62642
2024-11-06 01:46:00,0.0,12.59348
2024-11-06 01:47:00,0.0,12.62628
2024-11-06 01:48:00,0.0,12.6256
2024-11-06 01:49:00,0.0,12.62655
2024-11-06 01:50:00,0.0,12.62653
2024-11-06 01:51:00,0.0,12.61042
2024-11-06 01:52:00,0.0,12.62658
2024-11-06 01:53:00,0.0,12.62668
2024-11-06 01:54:00,0.0,12.61028
2024-11-06 01:55:00,0.0,12.62645
2024-11-06 01:56:00,0.0,12.62659
2024-11-06 01:57:00,0.0,12.62652
2024-11-06 01:58:00,0.0,12.6267
2024-11-06 01:59:00,0.0,12.62617
2024-11-06 02:00:00,0.0,12.62663
2024-11-06 02:01:00,0.0,12.62656
2024-11-06 02:02:00,0.0,12.62676
2024-11-06 02:03:00,0.0,12.62649
2024-11-06 02:04:00,0.0,12.62647
2024-11-06 02:05:00,0.0,12.62606
2024-11-06 02:06:00,0.0,12.62643
2024-11-06 02:07:00,0.0,12.62649
2024-11-06 02:08:00,0.0,12.62666
2024-11-06 02:09:00,0.0,12.62627
2024-11-06 02:10:00,0.0,12.62664
2024-11-06 02:11:00,0.0,12.62628
2024-11-06 02:12:00,0.0,12.6266
2024-11-06 02:13:00,0.0,12.62662
2024-11-06 02:14:00,0.0,12.62666
2024-11-06 02:15:00,0.0,12.62646
2024-11-06 02:16:00,0.0,12.62651
2024-11-06 02:17:00,0.0,12.62531
2024-11-06 02:18:00,0.0,12.62646
2024-11-06 02:19:00,0.0,12.62629
2024-11-06 02:20:00,0.0,12.62672
2024-11-06 02:21:00,0.0,12.62655
2024-11-06 02:22:00,0.0,12.62704
2024-11-06 02:23:00,0.0,12.62655
2024-11-06 02:24:00,0.0,12.61076
2024-11-06 02:25:00,0.0,12.62682
2024-11-06 02:26:00,0.0,12.62478
2024-11-06 02:27:00,0.0,12.62678
2024-11-06 02:28:00,0.0,12.6248
2024-11-06 02:29:00,0.0,12.62632
2024-11-06 02:30:00,0.0,12.62687
2024-11-06 02:31:00,0.0,12.62676
2024-11-06 02:32:00,0.0,12.62691
2024-11-06 02:33:00,0.0,12.62697
2024-11-06 02:34:00,0.0,12.62684
2024-11-06 02:35:00,0.0,12.61011
2024-11-06 02:36:00,0.0,12.62663
2024-11-06 02:37:00,0.0,12.61098
2024-11-06 02:38:00,0.0,12.62692
2024-11-06 02:39:00,0.0,12.61121
2024-11-06 02:40:00,0.0,12.62702
2024-11-06 02:41:00,0.0,12.62505
2024-11-06 02:42:00,0.0,12.62623
2024-11-06 02:43:00,0.0,12.62682
2024-11-06 02:44:00,0.0,12.62706
2024-11-06 02:45:00,0.0,12.62707
2024-11-06 02:46:00,0.0,12.62673
2024-11-06 02:47:00,0.0,12.62678
2024-11-06 02:48:00,0.0,12.62633
2024-11-06 02:49:00,0.0,12.62651
2024-11-06 02:50:00,0.0,12.62664
2024-11-06 02:51:00,0.0,12.62655
2024-11-06 02:52:00,0.0,12.62659
2024-11-06 02:53:00,0.0,12.62581
2024-11-06 02:54:00,0.0,12.62594
2024-11-06 02:55:00,0.0,12.62598
2024-11-06 02:56:00,0.0,12.62612
2024-11-06 02:57:00,0.0,12.62603
2024-11-06 02:58:00,0.0,12.62649
2024-11-06 02:59:00,0.0,12.62642
2024-11-06 03:00:00,0.0,12.62595
2024-11-06 03:01:00,0.0,12.62617
2024-11-06 03:02:00,0.0,12.62627
2024-11-06 03:03:00,0.0,12.62647
2024-11-06 03:04:00,0.0,12.62637
2024-11-06 03:05:00,0.0,12.62639
2024-11-06 03:06:00,0.0,12.60968
2024-11-06 03:07:00,0.0,12.62622
2024-11-06 03:08:00,0.0,12.61039
2024-11-06 03:09:00,0.0,12.62634
2024-11-06 03:10:00,0.0,12.62427
2024-11-06 03:11:00,0.0,12.62651
2024-11-06 03:12:00,0.0,12.6254
2024-11-06 03:13:00,0.0,12.61012
2024-11-06 03:14:00,0.0,12.62618
2024-11-06 03:15:00,0.0,12.61014
2024-11-06 03:16:00,0.0,12.62649
2024-11-06 03:17:00,0.0,12.62423
2024-11-06 03:18:00,0.0,12.60869
2024-11-06 03:19:00,0.0,12.62563
2024-11-06 03:20:00,0.0,12.62598
2024-11-06 03:21:00,0.0,12.62575
2024-11-06 03:22:00,0.0,12.62596
2024-11-06 03:23:00,0.0,12.62608
2024-11-06 03:24:00,0.0,12.62643
2024-11-06 03:25:00,0.0,12.62475
2024-11-06 03:26:00,0.0,12.62486
2024-11-06 03:27:00,0.0,12.62598
2024-11-06 03:28:00,0.0,12.62596
2024-11-06 03:29:00,0.0,12.62612
2024-11-06 03:30:00,0.0,12.62612
2024-11-06 03:31:00,0.0,12.62561
2024-11-06 03:32:00,0.0,12.62603
2024-11-06 03:33:00,0.0,12.62582
2024-11-06 03:34:00,0.0,12.62579
2024-11-06 03:35:00,0.0,12.62598
2024-11-06 03:36:00,0.0,12.62568
2024-11-06 03:37:00,0.0,12.62309
2024-11-06 03:38:00,0.0,12.62564
2024-11-06 03:39:00,0.0,12.62402
2024-11-06 03:40:00,0.0,12.62588
2024-11-06 03:41:00,0.0,12.62544
2024-11-06 03:42:00,0.0,12.62535
2024-11-06 03:43:00,0.0,12.62459
2024-11-06 03:44:00,0.0,12.62584
2024-11-06 03:45:00,0.0,12.62584
2024-11-06 03:46:00,0.0,12.62598
2024-11-06 03:47:00,0.0,12.62576
2024-11-06 03:48:00,0.0,12.6259
2024-11-06 03:49:00,0.0,12.62515
2024-11-06 03:50:00,0.0,12.62564
2024-11-06 03:51:00,0.0,12.62551
2024-11-06 03:52:00,0.0,12.62573
2024-11-06 03:53:00,0.0,12.62567
2024-11-06 03:54:00,0.0,12.62493
2024-11-06 03:55:00,0.0,12.62492
2024-11-06 03:56:00,0.0,12.62534
2024-11-06 03:57:00,0.0,12.62537
2024-11-06 03:58:00,0.0,12.62549
2024-11-06 03:59:00,0.0,12.62551
2024-11-06 04:00:00,0.0,12.62562
2024-11-06 04:01:00,0.0,12.593
2024-11-06 04:02:00,0.0,12.6094
2024-11-06 04:03:00,0.0,12.62568
2024-11-06 04:04:00,0.0,12.6093
2024-11-06 04:05:00,0.0,12.62541
2024-11-06 04:06:00,0.0,12.60937
2024-11-06 04:07:00,0.0,12.6255
2024-11-06 04:08:00,0.0,12.6091
2024-11-06 04:09:00,0.0,12.62536
2024-11-06 04:10:00,0.0,12.60944
2024-11-06 04:11:00,0.0,12.62521
2024-11-06 04:12:00,0.0,12.60924
2024-11-06 04:13:00,0.0,12.62516
2024-11-06 04:14:00,0.0,12.62526
2024-11-06 04:15:00,0.0,12.62496
2024-11-06 04:16:00,0.0,12.62535
2024-11-06 04:17:00,0.0,12.62526
2024-11-06 04:18:00,0.0,12.6253
2024-11-06 04:19:00,0.0,12.62537
2024-11-06 04:20:00,0.0,12.60903
2024-11-06 04:21:00,0.0,12.62534
2024-11-06 04:22:00,0.0,12.60968
2024-11-06 04:23:00,0.0,12.62528
2024-11-06 04:24:00,0.0,12.62516
2024-11-06 04:25:00,0.0,12.62452
2024-11-06 04:26:00,0.0,12.62467
2024-11-06 04:27:00,0.0,12.62488
2024-11-06 04:28:00,0.0,12.62511
2024-11-06 04:29:00,0.0,12.62511
2024-11-06 04:30:00,0.0,12.62497
2024-11-06 04:31:00,0.0,12.62517
2024-11-06 04:32:00,0.0,12.62448
2024-11-06 04:33:00,0.0,12.62482
2024-11-06 04:34:00,0.0,12.62487
2024-11-06 04:35:00,0.0,12.62472
2024-11-06 04:36:00,0.0,12.62477
2024-11-06 04:37:00,0.0,12.6249
2024-11-06 04:38:00,0.0,12.6246
2024-11-06 04:39:00,0.0,12.62491
2024-11-06 04:40:00,0.0,12.62465
2024-11-06 04:41:00,0.0,12.62479
2024-11-06 04:42:00,0.0,12.62498
2024-11-06 04:43:00,0.0,12.62492
2024-11-06 04:44:00,0.0,12.62422
2024-11-06 04:45:00,0.0,12.62467
2024-11-06 04:46:00,0.0,12.62489
2024-11-06 04:47:00,0.0,12.62494
2024-11-06 04:48:00,0.0,12.6247
2024-11-06 04:49:00,0.0,12.62486
2024-11-06 04:50:00,0.0,12.608
2024-11-06 04:51:00,0.0,12.62457
2024-11-06 04:52:00,0.0,12.62466
2024-11-06 04:53:00,0.0,12.62501
2024-11-06 04:54:00,0.0,12.60878
2024-11-06 04:55:00,0.0,12.62498
2024-11-06 04:56:00,0.0,12.60859
2024-11-06 04:57:00,0.0,12.62457
2024-11-06 04:58:00,0.0,12.62441
2024-11-06 04:59:00,0.0,12.62466
2024-11-06 05:00:00,0.0,12.62489
2024-11-06 05:01:00,0.0,12.62471
2024-11-06 05:02:00,0.0,12.62456
2024-11-06 05:03:00,0.0,12.6245
2024-11-06 05:04:00,0.0,12.62347
2024-11-06 05:05:00,0.0,12.62416
2024-11-06 05:06:00,0.0,12.62406
2024-11-06 05:07:00,0.0,12.62457
2024-11-06 05:08:00,0.0,12.62456
2024-11-06 05:09:00,0.0,12.62435
2024-11-06 05:10:00,0.0,12.62461
2024-11-06 05:11:00,0.0,12.62477
2024-11-06 05:12:00,0.0,12.62488
2024-11-06 05:13:00,0.0,12.62444
2024-11-06 05:14:00,0.0,12.62449
2024-11-06 05:15:00,0.0,12.62415
2024-11-06 05:16:00,0.0,12.62427
2024-11-06 05:17:00,0.0,12.62437
2024-11-06 05:18:00,0.0,12.62422
2024-11-06 05:19:00,0.0,12.62441
2024-11-06 05:20:00,0.0,12.62456
2024-11-06 05:21:00,0.0,12.62414
2024-11-06 05:22:00,0.0,12.62416
2024-11-06 05:23:00,0.0,12.62437
2024-11-06 05:24:00,0.0,12.62436
2024-11-06 05:25:00,0.0,12.62449
2024-11-06 05:26:00,0.0,12.62447
2024-11-06 05:27:00,0.0,12.62387
2024-11-06 05:28:00,0.0,12.62455
2024-11-06 05:29:00,0.0,12.62453
2024-11-06 05:30:00,0.0,12.62472
2024-11-06 05:31:00,0.0,12.62429
2024-11-06 05:32:00,0.0,12.62473
2024-11-06 05:33:00,0.0,12.60686
2024-11-06 05:34:00,0.0,12.62415
2024-11-06 05:35:00,0.0,12.6244
2024-11-06 05:36:00,0.0,12.62472
2024-11-06 05:37:00,0.0,12.62433
2024-11-06 05:38:00,0.0,12.62469
2024-11-06 05:39:00,0.0,12.62339
2024-11-06 05:40:00,0.0,12.62195
2024-11-06 05:41:00,0.0,12.62442
2024-11-06 05:42:00,0.0,12.62448
2024-11-06 05:43:00,0.0,12.62456
2024-11-06 05:44:00,0.0,12.62466
2024-11-06 05:45:00,0.0,12.62444
2024-11-06 05:46:00,0.0,12.62412
2024-11-06 05:47:00,0.0,12.62428
2024-11-06 05:48:00,0.0,12.62437
2024-11-06 05:49:00,0.0,12.62444
2024-11-06 05:50:00,0.0,12.62427
2024-11-06 05:51:00,0.0,12.62482
2024-11-06 05:52:00,0.0,12.62405
2024-11-06 05:53:00,0.0,12.62419
2024-11-06 05:54:00,0.0,12.62368
2024-11-06 05:55:00,0.0,12.60727
2024-11-06 05:56:00,0.0,12.62385
2024-11-06 05:57:00,0.0,12.60793
2024-11-06 05:58:00,0.0,12.62376
2024-11-06 05:59:00,0.0,12.624
2024-11-06 06:00:00,0.0,12.62412
2024-11-06 06:01:00,0.0,12.62415
2024-11-06 06:02:00,0.0,12.62411
2024-11-06 06:03:00,0.0,12.62454
2024-11-06 06:04:00,0.0,12.62409
2024-11-06 06:05:00,0.0,12.62431
2024-11-06 06:06:00,0.0,12.62431
2024-11-06 06:07:00,0.0,12.62446
2024-11-06 06:08:00,0.0,12.60835
2024-11-06 06:09:00,0.0,12.6248
2024-11-06 06:10:00,0.0,12.62357
2024-11-06 06:11:00,0.0,12.62435
2024-11-06 06:12:00,0.0,12.62421
2024-11-06 06:13:00,0.0,12.62448
2024-11-06 06:14:00,0.0,12.62443
2024-11-06 06:15:00,0.0,12.62454
2024-11-06 06:16:00,0.0,12.62351
2024-11-06 06:17:00,0.0,12.62448
2024-11-06 06:18:00,0.0,12.62434
2024-11-06 06:19:00,0.0,12.6242
2024-11-06 06:20:00,0.0,12.62452
2024-11-06 06:21:00,0.0,12.6246
2024-11-06 06:22:00,0.0,12.60789
2024-11-06 06:23:00,0.0,12.62434
2024-11-06 06:24:00,0.0,12.62425
2024-11-06 06:25:00,0.0,12.62435
2024-11-06 06:26:00,0.0,12.62399
2024-11-06 06:27:00,0.0,12.62433
2024-11-06 06:28:00,0.0,12.62397
2024-11-06 06:29:00,0.0,12.62411
2024-11-06 06:30:00,0.0,12.62451
2024-11-06 06:31:00,0.0,12.62446
2024-11-06 06:32:00,0.0,12.62382
2024-11-06 06:33:00,0.0,12.62449
2024-11-06 06:34:00,0.0,12.62444
2024-11-06 06:35:00,0.0,12.62406
2024-11-06 06:36:00,0.0,12.62433
2024-11-06 06:37:00,0.0,12.62416
2024-11-06 06:38:00,0.0,12.62428
2024-11-06 06:39:00,0.0,12.62429
2024-11-06 06:40:00,0.0,12.62438
2024-11-06 06:41:00,0.0,12.62381
2024-11-06 06:42:00,0.0,12.6241
2024-11-06 06:43:00,0.0,12.62334
2024-11-06 06:44:00,0.0,12.62418
2024-11-06 06:45:00,0.0,12.62433
2024-11-06 06:46:00,0.0,12.60814
2024-11-06 06:47:00,0.0,12.62407
2024-11-06 06:48:00,0.0,12.62423
2024-11-06 06:49:00,0.0,12.62434
2024-11-06 06:50:00,0.0,12.62418
2024-11-06 06:51:00,0.0,12.62444
2024-11-06 06:52:00,0.0,12.62473
2024-11-06 06:53:00,0.0,12.60755
2024-11-06 06:54:00,0.0,12.62412
2024-11-06 06:55:00,0.0,12.60807
2024-11-06 06:56:00,0.0,12.6245
2024-11-06 06:57:00,0.0,12.60822
2024-11-06 06:58:00,0.0,12.62452
2024-11-06 06:59:00,0.0,12.62351
2024-11-06 07:00:00,0.0,12.62398
2024-11-06 07:01:00,0.0,12.62432
2024-11-06 07:02:00,0.0,12.6246
2024-11-06 07:03:00,0.0,12.62425
2024-11-06 07:04:00,0.0,12.62402
2024-11-06 07:05:00,0.0,12.59145
2024-11-06 07:06:00,0.0,12.62426
2024-11-06 07:07:00,0.0,12.60804
2024-11-06 07:08:00,0.0,12.62433
2024-11-06 07:09:00,0.0,12.60832
2024-11-06 07:10:00,0.0,12.62457
2024-11-06 07:11:00,0.0,12.6084
2024-11-06 07:12:00,0.0,12.62437
2024-11-06 07:13:00,0.0,12.62431
2024-11-06 07:14:00,0.0,12.62451
2024-11-06 07:15:00,0.0,12.62438
2024-11-06 07:16:00,0.0,12.62352
2024-11-06 07:17:00,0.0,12.62429
2024-11-06 07:18:00,0.0,12.62364
2024-11-06 07:19:00,0.0,12.62448
2024-11-06 07:20:00,0.0,12.60817
2024-11-06 07:21:00,0.0,12.62436
2024-11-06 07:22:00,0.0,12.6082
2024-11-06 07:23:00,0.0,12.62431
2024-11-06 07:24:00,0.0,12.62392
2024-11-06 07:25:00,0.0,12.62413
2024-11-06 07:26:00,0.0,12.6243
2024-11-06 07:27:00,0.0,12.62447
2024-11-06 07:28:00,0.0,12.62438
2024-11-06 07:29:00,0.0,12.62455
2024-11-06 07:30:00,0.0,12.62393
2024-11-06 07:31:00,0.0,12.62461
2024-11-06 07:32:00,0.0,12.62359
2024-11-06 07:33:00,0.0,12.62436
2024-11-06 07:34:00,0.0,12.62449
2024-11-06 07:35:00,0.0,12.62456
2024-11-06 07:36:00,0.0,12.62381
2024-11-06 07:37:00,0.0,12.62429
2024-11-06 07:38:00,0.0,12.62428
2024-11-06 07:39:00,0.0,12.62434
2024-11-06 07:40:00,0.0,12.62436
2024-11-06 07:41:00,0.0,12.62422
2024-11-06 07:42:00,0.0,12.62356
2024-11-06 07:43:00,0.0,12.60794
2024-11-06 07:44:00,0.0,12.62439
2024-11-06 07:45:00,0.0,12.62202
2024-11-06 07:46:00,0.0,12.62444
2024-11-06 07:47:00,0.0,12.62417
2024-11-06 07:48:00,0.0,12.62385
2024-11-06 07:49:00,0.0,12.62395
2024-11-06 07:50:00,0.0,12.62419
2024-11-06 07:51:00,0.0,12.62437
2024-11-06 07:52:00,0.0,12.62426
2024-11-06 07:53:00,0.0,12.62449
2024-11-06 07:54:00,0.0,12.62434
2024-11-06 07:55:00,0.0,12.62416
2024-11-06 07:56:00,0.0,12.62421
2024-11-06 07:57:00,0.0,12.62429
2024-11-06 07:58:00,0.0,12.62445
2024-11-06 07:59:00,0.0,12.6244
2024-11-06 08:00:00,0.0,12.62435
2024-11-06 08:01:00,0.0,12.60812
2024-11-06 08:02:00,0.0,12.6243
2024-11-06 08:03:00,0.0,12.62206
2024-11-06 08:04:00,0.0,12.62422
2024-11-06 08:05:00,0.0,12.62436
2024-11-06 08:06:00,0.0,12.6243
2024-11-06 08:07:00,0.0,12.62355
2024-11-06 08:08:00,0.0,12.62428
2024-11-06 08:09:00,0.0,12.62397
2024-11-06 08:10:00,0.0,12.62407
2024-11-06 08:11:00,0.0,12.62427
2024-11-06 08:12:00,0.0,12.6242
2024-11-06 08:13:00,0.0,12.60813
2024-11-06 08:14:00,0.0,12.62421
2024-11-06 08:15:00,0.0,12.62417
2024-11-06 08:16:00,0.0,12.62439
2024-11-06 08:17:00,0.0,12.6245
2024-11-06 08:18:00,0.0,12.62451
2024-11-06 08:19:00,0.0,12.60761
2024-11-06 08:20:00,0.0,12.62405
2024-11-06 08:21:00,0.0,12.60796
2024-11-06 08:22:00,0.0,12.62424
2024-11-06 08:23:00,0.0,12.60696
2024-11-06 08:24:00,0.0,12.62437
2024-11-06 08:25:00,0.0,12.6236
2024-11-06 08:26:00,0.0,12.62402
2024-11-06 08:27:00,0.0,12.62387
2024-11-06 08:28:00,0.0,12.6241
2024-11-06 08:29:00,0.0,12.62451
2024-11-06 08:30:00,0.0,12.62426
2024-11-06 08:31:00,0.04998779,12.60696
2024-11-06 08:32:00,0.0,12.624
2024-11-06 08:33:00,0.0,12.62403
2024-11-06 08:34:00,0.0,12.62419
2024-11-06 08:35:00,0.0,12.6244
2024-11-06 08:36:00,0.02000427,12.62413
2024-11-06 08:37:00,0.0,12.60718
2024-11-06 08:38:00,0.0,12.62377
2024-11-06 08:39:00,0.0,12.62427
2024-11-06 08:40:00,0.0,12.62334
2024-11-06 08:41:00,0.0,12.62391
2024-11-06 08:42:00,0.0,12.62402
2024-11-06 08:43:00,0.0,12.62435
2024-11-06 08:44:00,0.0,12.62372
2024-11-06 08:45:00,0.0,12.6078
2024-11-06 08:46:00,0.0,12.62387
2024-11-06 08:47:00,0.0,12.60805
2024-11-06 08:48:00,0.0,12.624
2024-11-06 08:49:00,0.0,12.62176
2024-11-06 08:50:00,0.0,12.62355
2024-11-06 08:51:00,0.0,12.62379
2024-11-06 08:52:00,0.0,12.62393
2024-11-06 08:53:00,0.0,12.62402
2024-11-06 08:54:00,0.0,12.62368
2024-11-06 08:55:00,0.0,12.62345
2024-11-06 08:56:00,0.08000183,12.62325
2024-11-06 08:57:00,0.0,12.60739
2024-11-06 08:58:00,0.0,12.62383
2024-11-06 08:59:00,0.0,12.60805
2024-11-06 09:00:00,0.02000427,12.62408
2024-11-06 09:01:00,0.0,12.62191
2024-11-06 09:02:00,0.0,12.62357
2024-11-06 09:03:00,0.0,12.62402
2024-11-06 09:04:00,0.02999878,12.62406
2024-11-06 09:05:00,0.0,12.62419
2024-11-06 09:06:00,0.0,12.62381
2024-11-06 09:07:00,0.0,12.62393
2024-11-06 09:08:00,0.0,12.62346
2024-11-06 09:09:00,0.0,12.62372
2024-11-06 09:10:00,0.0,12.62395
2024-11-06 09:11:00,0.0,12.62381
2024-11-06 09:12:00,0.05000305,12.6237
2024-11-06 09:13:00,0.0,12.6239
2024-11-06 09:14:00,0.0,12.62317
2024-11-06 09:15:00,0.02999878,12.62376
2024-11-06 09:16:00,0.0,12.62367
2024-11-06 09:17:00,0.0,12.62367
2024-11-06 09:18:00,0.0,12.62383
2024-11-06 09:19:00,0.0,12.62382
2024-11-06 09:20:00,0.0,12.6061
2024-11-06 09:21:00,0.0,12.62345
2024-11-06 09:22:00,0.0,12.62366
2024-11-06 09:23:00,0.0,12.62376
2024-11-06 09:24:00,0.0,12.62385
2024-11-06 09:25:00,0.0,12.62383
2024-11-06 09:26:00,0.0,12.62382
2024-11-06 09:27:00,0.0,12.6236
2024-11-06 09:28:00,0.0,12.62357
2024-11-06 09:29:00,0.0,12.62365
2024-11-06 09:30:00,0.0,12.62386
2024-11-06 09:31:00,0.0,12.62386
2024-11-06 09:32:00,0.0,12.62351
2024-11-06 09:33:00,0.0,12.6231
2024-11-06 09:34:00,0.0,12.62369
2024-11-06 09:35:00,0.0,12.62378
2024-11-06 09:36:00,0.0,12.6237
2024-11-06 09:37:00,0.0,12.62362
2024-11-06 09:38:00,0.0,12.6237
2024-11-06 09:39:00,0.0,12.6231
2024-11-06 09:40:00,0.0,12.60736
2024-11-06 09:41:00,0.0,12.62355
2024-11-06 09:42:00,0.0,12.62173
2024-11-06 09:43:00,0.0,12.62338
2024-11-06 09:44:00,0.0,12.62354
2024-11-06 09:45:00,0.0,12.60707
2024-11-06 09:46:00,0.0,12.62336
2024-11-06 09:47:00,0.0,12.6071
2024-11-06 09:48:00,0.0,12.6237
2024-11-06 09:49:00,0.0,12.6073
2024-11-06 09:50:00,0.0,12.62321
2024-11-06 09:51:00,0.0,12.62281
2024-11-06 09:52:00,0.0,12.62322
2024-11-06 09:53:00,0.0,12.62327
2024-11-06 09:54:00,0.0,12.62314
2024-11-06 09:55:00,0.0,12.62353
2024-11-06 09:56:00,0.0,12.6232
2024-11-06 09:57:00,0.0,12.62291
2024-11-06 09:58:00,0.0,12.60743
2024-11-06 09:59:00,0.0,12.62324
2024-11-06 10:00:00,0.0,12.60727
2024-11-06 10:01:00,0.0,12.62326
2024-11-06 10:02:00,0.0,12.60674
2024-11-06 10:03:00,0.0,12.60559
2024-11-06 10:04:00,0.0,12.62286
2024-11-06 10:05:00,0.0,12.6233
2024-11-06 10:06:00,0.0,12.62321
2024-11-06 10:07:00,0.0,12.62327
2024-11-06 10:08:00,0.0,12.62262
2024-11-06 10:09:00,0.0,12.607
2024-11-06 10:10:00,0.0,12.62308
2024-11-06 10:11:00,0.0,12.62293
2024-11-06 10:12:00,0.0,12.62355
2024-11-06 10:13:00,0.0,12.62343
2024-11-06 10:14:00,0.0,12.62298
2024-11-06 10:15:00,0.0,12.62313
2024-11-06 10:16:00,0.0,12.60655
2024-11-06 10:17:00,0.0,12.62283
2024-11-06 10:18:00,0.0,12.60677
2024-11-06 10:19:00,0.0,12.62204
2024-11-06 10:20:00,0.0,12.60694
2024-11-06 10:21:00,0.0,12.62346
2024-11-06 10:22:00,0.0,12.62287
2024-11-06 10:23:00,0.0,12.62058
2024-11-06 10:24:00,0.0,12.62289
2024-11-06 10:25:00,0.0,12.62302
2024-11-06 10:26:00,0.0,12.62299
2024-11-06 10:27:00,0.0,12.62305
2024-11-06 10:28:00,0.0,12.62278
2024-11-06 10:29:00,0.0,12.62288
2024-11-06 10:30:00,0.0,12.62326
2024-11-06 10:31:00,0.0,12.62311
2024-11-06 10:32:00,0.0,12.62307
2024-11-06 10:33:00,0.0,12.62328
2024-11-06 10:34:00,0.0,12.62289
2024-11-06 10:35:00,0.0,12.62311
2024-11-06 10:36:00,0.0,12.62343
2024-11-06 10:37:00,0.0,12.62344
2024-11-06 10:38:00,0.0,12.62335
2024-11-06 10:39:00,0.0,12.6232
2024-11-06 10:40:00,0.0,12.62262
2024-11-06 10:41:00,0.0,12.62303
2024-11-06 10:42:00,0.0,12.62313
2024-11-06 10:43:00,0.0,12.62319
2024-11-06 10:44:00,0.0,12.62325
2024-11-06 10:45:00,0.0,12.62322
2024-11-06 10:46:00,0.0,12.6225
2024-11-06 10:47:00,0.0,12.6223
2024-11-06 10:48:00,0.0,12.62301
2024-11-06 10:49:00,0.0,12.62319
2024-11-06 10:50:00,0.0,12.62298
2024-11-06 10:51:00,0.0,12.62312
2024-11-06 10:52:00,0.0,12.58973
2024-11-06 10:53:00,0.0,12.62275
2024-11-06 10:54:00,0.0,12.62248
2024-11-06 10:55:00,0.0,12.62295
2024-11-06 10:56:00,0.0,12.62336
2024-11-06 10:57:00,0.0,12.62315
2024-11-06 10:58:00,0.0,12.62324
2024-11-06 10:59:00,0.0,12.62317
2024-11-06 11:00:00,0.0,12.62334
2024-11-06 11:01:00,0.0,12.62315
2024-11-06 11:02:00,0.0,12.62302
2024-11-06 11:03:00,0.0,12.62303
2024-11-06 11:04:00,0.0,12.62333
2024-11-06 11:05:00,0.0,12.62299
2024-11-06 11:06:00,0.0,12.62315
2024-11-06 11:07:00,0.0,12.62334
2024-11-06 11:08:00,0.0,12.62332
2024-11-06 11:09:00,0.0,12.62331
2024-11-06 11:10:00,0.0,12.62343
2024-11-06 11:11:00,0.0,12.62297
2024-11-06 11:12:00,0.0,12.62349
2024-11-06 11:13:00,0.0,12.62345
2024-11-06 11:14:00,0.0,12.62385
2024-11-06 11:15:00,0.0,12.62375
2024-11-06 11:16:00,0.0,12.62406
2024-11-06 11:17:00,0.0,12.62333
2024-11-06 11:18:00,0.0,12.62348
2024-11-06 11:19:00,0.0,12.62348
2024-11-06 11:20:00,0.0,12.62362
2024-11-06 11:21:00,0.0,12.62343
2024-11-06 11:22:00,0.0,12.62348
2024-11-06 11:23:00,0.0,12.62299
2024-11-06 11:24:00,0.0,12.62326
2024-11-06 11:25:00,0.0,12.62332
2024-11-06 11:26:00,0.0,12.62353
2024-11-06 11:27:00,0.0,12.62364
2024-11-06 11:28:00,0.0,12.62345
2024-11-06 11:29:00,0.0,12.62346
2024-11-06 11:30:00,0.0,12.62342
2024-11-06 11:31:00,0.0,12.62358
2024-11-06 11:32:00,0.0,12.62357
2024-11-06 11:33:00,0.0,12.6234
2024-11-06 11:34:00,0.0,12.62382
2024-11-06 11:35:00,0.0,12.60594
2024-11-06 11:36:00,0.0,12.62341
2024-11-06 11:37:00,0.0,12.62381
2024-11-06 11:38:00,0.0,12.62367
2024-11-06 11:39:00,0.0,12.62376
2024-11-06 11:40:00,0.0,12.62413
2024-11-06 11:41:00,0.0,12.62407
2024-11-06 11:42:00,0.0,12.62375
2024-11-06 11:43:00,0.0,12.62383
2024-11-06 11:44:00,0.0,12.62394
2024-11-06 11:45:00,0.0,12.62381
2024-11-06 11:46:00,0.0,12.62399
2024-11-06 11:47:00,0.0,12.62395
2024-11-06 11:48:00,0.0,12.62337
2024-11-06 11:49:00,0.0,12.6237
2024-11-06 11:50:00,0.0,12.62365
2024-11-06 11:51:00,0.0,12.62372
2024-11-06 11:52:00,0.0,12.62381
2024-11-06 11:53:00,0.0,12.62359
2024-11-06 11:54:00,0.0,12.60685
2024-11-06 11:55:00,0.0,12.62307
2024-11-06 11:56:00,0.0,12.60721
2024-11-06 11:57:00,0.0,12.62334
2024-11-06 11:58:00,0.0,12.60739
2024-11-06 11:59:00,0.0,12.623
2024-11-06 12:00:00,0.0,12.60561
2024-11-06 12:01:00,0.0,12.6211
2024-11-06 12:02:00,0.0,12.60416
2024-11-06 12:03:00,0.0,12.62078
2024-11-06 12:04:00,0.0,12.62081
2024-11-06 12:05:00,0.0,12.62103
2024-11-06 12:06:00,0.0,12.6025
2024-11-06 12:07:00,0.0,12.61974
2024-11-06 12:08:00,0.0,12.61963
2024-11-06 12:09:00,0.0,12.62117
2024-11-06 12:10:00,0.0,12.6215
2024-11-06 12:11:00,0.0,12.62215
2024-11-06 12:12:00,0.0,12.62064
2024-11-06 12:13:00,0.0,12.61837
2024-11-06 12:14:00,0.04998779,12.62056
2024-11-06 12:15:00,0.0,12.62152
2024-11-06 12:16:00,0.03001404,12.62219
2024-11-06 12:17:00,0.0,12.60309
2024-11-06 12:18:00,0.01998901,12.6037
2024-11-06 12:19:00,0.0,12.60384
2024-11-06 12:20:00,0.0,12.60512
2024-11-06 12:21:00,0.02999878,12.62124
2024-11-06 12:22:00,0.0,12.60604
2024-11-06 12:23:00,0.0,12.62249
2024-11-06 12:24:00,0.02999878,12.60636
2024-11-06 12:25:00,0.0,12.62233
2024-11-06 12:26:00,0.0,12.62264
2024-11-06 12:27:00,0.0,12.62052
2024-11-06 12:28:00,0.0,12.62263
2024-11-06 12:29:00,0.0,12.62306
2024-11-06 12:30:00,0.0,12.62317
2024-11-06 12:31:00,0.05000305,12.62257
2024-11-06 12:32:00,0.0,12.62198
2024-11-06 12:33:00,0.0,12.62284
2024-11-06 12:34:00,0.0,12.62311
2024-11-06 12:35:00,0.02000427,12.62307
2024-11-06 12:36:00,0.0,12.62237
2024-11-06 12:37:00,0.02999878,12.62281
2024-11-06 12:38:00,0.0,12.62297
2024-11-06 12:39:00,0.02999878,12.62289
2024-11-06 12:40:00,0.0,12.62357
2024-11-06 12:41:00,0.02000427,12.62324
2024-11-06 12:42:00,0.0,12.62315
2024-11-06 12:43:00,0.0,12.60552
2024-11-06 12:44:00,0.0,12.62292
2024-11-06 12:45:00,0.0,12.62296
2024-11-06 12:46:00,0.0,12.62327
2024-11-06 12:47:00,0.05000305,12.62328
2024-11-06 12:48:00,0.0,12.62308
2024-11-06 12:49:00,0.0,12.62332
2024-11-06 12:50:00,0.02999878,12.6229
2024-11-06 12:51:00,0.0,12.62307
2024-11-06 12:52:00,0.02999878,12.62327
2024-11-06 12:53:00,0.0,12.62322
2024-11-06 12:54:00,0.0,12.62331
2024-11-06 12:55:00,0.0,12.62265
2024-11-06 12:56:00,0.01998901,12.62284
2024-11-06 12:57:00,0.0,12.62292
2024-11-06 12:58:00,0.0,12.62333
2024-11-06 12:59:00,0.0,12.62318
2024-11-06 13:00:00,0.0,12.6233
2024-11-06 13:01:00,0.06001282,12.60748
2024-11-06 13:02:00,0.0,12.62306
2024-11-06 13:03:00,0.01998901,12.62354
2024-11-06 13:04:00,0.0,12.62352
2024-11-06 13:05:00,0.02999878,12.62341
2024-11-06 13:06:00,0.0,12.62367
2024-11-06 13:07:00,0.0,12.62387
2024-11-06 13:08:00,0.03001404,12.60634
2024-11-06 13:09:00,0.0,12.62364
2024-11-06 13:10:00,0.01998901,12.62389
2024-11-06 13:11:00,0.0,12.62424
2024-11-06 13:12:00,0.0,12.62441
2024-11-06 13:13:00,0.0,12.62426
2024-11-06 13:14:00,0.05999756,12.62435
2024-11-06 13:15:00,0.0,12.62445
2024-11-06 13:16:00,0.02000427,12.62451
2024-11-06 13:17:00,0.0,12.62486
2024-11-06 13:18:00,0.02999878,12.62514
2024-11-06 13:19:00,0.0,12.62596
2024-11-06 13:20:00,0.0,12.62513
2024-11-06 13:21:00,0.02999878,12.62584
2024-11-06 13:22:00,0.0,12.62625
2024-11-06 13:23:00,0.02000427,12.62661
2024-11-06 13:24:00,0.0,12.62686
2024-11-06 13:25:00,0.0,12.62735
2024-11-06 13:26:00,0.0,12.62662
2024-11-06 13:27:00,0.05000305,12.62775
2024-11-06 13:28:00,0.0,12.62853
2024-11-06 13:29:00,0.0,12.62881
2024-11-06 13:30:00,0.02999878,12.62896
2024-11-06 13:31:00,0.0,12.62942
2024-11-06 13:32:00,0.0,12.63001
2024-11-06 13:33:00,0.02999878,12.62966
2024-11-06 13:34:00,0.0,12.63059
2024-11-06 13:35:00,0.0,12.63053
2024-11-06 13:36:00,0.0,12.63093
2024-11-06 13:37:00,0.02000427,12.63084
2024-11-06 13:38:00,0.0,12.63132
2024-11-06 13:39:00,0.0,12.6309
2024-11-06 13:40:00,0.0,12.63144
2024-11-06 13:41:00,0.0,12.63126
2024-11-06 13:42:00,0.0,12.63056
2024-11-06 13:43:00,0.0,12.63121
2024-11-06 13:44:00,0.04998779,12.63113
2024-11-06 13:45:00,0.0,12.63019
2024-11-06 13:46:00,0.0,12.63057
2024-11-06 13:47:00,0.0,12.63025
2024-11-06 13:48:00,0.03001404,12.63014
2024-11-06 13:49:00,0.0,12.62974
2024-11-06 13:50:00,0.0,12.62979
2024-11-06 13:51:00,0.0,12.62879
2024-11-06 13:52:00,0.0,12.62895
2024-11-06 13:53:00,0.02999878,12.62877
2024-11-06 13:54:00,0.0,12.62832
2024-11-06 13:55:00,0.0,12.62827
2024-11-06 13:56:00,0.0,12.62787
2024-11-06 13:57:00,0.0,12.62715
2024-11-06 13:58:00,0.0,12.62735
2024-11-06 13:59:00,0.0,12.62713
2024-11-06 14:00:00,0.0,12.62699
2024-11-06 14:01:00,0.0,12.62686
2024-11-06 14:02:00,0.0,12.62671
2024-11-06 14:03:00,0.04998779,12.62589
2024-11-06 14:04:00,0.0,12.6263
2024-11-06 14:05:00,0.0,12.62574
2024-11-06 14:06:00,0.0,12.62613
2024-11-06 14:07:00,0.0,12.62608
2024-11-06 14:08:00,0.0,12.62607
2024-11-06 14:09:00,0.0,12.62497
2024-11-06 14:10:00,0.0,12.6255
2024-11-06 14:11:00,0.0,12.6256
2024-11-06 14:12:00,0.0,12.62535
2024-11-06 14:13:00,0.0,12.62558
2024-11-06 14:14:00,0.0,12.62535
2024-11-06 14:15:00,0.0,12.60855
2024-11-06 14:16:00,0.0,12.6251
2024-11-06 14:17:00,0.0,12.60887
2024-11-06 14:18:00,0.05000305,12.62456
2024-11-06 14:19:00,0.0,12.60874
2024-11-06 14:20:00,0.0,12.62524
2024-11-06 14:21:00,0.0,12.60871
2024-11-06 14:22:00,0.02000427,12.62441
2024-11-06 14:23:00,0.0,12.62462
2024-11-06 14:24:00,0.0,12.62463
2024-11-06 14:25:00,0.02999878,12.62489
2024-11-06 14:26:00,0.0,12.62484
2024-11-06 14:27:00,0.0,12.62475
2024-11-06 14:28:00,0.02999878,12.624
2024-11-06 14:29:00,0.0,12.6243
2024-11-06 14:30:00,0.0,12.62431
2024-11-06 14:31:00,0.0,12.62423
2024-11-06 14:32:00,0.0,12.62441
2024-11-06 14:33:00,0.0,12.62424
2024-11-06 14:34:00,0.05000305,12.60733
2024-11-06 14:35:00,0.0,12.60772
2024-11-06 14:36:00,0.02999878,12.62415
2024-11-06 14:37:00,0.02999878,12.60784
2024-11-06 14:38:00,0.0,12.62412
2024-11-06 14:39:00,0.0,12.62165
2024-11-06 14:40:00,0.02999878,12.62343
2024-11-06 14:41:00,0.0,12.60686
2024-11-06 14:42:00,0.02999878,12.62371
2024-11-06 14:43:00,0.0,12.60761
2024-11-06 14:44:00,0.02000427,12.62366
2024-11-06 14:45:00,0.0,12.60763
2024-11-06 14:46:00,0.0,12.6225
2024-11-06 14:47:00,0.0,12.62292
2024-11-06 14:48:00,0.05000305,12.62366
2024-11-06 14:49:00,0.02999878,12.6235
2024-11-06 14:50:00,0.0,12.62349
2024-11-06 14:51:00,0.0,12.60718
2024-11-06 14:52:00,0.02999878,12.62281
2024-11-06 14:53:00,0.02999878,12.62301
2024-11-06 14:54:00,0.0,12.62238
2024-11-06 14:55:00,0.0,12.62208
2024-11-06 14:56:00,0.02000427,12.62258
2024-11-06 14:57:00,0.02999878,12.6226
2024-11-06 14:58:00,0.0,12.62141
2024-11-06 14:59:00,0.0,12.62195
2024-11-06 15:00:00,0.05000305,12.62227
2024-11-06 15:01:00,0.02999878,12.62228
2024-11-06 15:02:00,0.02999878,12.62102
2024-11-06 15:03:00,0.0,12.62201
2024-11-06 15:04:00,0.02999878,12.62138
2024-11-06 15:05:00,0.02000427,12.60551
2024-11-06 15:06:00,0.0,12.62181
2024-11-06 15:07:00,0.03999329,12.60626
2024-11-06 15:08:00,0.02000427,12.62192
2024-11-06 15:09:00,0.0,12.60608
2024-11-06 15:10:00,0.0,12.62194
2024-11-06 15:11:00,0.0,12.60509
2024-11-06 15:12:00,0.05999756,12.62141
2024-11-06 15:13:00,0.0,12.60526
2024-11-06 15:14:00,0.02000427,12.62145
2024-11-06 15:15:00,0.0,12.60562
2024-11-06 15:16:00,0.02999878,12.62137
2024-11-06 15:17:00,0.0,12.60426
2024-11-06 15:18:00,0.02999878,12.62087
2024-11-06 15:19:00,0.0,12.62092
2024-11-06 15:20:00,0.01998901,12.62091
2024-11-06 15:21:00,0.0,12.62095
2024-11-06 15:22:00,0.03001404,12.62067
2024-11-06 15:23:00,0.0,12.62057
2024-11-06 15:24:00,0.0,12.62072
2024-11-06 15:25:00,0.0,12.62064
2024-11-06 15:26:00,0.04998779,12.62048
2024-11-06 15:27:00,0.0,12.62056
2024-11-06 15:28:00,0.0,12.62057
2024-11-06 15:29:00,0.0,12.62009
2024-11-06 15:30:00,0.02999878,12.62022
2024-11-06 15:31:00,0.0,12.61998
2024-11-06 15:32:00,0.0,12.62021
2024-11-06 15:33:00,0.0,12.62022
2024-11-06 15:34:00,0.0,12.62009
2024-11-06 15:35:00,0.02000427,12.61955
2024-11-06 15:36:00,0.0,12.61986
2024-11-06 15:37:00,0.0,12.61983
2024-11-06 15:38:00,0.0,12.62019
2024-11-06 15:39:00,0.0,12.61975
2024-11-06 15:40:00,0.0,12.6197
2024-11-06 15:41:00,0.05000305,12.61913
2024-11-06 15:42:00,0.0,12.61973
2024-11-06 15:43:00,0.0,12.60362
2024-11-06 15:44:00,0.02999878,12.61956
2024-11-06 15:45:00,0.0,12.60383
2024-11-06 15:46:00,0.0,12.61976
2024-11-06 15:47:00,0.0,12.60342
2024-11-06 15:48:00,0.02999878,12.603
2024-11-06 15:49:00,0.0,12.61934
2024-11-06 15:50:00,0.0,12.60309
2024-11-06 15:51:00,0.02000427,12.61934
2024-11-06 15:52:00,0.0,12.60334
2024-11-06 15:53:00,0.0,12.61948
2024-11-06 15:54:00,0.0,12.61878
2024-11-06 15:55:00,0.0,12.61897
2024-11-06 15:56:00,0.0,12.619
2024-11-06 15:57:00,0.0,12.61905
2024-11-06 15:58:00,0.0,12.61898
2024-11-06 15:59:00,0.0,12.61891
2024-11-06 16:00:00,0.05000305,12.60199
2024-11-06 16:01:00,0.0,12.61884
2024-11-06 16:02:00,0.0,12.61873
2024-11-06 16:03:00,0.02999878,12.61869
2024-11-06 16:04:00,0.0,12.61896
2024-11-06 16:05:00,0.0,12.61872
2024-11-06 16:06:00,0.02999878,12.61831
2024-11-06 16:07:00,0.0,12.6182
2024-11-06 16:08:00,0.02000427,12.61847
2024-11-06 16:09:00,0.0,12.61858
2024-11-06 16:10:00,0.0,12.61849
2024-11-06 16:11:00,0.0,12.61831
2024-11-06 16:12:00,0.0,12.61817
2024-11-06 16:13:00,0.05999756,12.60234
2024-11-06 16:14:00,0.0,12.61817
2024-11-06 16:15:00,0.01998901,12.60206
2024-11-06 16:16:00,0.0,12.61819
2024-11-06 16:17:00,0.02999878,12.60195
2024-11-06 16:18:00,0.0,12.61779
2024-11-06 16:19:00,0.0,12.61784
2024-11-06 16:20:00,0.03001404,12.61787
2024-11-06 16:21:00,0.0,12.61812
2024-11-06 16:22:00,0.01998901,12.61788
2024-11-06 16:23:00,0.0,12.61785
2024-11-06 16:24:00,0.0,12.60126
2024-11-06 16:25:00,0.0,12.61755
2024-11-06 16:26:00,0.0,12.61772
2024-11-06 16:27:00,0.0,12.61746
2024-11-06 16:28:00,0.05999756,12.61791
2024-11-06 16:29:00,0.0,12.61794
2024-11-06 16:30:00,0.0,12.60017
2024-11-06 16:31:00,0.0,12.61737
2024-11-06 16:32:00,0.0,12.6152
2024-11-06 16:33:00,0.0,12.61755
2024-11-06 16:34:00,0.0,12.60119
2024-11-06 16:35:00,0.0,12.61689
2024-11-06 16:36:00,0.0,12.6155
2024-11-06 16:37:00,0.0,12.61699
2024-11-06 16:38:00,0.0,12.60072
2024-11-06 16:39:00,0.0,12.6176
2024-11-06 16:40:00,0.0,12.60129
2024-11-06 16:41:00,0.0,12.61753
2024-11-06 16:42:00,0.0,12.60137
2024-11-06 16:43:00,0.0,12.61681
2024-11-06 16:44:00,0.0,12.6009
2024-11-06 16:45:00,0.0,12.61704
2024-11-06 16:46:00,0.0,12.60123
2024-11-06 16:47:00,0.0,12.61721
2024-11-06 16:48:00,0.0,12.60115
2024-11-06 16:49:00,0.0,12.61676
2024-11-06 16:50:00,0.0,12.61688
2024-11-06 16:51:00,0.0,12.6006
2024-11-06 16:52:00,0.0,12.61697
2024-11-06 16:53:00,0.0,12.60071
2024-11-06 16:54:00,0.0,12.61722
2024-11-06 16:55:00,0.0,12.6165
2024-11-06 16:56:00,0.0,12.61675
2024-11-06 16:57:00,0.0,12.61688
2024-11-06 16:58:00,0.0,12.61719
2024-11-06 16:59:00,0.0,12.61656
2024-11-06 17:00:00,0.0,12.61598
2024-11-06 17:01:00,0.0,12.61639
2024-11-06 17:02:00,0.0,12.61641
2024-11-06 17:03:00,0.0,12.61655
2024-11-06 17:04:00,0.0,12.61684
2024-11-06 17:05:00,0.0,12.61672
2024-11-06 17:06:00,0.0,12.61684
2024-11-06 17:07:00,0.0,12.61596
2024-11-06 17:08:00,0.0,12.61637
2024-11-06 17:09:00,0.0,12.60025
2024-11-06 17:10:00,0.0,12.61584
2024-11-06 17:11:00,0.0,12.60055
2024-11-06 17:12:00,0.0,12.61655
2024-11-06 17:13:00,0.0,12.59927
2024-11-06 17:14:00,0.0,12.60002
2024-11-06 17:15:00,0.0,12.61658
2024-11-06 17:16:00,0.0,12.60061
2024-11-06 17:17:00,0.0,12.61648
2024-11-06 17:18:00,0.05000305,12.60034
2024-11-06 17:19:00,0.0,12.59992
2024-11-06 17:20:00,0.0,12.61605
2024-11-06 17:21:00,0.0,12.61627
2024-11-06 17:22:00,0.0,12.61647
2024-11-06 17:23:00,0.0,12.61638
2024-11-06 17:24:00,0.0,12.61641
2024-11-06 17:25:00,0.0,12.61664
2024-11-06 17:26:00,0.0,12.61592
2024-11-06 17:27:00,0.0,12.61627
2024-11-06 17:28:00,0.0,12.61628
2024-11-06 17:29:00,0.0,12.61638
2024-11-06 17:30:00,0.0,12.61615
2024-11-06 17:31:00,0.0,12.6164
2024-11-06 17:32:00,0.0,12.61542
2024-11-06 17:33:00,0.0,12.61585
2024-11-06 17:34:00,0.0,12.61569
2024-11-06 17:35:00,0.0,12.61601
2024-11-06 17:36:00,0.0,12.61609
2024-11-06 17:37:00,0.0,12.61622
2024-11-06 17:38:00,0.0,12.61583
2024-11-06 17:39:00,0.0,12.59975
2024-11-06 17:40:00,0.0,12.61596
2024-11-06 17:41:00,0.0,12.60025
2024-11-06 17:42:00,0.0,12.61608
2024-11-06 17:43:00,0.0,12.61366
2024-11-06 17:44:00,0.0,12.5992
2024-11-06 17:45:00,0.0,12.61607
2024-11-06 17:46:00,0.0,12.61539
2024-11-06 17:47:00,0.0,12.61573
2024-11-06 17:48:00,0.0,12.61549
2024-11-06 17:49:00,0.0,12.6156
2024-11-06 17:50:00,0.0,12.61448
2024-11-06 17:51:00,0.0,12.61572
2024-11-06 17:52:00,0.0,12.61567
2024-11-06 17:53:00,0.0,12.61572
2024-11-06 17:54:00,0.0,12.61498
2024-11-06 17:55:00,0.0,12.61496
2024-11-06 17:56:00,0.0,12.61454
2024-11-06 17:57:00,0.0,12.61469
2024-11-06 17:58:00,0.0,12.61511
2024-11-06 17:59:00,0.0,12.61552
2024-11-06 18:00:00,0.0,12.61518
2024-11-06 18:01:00,0.0,12.61511
2024-11-06 18:02:00,0.0,12.6148
2024-11-06 18:03:00,0.0,12.61477
2024-11-06 18:04:00,0.0,12.61515
2024-11-06 18:05:00,0.0,12.61523
2024-11-06 18:06:00,0.0,12.61523
2024-11-06 18:07:00,0.0,12.61418
2024-11-06 18:08:00,0.0,12.614
2024-11-06 18:09:00,0.0,12.61462
2024-11-06 18:10:00,0.0,12.61505
2024-11-06 18:11:00,0.0,12.6145
2024-11-06 18:12:00,0.0,12.6152
2024-11-06 18:13:00,0.0,12.61496
2024-11-06 18:14:00,0.0,12.61508
2024-11-06 18:15:00,0.0,12.61414
2024-11-06 18:16:00,0.0,12.61474
2024-11-06 18:17:00,0.0,12.61466
2024-11-06 18:18:00,0.0,12.61481
2024-11-06 18:19:00,0.0,12.61503
2024-11-06 18:20:00,0.0,12.615
2024-11-06 18:21:00,0.0,12.61443
2024-11-06 18:22:00,0.0,12.61464
2024-11-06 18:23:00,0.0,12.61442
2024-11-06 18:24:00,0.0,12.61382
2024-11-06 18:25:00,0.0,12.61466
2024-11-06 18:26:00,0.0,12.61466
2024-11-06 18:27:00,0.0,12.61416
2024-11-06 18:28:00,0.0,12.61407
2024-11-06 18:29:00,0.0,12.61456
2024-11-06 18:30:00,0.0,12.61449
2024-11-06 18:31:00,0.0,12.61447
2024-11-06 18:32:00,0.0,12.61452
2024-11-06 18:33:00,0.0,12.61165
2024-11-06 18:34:00,0.0,12.61416
2024-11-06 18:35:00,0.0,12.61446
2024-11-06 18:36:00,0.0,12.61366
2024-11-06 18:37:00,0.0,12.6144
2024-11-06 18:38:00,0.0,12.61422
2024-11-06 18:39:00,0.0,12.61377
2024-11-06 18:40:00,0.0,12.6129
2024-11-06 18:41:00,0.0,12.61423
2024-11-06 18:42:00,0.0,12.61406
2024-11-06 18:43:00,0.0,12.61425
2024-11-06 18:44:00,0.0,12.61432
2024-11-06 18:45:00,0.0,12.58185
2024-11-06 18:46:00,0.0,12.61386
2024-11-06 18:47:00,0.0,12.61408
2024-11-06 18:48:00,0.0,12.61409
2024-11-06 18:49:00,0.0,12.61415
2024-11-06 18:50:00,0.0,12.6141
2024-11-06 18:51:00,0.0,12.61417
2024-11-06 18:52:00,0.0,12.61379
2024-11-06 18:53:00,0.0,12.61404
2024-11-06 18:54:00,0.0,12.61383
2024-11-06 18:55:00,0.0,12.61393
2024-11-06 18:56:00,0.0,12.61394
2024-11-06 18:57:00,0.0,12.61394
2024-11-06 18:58:00,0.0,12.61339
2024-11-06 18:59:00,0.0,12.61355
2024-11-06 19:00:00,0.0,12.61368
2024-11-06 19:01:00,0.0,12.61291
2024-11-06 19:02:00,0.0,12.61368
2024-11-06 19:03:00,0.0,12.61363
2024-11-06 19:04:00,0.0,12.59711
2024-11-06 19:05:00,0.0,12.61336
2024-11-06 19:06:00,0.0,12.61358
2024-11-06 19:07:00,0.0,12.61377
2024-11-06 19:08:00,0.0,12.61356
2024-11-06 19:09:00,0.0,12.6137
2024-11-06 19:10:00,0.0,12.61326
2024-11-06 19:11:00,0.0,12.6135
2024-11-06 19:12:00,0.0,12.59712
2024-11-06 19:13:00,0.0,12.6136
2024-11-06 19:14:00,0.0,12.61328
2024-11-06 19:15:00,0.0,12.6134
2024-11-06 19:16:00,0.0,12.61357
2024-11-06 19:17:00,0.0,12.61279
2024-11-06 19:18:00,0.0,12.61321
2024-11-06 19:19:00,0.0,12.6134
2024-11-06 19:20:00,0.0,12.61327
2024-11-06 19:21:00,0.0,12.61341
2024-11-06 19:22:00,0.0,12.61268
2024-11-06 19:23:00,0.0,12.61287
2024-11-06 19:24:00,0.0,12.61305
2024-11-06 19:25:00,0.0,12.61302
2024-11-06 19:26:00,0.0,12.61306
2024-11-06 19:27:00,0.0,12.61281
2024-11-06 19:28:00,0.0,12.59573
2024-11-06 19:29:00,0.0,12.61287
2024-11-06 19:30:00,0.0,12.61284
2024-11-06 19:31:00,0.0,12.61294
2024-11-06 19:32:00,0.0,12.61273
2024-11-06 19:33:00,0.0,12.613
2024-11-06 19:34:00,0.0,12.613
2024-11-06 19:35:00,0.0,12.61309
2024-11-06 19:36:00,0.0,12.61274
2024-11-06 19:37:00,0.0,12.61297
2024-11-06 19:38:00,0.0,12.61263
2024-11-06 19:39:00,0.0,12.61281
2024-11-06 19:40:00,0.0,12.61294
2024-11-06 19:41:00,0.0,12.612
2024-11-06 19:42:00,0.0,12.61237
2024-11-06 19:43:00,0.0,12.61247
2024-11-06 19:44:00,0.0,12.6127
2024-11-06 19:45:00,0.0,12.61259
2024-11-06 19:46:00,0.0,12.61295
2024-11-06 19:47:00,0.0,12.61185
2024-11-06 19:48:00,0.0,12.59601
2024-11-06 19:49:00,0.0,12.61236
2024-11-06 19:50:00,0.0,12.5962
2024-11-06 19:51:00,0.0,12.61243
2024-11-06 19:52:00,0.0,12.59627
2024-11-06 19:53:00,0.0,12.61233
2024-11-06 19:54:00,0.0,12.61213
2024-11-06 19:55:00,0.0,12.61233
2024-11-06 19:56:00,0.0,12.61223
2024-11-06 19:57:00,0.0,12.61211
2024-11-06 19:58:00,0.0,12.61221
2024-11-06 19:59:00,0.0,12.61171
2024-11-06 20:00:00,0.0,12.61192
2024-11-06 20:01:00,0.0,12.61206
2024-11-06 20:02:00,0.0,12.61193
2024-11-06 20:03:00,0.0,12.61177
2024-11-06 20:04:00,0.0,12.61206
2024-11-06 20:05:00,0.0,12.61161
2024-11-06 20:06:00,0.0,12.61188
2024-11-06 20:07:00,0.0,12.61167
2024-11-06 20:08:00,0.0,12.61182
2024-11-06 20:09:00,0.0,12.61199
2024-11-06 20:10:00,0.0,12.61189
2024-11-06 20:11:00,0.0,12.61092
2024-11-06 20:12:00,0.0,12.61148
2024-11-06 20:13:00,0.0,12.61166
2024-11-06 20:14:00,0.0,12.61155
2024-11-06 20:15:00,0.0,12.61158
2024-11-06 20:16:00,0.0,12.61145
2024-11-06 20:17:00,0.0,12.61134
2024-11-06 20:18:00,0.0,12.61126
2024-11-06 20:19:00,0.0,12.61139
2024-11-06 20:20:00,0.0,12.61071
2024-11-06 20:21:00,0.0,12.61125
2024-11-06 20:22:00,0.0,12.61156
2024-11-06 20:23:00,0.0,12.61138
2024-11-06 20:24:00,0.0,12.59517
2024-11-06 20:25:00,0.0,12.61143
2024-11-06 20:26:00,0.0,12.61146
2024-11-06 20:27:00,0.0,12.61149
2024-11-06 20:28:00,0.0,12.61117
2024-11-06 20:29:00,0.0,12.61129
2024-11-06 20:30:00,0.0,12.61063
2024-11-06 20:31:00,0.0,12.61092
2024-11-06 20:32:00,0.0,12.61102
2024-11-06 20:33:00,0.0,12.61097
2024-11-06 20:34:00,0.0,12.61104
2024-11-06 20:35:00,0.0,12.61115
2024-11-06 20:36:00,0.0,12.61041
2024-11-06 20:37:00,0.0,12.61075
2024-11-06 20:38:00,0.0,12.61073
2024-11-06 20:39:00,0.0,12.61069
2024-11-06 20:40:00,0.0,12.61071
2024-11-06 20:41:00,0.0,12.6108
2024-11-06 20:42:00,0.0,12.61015
2024-11-06 20:43:00,0.0,12.61032
2024-11-06 20:44:00,0.0,12.6106
2024-11-06 20:45:00,0.0,12.61026
2024-11-06 20:46:00,0.0,12.6104
2024-11-06 20:47:00,0.0,12.61017
2024-11-06 20:48:00,0.0,12.61008
2024-11-06 20:49:00,0.0,12.61014
2024-11-06 20:50:00,0.0,12.60936
2024-11-06 20:51:00,0.0,12.61005
2024-11-06 20:52:00,0.0,12.61013
2024-11-06 20:53:00,0.0,12.61011
2024-11-06 20:54:00,0.0,12.60895
2024-11-06 20:55:00,0.0,12.60898
2024-11-06 20:56:00,0.0,12.59304
2024-11-06 20:57:00,0.0,12.60955
2024-11-06 20:58:00,0.0,12.5937
2024-11-06 20:59:00,0.0,12.60944
2024-11-06 21:00:00,0.0,12.59214
2024-11-06 21:01:00,0.0,12.60914
2024-11-06 21:02:00,0.0,12.60947
2024-11-06 21:03:00,0.0,12.60961
2024-11-06 21:04:00,0.0,12.60941
2024-11-06 21:05:00,0.0,12.60934
2024-11-06 21:06:00,0.0,12.60934
2024-11-06 21:07:00,0.0,12.60887
2024-11-06 21:08:00,0.0,12.60896
2024-11-06 21:09:00,0.0,12.60907
2024-11-06 21:10:00,0.0,12.60904
2024-11-06 21:11:00,0.0,12.60902
2024-11-06 21:12:00,0.0,12.60914
2024-11-06 21:13:00,0.0,12.59235
2024-11-06 21:14:00,0.0,12.60853
2024-11-06 21:15:00,0.0,12.60848
2024-11-06 21:16:00,0.0,12.60868
2024-11-06 21:17:00,0.0,12.60863
2024-11-06 21:18:00,0.0,12.60857
2024-11-06 21:19:00,0.0,12.59157
2024-11-06 21:20:00,0.0,12.60823
2024-11-06 21:21:00,0.0,12.60817
2024-11-06 21:22:00,0.0,12.60827
2024-11-06 21:23:00,0.0,12.60823
2024-11-06 21:24:00,0.0,12.60812
2024-11-06 21:25:00,0.0,12.60767
2024-11-06 21:26:00,0.0,12.60746
2024-11-06 21:27:00,0.0,12.6078
2024-11-06 21:28:00,0.0,12.60782
2024-11-06 21:29:00,0.0,12.60774
2024-11-06 21:30:00,0.0,12.60759
2024-11-06 21:31:00,0.0,12.60716
2024-11-06 21:32:00,0.0,12.6073
2024-11-06 21:33:00,0.0,12.60726
2024-11-06 21:34:00,0.0,12.60732
2024-11-06 21:35:00,0.0,12.60703
2024-11-06 21:36:00,0.0,12.60731
2024-11-06 21:37:00,0.0,12.60649
2024-11-06 21:38:00,0.0,12.60457
2024-11-06 21:39:00,0.0,12.6071
2024-11-06 21:40:00,0.0,12.59101
2024-11-06 21:41:00,0.0,12.60673
2024-11-06 21:42:00,0.0,12.59079
2024-11-06 21:43:00,0.0,12.60631
2024-11-06 21:44:00,0.0,12.60649
2024-11-06 21:45:00,0.0,12.60644
2024-11-06 21:46:00,0.0,12.60476
2024-11-06 21:47:00,0.0,12.60649
2024-11-06 21:48:00,0.0,12.59062
2024-11-06 21:49:00,0.0,12.58988
2024-11-06 21:50:00,0.0,12.60574
2024-11-06 21:51:00,0.0,12.59008
2024-11-06 21:52:00,0.0,12.60582
2024-11-06 21:53:00,0.0,12.60562
2024-11-06 21:54:00,0.0,12.60582
2024-11-06 21:55:00,0.0,12.60568
2024-11-06 21:56:00,0.0,12.60517
2024-11-06 21:57:00,0.0,12.60575
2024-11-06 21:58:00,0.0,12.60532
2024-11-06 21:59:00,0.0,12.60526
2024-11-06 22:00:00,0.0,12.60551
2024-11-06 22:01:00,0.0,12.60506
2024-11-06 22:02:00,0.0,12.60477
2024-11-06 22:03:00,0.0,12.58934
2024-11-06 22:04:00,0.0,12.60359
2024-11-06 22:05:00,0.0,12.58896
2024-11-06 22:06:00,0.0,12.60457
2024-11-06 22:07:00,0.0,12.60456
2024-11-06 22:08:00,0.0,12.60428
2024-11-06 22:09:00,0.0,12.60434
2024-11-06 22:10:00,0.0,12.60434
2024-11-06 22:11:00,0.0,12.60467
2024-11-06 22:12:00,0.0,12.60446
2024-11-06 22:13:00,0.0,12.60455
2024-11-06 22:14:00,0.0,12.60414
2024-11-06 22:15:00,0.0,12.58822
2024-11-06 22:16:00,0.0,12.60383
2024-11-06 22:17:00,0.0,12.60383
2024-11-06 22:18:00,0.0,12.604
2024-11-06 22:19:00,0.0,12.60371
2024-11-06 22:20:00,0.0,12.6009
2024-11-06 22:21:00,0.0,12.60336
2024-11-06 22:22:00,0.0,12.58745
2024-11-06 22:23:00,0.0,12.60341
2024-11-06 22:24:00,0.0,12.60315
2024-11-06 22:25:00,0.0,12.60346
2024-11-06 22:26:00,0.0,12.60252
2024-11-06 22:27:00,0.0,12.60269
2024-11-06 22:28:00,0.0,12.60257
2024-11-06 22:29:00,0.0,12.60227
2024-11-06 22:30:00,0.0,12.60261
2024-11-06 22:31:00,0.0,12.60251
2024-11-06 22:32:00,0.0,12.5857
2024-11-06 22:33:00,0.0,12.602
2024-11-06 22:34:00,0.0,12.60217
2024-11-06 22:35:00,0.0,12.60221
2024-11-06 22:36:00,0.0,12.60218
2024-11-06 22:37:00,0.0,12.60198
2024-11-06 22:38:00,0.0,12.60207
2024-11-06 22:39:00,0.0,12.60137
2024-11-06 22:40:00,0.0,12.6014
2024-11-06 22:41:00,0.0,12.60145
2024-11-06 22:42:00,0.0,12.60137
2024-11-06 22:43:00,0.0,12.60146
2024-11-06 22:44:00,0.0,12.60156
2024-11-06 22:45:00,0.0,12.60101
2024-11-06 22:46:00,0.0,12.60113
2024-11-06 22:47:00,0.0,12.60108
2024-11-06 22:48:00,0.0,12.60098
2024-11-06 22:49:00,0.0,12.60104
2024-11-06 22:50:00,0.0,12.60102
2024-11-06 22:51:00,0.0,12.58471
2024-11-06 22:52:00,0.0,12.58476
2024-11-06 22:53:00,0.0,12.60095
2024-11-06 22:54:00,0.0,12.60088
2024-11-06 22:55:00,0.0,12.60065
2024-11-06 22:56:00,0.0,12.60052
2024-11-06 22:57:00,0.0,12.59985
2024-11-06 22:58:00,0.0,12.59927
2024-11-06 22:59:00,0.0,12.60005
2024-11-06 23:00:00,0.0,12.59997
2024-11-06 23:01:00,0.0,12.59985
2024-11-06 23:02:00,0.0,12.60004
2024-11-06 23:03:00,0.0,12.59942
2024-11-06 23:04:00,0.0,12.59942
2024-11-06 23:05:00,0.0,12.59965
2024-11-06 23:06:00,0.0,12.59978
2024-11-06 23:07:00,0.0,12.59966
2024-11-06 23:08:00,0.0,12.59967
2024-11-06 23:09:00,0.0,12.5987
2024-11-06 23:10:00,0.0,12.59969
2024-11-06 23:11:00,0.0,12.59764
2024-11-06 23:12:00,0.0,12.59827
2024-11-06 23:13:00,0.0,12.58241
2024-11-06 23:14:00,0.0,12.59934
2024-11-06 23:15:00,0.0,12.59775
2024-11-06 23:16:00,0.0,12.59868
2024-11-06 23:17:00,0.0,12.58302
2024-11-06 23:18:00,0.0,12.59885
2024-11-06 23:19:00,0.0,12.58303
2024-11-06 23:20:00,0.0,12.59902
2024-11-06 23:21:00,0.0,12.59874
2024-11-06 23:22:00,0.0,12.59836
2024-11-06 23:23:00,0.0,12.59854
2024-11-06 23:24:00,0.0,12.59854
2024-11-06 23:25:00,0.0,12.59834
2024-11-06 23:26:00,0.0,12.59839
2024-11-06 23:27:00,0.0,12.5983
2024-11-06 23:28:00,0.0,12.59781
2024-11-06 23:29:00,0.0,12.59804
2024-11-06 23:30:00,0.0,12.59839
2024-11-06 23:31:00,0.0,12.59821
2024-11-06 23:32:00,0.0,12.59775
2024-11-06 23:33:00,0.0,12.59722
2024-11-06 23:34:00,0.0,12.59711
2024-11-06 23:35:00,0.0,12.59747
2024-11-06 23:36:00,0.0,12.59753
2024-11-06 23:37:00,0.0,12.59773
2024-11-06 23:38:00,0.0,12.59751
2024-11-06 23:39:00,0.0,12.59761
2024-11-06 23:40:00,0.0,12.58139
2024-11-06 23:41:00,0.0,12.59708
2024-11-06 23:42:00,0.0,12.59715
2024-11-06 23:43:00,0.0,12.59732
2024-11-06 23:44:00,0.0,12.59749
2024-11-06 23:45:00,0.0,12.59727
2024-11-06 23:46:00,0.0,12.59663
2024-11-06 23:47:00,0.0,12.59457
2024-11-06 23:48:00,0.0,12.59688
2024-11-06 23:49:00,0.0,12.5809
2024-11-06 23:50:00,0.0,12.59691
2024-11-06 23:51:00,0.0,12.59646
2024-11-06 23:52:00,0.0,12.59616
2024-11-06 23:53:00,0.0,12.59636
2024-11-06 23:54:00,0.0,12.5956
2024-11-06 23:55:00,0.0,12.5959
2024-11-06 23:56:00,0.0,12.59596
2024-11-06 23:57:00,0.0,12.59606
2024-11-06 23:58:00,0.0,12.5954
2024-11-06 23:59:00,0.0,12.59631
2024-11-07 00:00:00,0.0,12.5961
2024-11-07 00:01:00,0.0,12.59619
2024-11-07 00:02:00,0.0,12.59595
2024-11-07 00:03:00,0.0,12.59617
2024-11-07 00:04:00,0.0,12.57852
2024-11-07 00:05:00,0.0,12.59549
2024-11-07 00:06:00,0.0,12.59502
2024-11-07 00:07:00,0.0,12.59519
2024-11-07 00:08:00,0.0,12.59567
2024-11-07 00:09:00,0.0,12.59581
2024-11-07 00:10:00,0.0,12.59577
2024-11-07 00:11:00,0.0,12.59526
2024-11-07 00:12:00,0.0,12.59546
2024-11-07 00:13:00,0.0,12.5956
2024-11-07 00:14:00,0.0,12.5955
2024-11-07 00:15:00,0.0,12.59573
2024-11-07 00:16:00,0.0,12.59547
2024-11-07 00:17:00,0.0,12.59516
2024-11-07 00:18:00,0.0,12.59538
2024-11-07 00:19:00,0.0,12.59552
2024-11-07 00:20:00,0.0,12.59554
2024-11-07 00:21:00,0.0,12.59576
2024-11-07 00:22:00,0.0,12.59565
2024-11-07 00:23:00,0.0,12.59501
2024-11-07 00:24:00,0.0,12.59503
2024-11-07 00:25:00,0.0,12.59529
2024-11-07 00:26:00,0.0,12.59525
2024-11-07 00:27:00,0.0,12.59453
2024-11-07 00:28:00,0.0,12.5951
2024-11-07 00:29:00,0.0,12.59463
2024-11-07 00:30:00,0.0,12.59476
2024-11-07 00:31:00,0.1200104,12.59494
2024-11-07 00:32:00,0.0,12.59416
2024-11-07 00:33:00,0.0,12.59501
2024-11-07 00:34:00,0.02999878,12.59508
2024-11-07 00:35:00,0.0,12.59434
2024-11-07 00:36:00,0.01998901,12.59448
2024-11-07 00:37:00,0.0,12.57867
2024-11-07 00:38:00,0.0,12.59462
2024-11-07 00:39:00,0.02999878,12.59461
2024-11-07 00:40:00,0.0,12.5948
2024-11-07 00:41:00,0.0,12.59405
2024-11-07 00:42:00,0.0,12.57835
2024-11-07 00:43:00,0.0,12.59461
2024-11-07 00:44:00,0.0,12.59419
2024-11-07 00:45:00,0.0,12.59461
2024-11-07 00:46:00,0.0,12.59443
2024-11-07 00:47:00,0.0,12.57719
2024-11-07 00:48:00,0.0,12.59434
2024-11-07 00:49:00,0.0,12.59421
2024-11-07 00:50:00,0.0,12.59456
2024-11-07 00:51:00,0.0,12.59444
2024-11-07 00:52:00,0.0,12.59448
2024-11-07 00:53:00,0.0,12.59456
2024-11-07 00:54:00,0.0,12.59405
2024-11-07 00:55:00,0.0,12.59421
2024-11-07 00:56:00,0.0,12.59444
2024-11-07 00:57:00,0.0,12.59415
2024-11-07 00:58:00,0.0,12.5944
2024-11-07 00:59:00,0.0,12.59436
2024-11-07 01:00:00,0.0,12.59401
2024-11-07 01:01:00,0.0,12.59412
2024-11-07 01:02:00,0.0,12.59448
2024-11-07 01:03:00,0.0,12.59436
2024-11-07 01:04:00,0.0,12.59413
2024-11-07 01:05:00,0.0,12.59408
2024-11-07 01:06:00,0.0,12.59422
2024-11-07 01:07:00,0.0,12.59409
2024-11-07 01:08:00,0.0,12.59388
2024-11-07 01:09:00,0.0,12.59388
2024-11-07 01:10:00,0.0,12.59393
2024-11-07 01:11:00,0.0,12.59401
2024-11-07 01:12:00,0.0,12.59334
2024-11-07 01:13:00,0.0,12.59303
2024-11-07 01:14:00,0.0,12.59356
2024-11-07 01:15:00,0.0,12.59374
2024-11-07 01:16:00,0.0,12.59382
2024-11-07 01:17:00,0.0,12.59362
2024-11-07 01:18:00,0.0,12.59322
2024-11-07 01:19:00,0.0,12.5934
2024-11-07 01:20:00,0.0,12.59364
2024-11-07 01:21:00,0.0,12.59357
2024-11-07 01:22:00,0.0,12.5938
2024-11-07 01:23:00,0.0,12.59383
2024-11-07 01:24:00,0.0,12.59348
2024-11-07 01:25:00,0.0,12.59347
2024-11-07 01:26:00,0.0,12.59351
2024-11-07 01:27:00,0.0,12.5938
2024-11-07 01:28:00,0.0,12.59391
2024-11-07 01:29:00,0.0,12.59396
2024-11-07 01:30:00,0.1500092,12.57641
2024-11-07 01:31:00,0.0,12.5937
2024-11-07 01:32:00,0.0,12.59167
2024-11-07 01:33:00,0.0,12.59363
2024-11-07 01:34:00,0.0,12.57764
2024-11-07 01:35:00,0.0,12.5937
2024-11-07 01:36:00,0.02999878,12.57741
2024-11-07 01:37:00,0.0,12.59345
2024-11-07 01:38:00,0.0,12.59359
2024-11-07 01:39:00,0.02000427,12.59308
2024-11-07 01:40:00,0.0,12.59355
2024-11-07 01:41:00,0.0,12.57715
2024-11-07 01:42:00,0.0,12.5934
2024-11-07 01:43:00,0.0,12.59286
2024-11-07 01:44:00,0.0,12.59333
2024-11-07 01:45:00,0.0,12.5933
2024-11-07 01:46:00,0.0,12.59338
2024-11-07 01:47:00,0.0,12.59244
2024-11-07 01:48:00,0.0,12.59326
2024-11-07 01:49:00,0.0,12.57627
2024-11-07 01:50:00,0.0,12.59253
2024-11-07 01:51:00,0.0,12.59327
2024-11-07 01:52:00,0.0,12.59291
2024-11-07 01:53:00,0.0,12.59285
2024-11-07 01:54:00,0.0,12.59285
2024-11-07 01:55:00,0.0,12.59255
2024-11-07 01:56:00,0.0,12.59248
2024-11-07 01:57:00,0.0,12.59273
2024-11-07 01:58:00,0.0,12.59299
2024-11-07 01:59:00,0.0,12.593
2024-11-07 02:00:00,0.0,12.59259
2024-11-07 02:01:00,0.0,12.5917
2024-11-07 02:02:00,0.0,12.59188
2024-11-07 02:03:00,0.0,12.59224
2024-11-07 02:04:00,0.0,12.59203
2024-11-07 02:05:00,0.0,12.59219
2024-11-07 02:06:00,0.0,12.59213
2024-11-07 02:07:00,0.0,12.59042
2024-11-07 02:08:00,0.0,12.57591
2024-11-07 02:09:00,0.0,12.59187
2024-11-07 02:10:00,0.0,12.59162
2024-11-07 02:11:00,0.0,12.59201
2024-11-07 02:12:00,0.0,12.59208
2024-11-07 02:13:00,0.0,12.59105
2024-11-07 02:14:00,0.0,12.57534
2024-11-07 02:15:00,0.0,12.59164
2024-11-07 02:16:00,0.0,12.57592
2024-11-07 02:17:00,0.0,12.59173
2024-11-07 02:18:00,0.0,12.59133
2024-11-07 02:19:00,0.0,12.59071
2024-11-07 02:20:00,0.0,12.59115
2024-11-07 02:21:00,0.0,12.59099
2024-11-07 02:22:00,0.0,12.57511
2024-11-07 02:23:00,0.0,12.59102
2024-11-07 02:24:00,0.0,12.57507
2024-11-07 02:25:00,0.0,12.59089
2024-11-07 02:26:00,0.0,12.59038
2024-11-07 02:27:00,0.0,12.5747
2024-11-07 02:28:00,0.0,12.59046
2024-11-07 02:29:00,0.0,12.59042
2024-11-07 02:30:00,0.0,12.59044
2024-11-07 02:31:00,0.0,12.59022
2024-11-07 02:32:00,0.0,12.58974
2024-11-07 02:33:00,0.0,12.5899
2024-11-07 02:34:00,0.0,12.59013
2024-11-07 02:35:00,0.0,12.59016
2024-11-07 02:36:00,0.0,12.5902
2024-11-07 02:37:00,0.0,12.59004
2024-11-07 02:38:00,0.0,12.58977
2024-11-07 02:39:00,0.0,12.58954
2024-11-07 02:40:00,0.0,12.58962
2024-11-07 02:41:00,0.0,12.58945
2024-11-07 02:42:00,0.0,12.58951
2024-11-07 02:43:00,0.0,12.58946
2024-11-07 02:44:00,0.0,12.58874
2024-11-07 02:45:00,0.0,12.58894
2024-11-07 02:46:00,0.0,12.58891
2024-11-07 02:47:00,0.0,12.58876
2024-11-07 02:48:00,0.0,12.58878
2024-11-07 02:49:00,0.0,12.58879
2024-11-07 02:50:00,0.0,12.58837
2024-11-07 02:51:00,0.0,12.58853
2024-11-07 02:52:00,0.0,12.58849
2024-11-07 02:53:00,0.0,12.58867
2024-11-07 02:54:00,0.0,12.58795
2024-11-07 02:55:00,0.0,12.58763
2024-11-07 02:56:00,0.0,12.5873
2024-11-07 02:57:00,0.0,12.58764
2024-11-07 02:58:00,0.0,12.58807
2024-11-07 02:59:00,0.0,12.58793
2024-11-07 03:00:00,0.0,12.58797
2024-11-07 03:01:00,0.0,12.58793
2024-11-07 03:02:00,0.0,12.5872
2024-11-07 03:03:00,0.0,12.58741
2024-11-07 03:04:00,0.0,12.58748
2024-11-07 03:05:00,0.0,12.58748
2024-11-07 03:06:00,0.0,12.58752
2024-11-07 03:07:00,0.0,12.58732
2024-11-07 03:08:00,0.0,12.58725
2024-11-07 03:09:00,0.0,12.58681
2024-11-07 03:10:00,0.0,12.58689
2024-11-07 03:11:00,0.0,12.58697
2024-11-07 03:12:00,0.0,12.58691
2024-11-07 03:13:00,0.0,12.58693
2024-11-07 03:14:00,0.0,12.58682
2024-11-07 03:15:00,0.0,12.58642
2024-11-07 03:16:00,0.0,12.5842
2024-11-07 03:17:00,0.0,12.58538
2024-11-07 03:18:00,0.0,12.57089
2024-11-07 03:19:00,0.0,12.58647
2024-11-07 03:20:00,0.0,12.58665
2024-11-07 03:21:00,0.0,12.56952
2024-11-07 03:22:00,0.0,12.58594
2024-11-07 03:23:00,0.0,12.58595
2024-11-07 03:24:00,0.0,12.58599
2024-11-07 03:25:00,0.0,12.58525
2024-11-07 03:26:00,0.0,12.57007
2024-11-07 03:27:00,0.0,12.58533
2024-11-07 03:28:00,0.0,12.58539
2024-11-07 03:29:00,0.0,12.58535
2024-11-07 03:30:00,0.0,12.58569
2024-11-07 03:31:00,0.0,12.58529
2024-11-07 03:32:00,0.0,12.58324
2024-11-07 03:33:00,0.0,12.58465
2024-11-07 03:34:00,0.0,12.58486
2024-11-07 03:35:00,0.0,12.58164
2024-11-07 03:36:00,0.0,12.58463
2024-11-07 03:37:00,0.0,12.56888
2024-11-07 03:38:00,0.0,12.58464
2024-11-07 03:39:00,0.0,12.58432
2024-11-07 03:40:00,0.0,12.56843
2024-11-07 03:41:00,0.0,12.58447
2024-11-07 03:42:00,0.0,12.58443
2024-11-07 03:43:00,0.0,12.58434
2024-11-07 03:44:00,0.0,12.58438
2024-11-07 03:45:00,0.0,12.58327
2024-11-07 03:46:00,0.0,12.56801
2024-11-07 03:47:00,0.0,12.58355
2024-11-07 03:48:00,0.0,12.58293
2024-11-07 03:49:00,0.0,12.58351
2024-11-07 03:50:00,0.0,12.58364
2024-11-07 03:51:00,0.0,12.56731
2024-11-07 03:52:00,0.0,12.58331
2024-11-07 03:53:00,0.05999756,12.58347
2024-11-07 03:54:00,0.0,12.58347
2024-11-07 03:55:00,0.0,12.58358
2024-11-07 03:56:00,0.0,12.58368
2024-11-07 03:57:00,0.0,12.58327
2024-11-07 03:58:00,0.0,12.58268
2024-11-07 03:59:00,0.0,12.58275
2024-11-07 04:00:00,0.02000427,12.58307
2024-11-07 04:01:00,0.0,12.58291
2024-11-07 04:02:00,0.0,12.58296
2024-11-07 04:03:00,0.0,12.58262
2024-11-07 04:04:00,0.0,12.58201
2024-11-07 04:05:00,0.0,12.58218
2024-11-07 04:06:00,0.0,12.58211
2024-11-07 04:07:00,0.0,12.56634
2024-11-07 04:08:00,0.0,12.58205
2024-11-07 04:09:00,0.0,12.58169
2024-11-07 04:10:00,0.0,12.58129
2024-11-07 04:11:00,0.0,12.58137
2024-11-07 04:12:00,0.0,12.58163
2024-11-07 04:13:00,0.0,12.58161
2024-11-07 04:14:00,0.0,12.58126
2024-11-07 04:15:00,0.0,12.58131
2024-11-07 04:16:00,0.0,12.58073
2024-11-07 04:17:00,0.0,12.58082
2024-11-07 04:18:00,0.0,12.5809
2024-11-07 04:19:00,0.0,12.58128
2024-11-07 04:20:00,0.0,12.57894
2024-11-07 04:21:00,0.0,12.58102
2024-11-07 04:22:00,0.0,12.58052
2024-11-07 04:23:00,0.0,12.58054
2024-11-07 04:24:00,0.0,12.58055
2024-11-07 04:25:00,0.0,12.58055
2024-11-07 04:26:00,0.0,12.5648
2024-11-07 04:27:00,0.0,12.58033
2024-11-07 04:28:00,0.0,12.57953
2024-11-07 04:29:00,0.0,12.57867
2024-11-07 04:30:00,0.0,12.58
2024-11-07 04:31:00,0.0,12.57975
2024-11-07 04:32:00,0.0,12.56419
2024-11-07 04:33:00,0.0,12.57975
2024-11-07 04:34:00,0.0,12.57922
2024-11-07 04:35:00,0.0,12.57919
2024-11-07 04:36:00,0.0,12.57936
2024-11-07 04:37:00,0.0,12.56387
2024-11-07 04:38:00,0.0,12.57939
2024-11-07 04:39:00,0.0,12.57927
2024-11-07 04:40:00,0.0,12.57935
2024-11-07 04:41:00,0.0,12.57881
2024-11-07 04:42:00,0.0,12.579
2024-11-07 04:43:00,0.0,12.56304
2024-11-07 04:44:00,0.0,12.57898
2024-11-07 04:45:00,0.0,12.56325
2024-11-07 04:46:00,0.0,12.5788
2024-11-07 04:47:00,0.0,12.57817
2024-11-07 04:48:00,0.0,12.57869
2024-11-07 04:49:00,0.0,12.57847
2024-11-07 04:50:00,0.0,12.5784
2024-11-07 04:51:00,0.0,12.57842
2024-11-07 04:52:00,0.0,12.57826
2024-11-07 04:53:00,0.0,12.57826
2024-11-07 04:54:00,0.0,12.57813
2024-11-07 04:55:00,0.0,12.57798
2024-11-07 04:56:00,0.0,12.5779
2024-11-07 04:57:00,0.0,12.57806
2024-11-07 04:58:00,0.0,12.5779
2024-11-07 04:59:00,0.0,12.57755
2024-11-07 05:00:00,0.0,12.57775
2024-11-07 05:01:00,0.0,12.57754
2024-11-07 05:02:00,0.0,12.57763
2024-11-07 05:03:00,0.0,12.57762
2024-11-07 05:04:00,0.0,12.56187
2024-11-07 05:05:00,0.0,12.57717
2024-11-07 05:06:00,0.0,12.57721
2024-11-07 05:07:00,0.0,12.57514
2024-11-07 05:08:00,0.0,12.5771
2024-11-07 05:09:00,0.0,12.56117
2024-11-07 05:10:00,0.0,12.57728
2024-11-07 05:11:00,0.0,12.57633
2024-11-07 05:12:00,0.0,12.57655
2024-11-07 05:13:00,0.0,12.57666
2024-11-07 05:14:00,0.0,12.57655
2024-11-07 05:15:00,0.0,12.57658
2024-11-07 05:16:00,0.0,12.57676
2024-11-07 05:17:00,0.0,12.57568
2024-11-07 05:18:00,0.0,12.57633
2024-11-07 05:19:00,0.0,12.57654
2024-11-07 05:20:00,0.0,12.57649
2024-11-07 05:21:00,0.0,12.57633
2024-11-07 05:22:00,0.0,12.56057
2024-11-07 05:23:00,0.0,12.56018
2024-11-07 05:24:00,0.0,12.5758
2024-11-07 05:25:00,0.0,12.56015
2024-11-07 05:26:00,0.0,12.57614
2024-11-07 05:27:00,0.0,12.57569
2024-11-07 05:28:00,0.0,12.57586
2024-11-07 05:29:00,0.0,12.57556
2024-11-07 05:30:00,0.0,12.57521
2024-11-07 05:31:00,0.0,12.57547
2024-11-07 05:32:00,0.0,12.57554
2024-11-07 05:33:00,0.0,12.5753
2024-11-07 05:34:00,0.0,12.57544
2024-11-07 05:35:00,0.0,12.57537
2024-11-07 05:36:00,0.0,12.55865
2024-11-07 05:37:00,0.0,12.57488
2024-11-07 05:38:00,0.0,12.57499
2024-11-07 05:39:00,0.0,12.57472
2024-11-07 05:40:00,0.0,12.57472
2024-11-07 05:41:00,0.0,12.57509
2024-11-07 05:42:00,0.0,12.57425
2024-11-07 05:43:00,0.0,12.57452
2024-11-07 05:44:00,0.0,12.57454
2024-11-07 05:45:00,0.0,12.57432
2024-11-07 05:46:00,0.0,12.55874
2024-11-07 05:47:00,0.0,12.57438
2024-11-07 05:48:00,0.0,12.57377
2024-11-07 05:49:00,0.0,12.57381
2024-11-07 05:50:00,0.0,12.5738
2024-11-07 05:51:00,0.0,12.57395
2024-11-07 05:52:00,0.0,12.57387
2024-11-07 05:53:00,0.0,12.5741
2024-11-07 05:54:00,0.0,12.57231
2024-11-07 05:55:00,0.0,12.57203
2024-11-07 05:56:00,0.0,12.57227
2024-11-07 05:57:00,0.0,12.57246
2024-11-07 05:58:00,0.0,12.57311
2024-11-07 05:59:00,0.0,12.57172
2024-11-07 06:00:00,0.0,12.55675
2024-11-07 06:01:00,0.0,12.57256
2024-11-07 06:02:00,0.0,12.57269
2024-11-07 06:03:00,0.0,12.57262
2024-11-07 06:04:00,0.0,12.57261
2024-11-07 06:05:00,0.0,12.57262
2024-11-07 06:06:00,0.0,12.55653
2024-11-07 06:07:00,0.0,12.57221
2024-11-07 06:08:00,0.0,12.57233
2024-11-07 06:09:00,0.0,12.57228
2024-11-07 06:10:00,0.0,12.56996
2024-11-07 06:11:00,0.0,12.57213
2024-11-07 06:12:00,0.0,12.55622
2024-11-07 06:13:00,0.0,12.57165
2024-11-07 06:14:00,0.0,12.55618
2024-11-07 06:15:00,0.0,12.57184
2024-11-07 06:16:00,0.0,12.55623
2024-11-07 06:17:00,0.0,12.57064
2024-11-07 06:18:00,0.0,12.57163
2024-11-07 06:19:00,0.07998658,12.57105
2024-11-07 06:20:00,0.0,12.57106
2024-11-07 06:21:00,0.0,12.57114
2024-11-07 06:22:00,0.0,12.5714
2024-11-07 06:23:00,0.0,12.57139
2024-11-07 06:24:00,0.0,12.57117
2024-11-07 06:25:00,0.0,12.55449
2024-11-07 06:26:00,0.0,12.57056
2024-11-07 06:27:00,0.0,12.5707
2024-11-07 06:28:00,0.0,12.55507
2024-11-07 06:29:00,0.0,12.5707
2024-11-07 06:30:00,0.0,12.555
2024-11-07 06:31:00,0.0,12.57029
2024-11-07 06:32:00,0.0,12.57031
2024-11-07 06:33:00,0.0,12.57047
2024-11-07 06:34:00,0.0,12.57051
2024-11-07 06:35:00,0.0,12.56795
2024-11-07 06:36:00,0.0,12.57046
2024-11-07 06:37:00,0.0,12.57005
2024-11-07 06:38:00,0.0,12.57005
2024-11-07 06:39:00,0.0,12.55459
2024-11-07 06:40:00,0.0,12.56987
2024-11-07 06:41:00,0.0,12.56999
2024-11-07 06:42:00,0.0,12.56989
2024-11-07 06:43:00,0.0,12.56919
2024-11-07 06:44:00,0.0,12.56941
2024-11-07 06:45:00,0.0,12.5692
2024-11-07 06:46:00,0.0,12.56951
2024-11-07 06:47:00,0.0,12.56969
2024-11-07 06:48:00,0.0,12.56919
2024-11-07 06:49:00,0.0,12.56911
2024-11-07 06:50:00,0.0,12.56888
2024-11-07 06:51:00,0.0,12.56877
2024-11-07 06:52:00,0.0,12.56864
2024-11-07 06:53:00,0.0,12.56887
2024-11-07 06:54:00,0.0,12.56905
2024-11-07 06:55:00,0.0,12.56885
2024-11-07 06:56:00,0.0,12.56868
2024-11-07 06:57:00,0.0,12.56833
2024-11-07 06:58:00,0.0,12.56831
2024-11-07 06:59:00,0.0,12.56835
2024-11-07 07:00:00,0.0,12.56832
2024-11-07 07:01:00,0.0,12.56806
2024-11-07 07:02:00,0.0,12.5677
2024-11-07 07:03:00,0.0,12.5678
2024-11-07 07:04:00,0.0,12.56778
2024-11-07 07:05:00,0.0,12.55215
2024-11-07 07:06:00,0.0,12.56768
2024-11-07 07:07:00,0.0,12.56751
2024-11-07 07:08:00,0.0,12.56718
2024-11-07 07:09:00,0.0,12.56743
2024-11-07 07:10:00,0.0,12.56723
2024-11-07 07:11:00,0.0,12.56748
2024-11-07 07:12:00,0.0,12.5672
2024-11-07 07:13:00,0.0,12.56714
2024-11-07 07:14:00,0.0,12.56692
2024-11-07 07:15:00,0.0,12.56662
2024-11-07 07:16:00,0.0,12.56667
2024-11-07 07:17:00,0.0,12.56686
2024-11-07 07:18:00,0.0,12.56689
2024-11-07 07:19:00,0.0,12.56675
2024-11-07 07:20:00,0.0,12.55067
2024-11-07 07:21:00,0.0,12.56629
2024-11-07 07:22:00,0.0,12.5665
2024-11-07 07:23:00,0.0,12.56633
2024-11-07 07:24:00,0.0,12.56434
2024-11-07 07:25:00,0.0,12.56617
2024-11-07 07:26:00,0.0,12.56582
2024-11-07 07:27:00,0.0,12.54997
2024-11-07 07:28:00,0.0,12.5658
2024-11-07 07:29:00,0.0,12.56561
2024-11-07 07:30:00,0.0,12.56531
2024-11-07 07:31:00,0.0,12.56564
2024-11-07 07:32:00,0.0,12.56483
2024-11-07 07:33:00,0.0,12.56549
2024-11-07 07:34:00,0.0,12.56544
2024-11-07 07:35:00,0.0,12.54986
2024-11-07 07:36:00,0.0,12.56566
2024-11-07 07:37:00,0.0,12.56533
2024-11-07 07:38:00,0.0,12.56524
2024-11-07 07:39:00,0.0,12.56495
2024-11-07 07:40:00,0.0,12.56494
2024-11-07 07:41:00,0.0,12.56489
2024-11-07 07:42:00,0.0,12.56476
2024-11-07 07:43:00,0.0,12.56492
2024-11-07 07:44:00,0.0,12.56452
2024-11-07 07:45:00,0.0,12.56413
2024-11-07 07:46:00,0.0,12.56467
2024-11-07 07:47:00,0.0,12.56431
2024-11-07 07:48:00,0.0,12.54879
2024-11-07 07:49:00,0.0,12.56463
2024-11-07 07:50:00,0.0,12.564
2024-11-07 07:51:00,0.0,12.5633
2024-11-07 07:52:00,0.0,12.54721
2024-11-07 07:53:00,0.0,12.564
2024-11-07 07:54:00,0.0,12.56371
2024-11-07 07:55:00,0.0,12.56394
2024-11-07 07:56:00,0.0,12.56325
2024-11-07 07:57:00,0.0,12.5633
2024-11-07 07:58:00,0.0,12.56363
2024-11-07 07:59:00,0.0,12.56354
2024-11-07 08:00:00,0.0,12.56367
2024-11-07 08:01:00,0.0,12.5635
2024-11-07 08:02:00,0.0,12.56346
2024-11-07 08:03:00,0.0,12.56263
2024-11-07 08:04:00,0.0,12.56231
2024-11-07 08:05:00,0.0,12.56305
2024-11-07 08:06:00,0.0,12.56208
2024-11-07 08:07:00,0.0,12.56222
2024-11-07 08:08:00,0.0,12.56224
2024-11-07 08:09:00,0.0,12.56268
2024-11-07 08:10:00,0.0,12.56254
2024-11-07 08:11:00,0.0,12.56276
2024-11-07 08:12:00,0.0,12.56286
2024-11-07 08:13:00,0.0,12.56276
2024-11-07 08:14:00,0.0,12.54672
2024-11-07 08:15:00,0.0,12.56173
2024-11-07 08:16:00,0.0,12.55992
2024-11-07 08:17:00,0.0,12.56205
2024-11-07 08:18:00,0.0,12.56204
2024-11-07 08:19:00,0.0,12.56221
2024-11-07 08:20:00,0.0,12.56199
2024-11-07 08:21:00,0.0,12.54532
2024-11-07 08:22:00,0.0,12.56136
2024-11-07 08:23:00,0.0,12.56148
2024-11-07 08:24:00,0.0,12.56145
2024-11-07 08:25:00,0.0,12.56152
2024-11-07 08:26:00,0.0,12.5618
2024-11-07 08:27:00,0.0,12.56133
2024-11-07 08:28:00,0.0,12.56083
2024-11-07 08:29:00,0.0,12.56105
2024-11-07 08:30:00,0.0,12.56113
2024-11-07 08:31:00,0.0,12.56111
2024-11-07 08:32:00,0.0,12.56106
2024-11-07 08:33:00,0.0,12.56094
2024-11-07 08:34:00,0.0,12.54454
2024-11-07 08:35:00,0.0,12.56045
2024-11-07 08:36:00,0.0,12.56038
2024-11-07 08:37:00,0.0,12.5606
2024-11-07 08:38:00,0.0,12.56052
2024-11-07 08:39:00,0.0,12.56052
2024-11-07 08:40:00,0.0,12.5599
2024-11-07 08:41:00,0.0,12.56019
2024-11-07 08:42:00,0.07000733,12.55992
2024-11-07 08:43:00,0.0,12.56012
2024-11-07 08:44:00,0.0,12.55995
2024-11-07 08:45:00,0.0,12.56018
2024-11-07 08:46:00,0.0,12.55931
2024-11-07 08:47:00,0.0,12.54359
2024-11-07 08:48:00,0.0,12.55963
2024-11-07 08:49:00,0.0,12.55951
2024-11-07 08:50:00,0.0,12.55958
2024-11-07 08:51:00,0.0,12.55942
2024-11-07 08:52:00,0.0,12.55891
2024-11-07 08:53:00,0.0,12.55899
2024-11-07 08:54:00,0.0,12.55857
2024-11-07 08:55:00,0.0,12.55793
2024-11-07 08:56:00,0.0,12.55687
2024-11-07 08:57:00,0.0,12.55874
2024-11-07 08:58:00,0.0,12.55776
2024-11-07 08:59:00,0.0,12.55836
2024-11-07 09:00:00,0.0,12.55828
2024-11-07 09:01:00,0.0,12.55842
2024-11-07 09:02:00,0.0,12.55818
2024-11-07 09:03:00,0.0,12.55863
2024-11-07 09:04:00,0.0,12.52667
2024-11-07 09:05:00,0.0,12.55774
2024-11-07 09:06:00,0.0,12.55771
2024-11-07 09:07:00,0.0,12.55756
2024-11-07 09:08:00,0.0,12.55783
2024-11-07 09:09:00,0.0,12.55778
2024-11-07 09:10:00,0.0,12.54161
2024-11-07 09:11:00,0.0,12.55712
2024-11-07 09:12:00,0.0,12.5573
2024-11-07 09:13:00,0.0,12.55745
2024-11-07 09:14:00,0.0,12.55772
2024-11-07 09:15:00,0.0,12.55734
2024-11-07 09:16:00,0.0,12.55751
2024-11-07 09:17:00,0.0,12.55665
2024-11-07 09:18:00,0.0,12.55605
2024-11-07 09:19:00,0.0,12.55683
2024-11-07 09:20:00,0.0,12.55692
2024-11-07 09:21:00,0.0,12.55628
2024-11-07 09:22:00,0.0,12.55482
2024-11-07 09:23:00,0.0,12.55584
2024-11-07 09:24:00,0.0,12.55644
2024-11-07 09:25:00,0.0,12.55667
2024-11-07 09:26:00,0.0,12.55441
2024-11-07 09:27:00,0.0,12.55609
2024-11-07 09:28:00,0.0,12.55561
2024-11-07 09:29:00,0.0,12.55565
2024-11-07 09:30:00,0.0,12.55587
2024-11-07 09:31:00,0.0,12.55584
2024-11-07 09:32:00,0.0,12.55622
2024-11-07 09:33:00,0.0,12.55589
2024-11-07 09:34:00,0.0,12.55634
2024-11-07 09:35:00,0.0,12.55584
2024-11-07 09:36:00,0.0,12.55585
2024-11-07 09:37:00,0.0,12.55569
2024-11-07 09:38:00,0.0,12.55568
2024-11-07 09:39:00,0.0,12.55588
2024-11-07 09:40:00,0.0,12.55558
2024-11-07 09:41:00,0.0,12.55515
2024-11-07 09:42:00,0.0,12.5551
2024-11-07 09:43:00,0.0,12.55571
2024-11-07 09:44:00,0.0,12.55567
2024-11-07 09:45:00,0.0,12.55554
2024-11-07 09:46:00,0.0,12.55542
2024-11-07 09:47:00,0.0,12.5381
2024-11-07 09:48:00,0.0,12.55493
2024-11-07 09:49:00,0.0,12.55529
2024-11-07 09:50:00,0.0,12.55321
2024-11-07 09:51:00,0.0,12.55511
2024-11-07 09:52:00,0.0,12.55476
2024-11-07 09:53:00,0.0,12.53882
2024-11-07 09:54:00,0.0,12.55479
2024-11-07 09:55:00,0.0,12.55465
2024-11-07 09:56:00,0.0,12.53901
2024-11-07 09:57:00,0.0,12.55473
2024-11-07 09:58:00,0.0,12.55476
2024-11-07 09:59:00,0.0,12.55457
2024-11-07 10:00:00,0.0,12.5542
2024-11-07 10:01:00,0.0,12.55463
2024-11-07 10:02:00,0.0,12.55486
2024-11-07 10:03:00,0.0,12.55446
2024-11-07 10:04:00,0.0,12.55461
2024-11-07 10:05:00,0.0,12.5544
2024-11-07 10:06:00,0.0,12.55384
2024-11-07 10:07:00,0.0,12.53855
2024-11-07 10:08:00,0.0,12.55475
2024-11-07 10:09:00,0.0,12.55427
2024-11-07 10:10:00,0.0,12.55439
2024-11-07 10:11:00,0.0,12.55363
2024-11-07 10:12:00,0.0,12.5538
2024-11-07 10:13:00,0.0,12.53725
2024-11-07 10:14:00,0.0,12.55398
2024-11-07 10:15:00,0.0,12.5539
2024-11-07 10:16:00,0.0,12.55405
2024-11-07 10:17:00,0.0,12.55418
2024-11-07 10:18:00,0.0,12.55376
2024-11-07 10:19:00,0.0,12.55377
2024-11-07 10:20:00,0.0,12.55401
2024-11-07 10:21:00,0.0,12.55399
2024-11-07 10:22:00,0.0,12.55452
2024-11-07 10:23:00,0.0,12.55421
2024-11-07 10:24:00,0.0,12.55356
2024-11-07 10:25:00,0.0,12.55392
2024-11-07 10:26:00,0.0,12.53806
2024-11-07 10:27:00,0.0,12.55412
2024-11-07 10:28:00,0.0,12.55409
2024-11-07 10:29:00,0.0,12.55444
2024-11-07 10:30:00,0.0,12.55349
2024-11-07 10:31:00,0.0,12.55401
2024-11-07 10:32:00,0.0,12.55393
2024-11-07 10:33:00,0.0,12.55417
2024-11-07 10:34:00,0.0,12.55423
2024-11-07 10:35:00,0.0,12.55444
2024-11-07 10:36:00,0.0,12.5232
2024-11-07 10:37:00,0.0,12.55412
2024-11-07 10:38:00,0.0,12.55448
2024-11-07 10:39:00,0.0,12.55453
2024-11-07 10:40:00,0.0,12.55462
2024-11-07 10:41:00,0.0,12.55465
2024-11-07 10:42:00,0.0,12.5388
2024-11-07 10:43:00,0.0,12.55425
2024-11-07 10:44:00,0.0,12.55464
2024-11-07 10:45:00,0.0,12.55483
2024-11-07 10:46:00,0.0,12.55497
2024-11-07 10:47:00,0.0,12.55512
2024-11-07 10:48:00,0.0,12.53945
2024-11-07 10:49:00,0.0,12.55491
2024-11-07 10:50:00,0.0,12.55542
2024-11-07 10:51:00,0.0,12.55545
2024-11-07 10:52:00,0.0,12.55561
2024-11-07 10:53:00,0.0,12.55565
2024-11-07 10:54:00,0.0,12.54003
2024-11-07 10:55:00,0.0,12.53892
2024-11-07 10:56:00,0.0,12.55542
2024-11-07 10:57:00,0.0,12.55567
2024-11-07 10:58:00,0.0,12.55583
2024-11-07 10:59:00,0.0,12.54025
2024-11-07 11:00:00,0.0,12.55598
2024-11-07 11:01:00,0.0,12.55603
2024-11-07 11:02:00,0.0,12.55609
2024-11-07 11:03:00,0.0,12.55642
2024-11-07 11:04:00,0.0,12.55651
2024-11-07 11:05:00,0.0,12.54079
2024-11-07 11:06:00,0.0,12.55679
2024-11-07 11:07:00,0.0,12.55654
2024-11-07 11:08:00,0.0,12.55665
2024-11-07 11:09:00,0.0,12.55671
2024-11-07 11:10:00,0.0,12.55718
2024-11-07 11:11:00,0.0,12.55712
2024-11-07 11:12:00,0.0,12.55734
2024-11-07 11:13:00,0.0,12.55655
2024-11-07 11:14:00,0.0,12.54107
2024-11-07 11:15:00,0.0,12.55687
2024-11-07 11:16:00,0.0,12.55691
2024-11-07 11:17:00,0.0,12.55712
2024-11-07 11:18:00,0.0,12.55699
2024-11-07 11:19:00,0.0,12.54009
2024-11-07 11:20:00,0.0,12.55708
2024-11-07 11:21:00,0.0,12.55707
2024-11-07 11:22:00,0.0,12.55744
2024-11-07 11:23:00,0.0,12.55744
2024-11-07 11:24:00,0.0,12.55745
2024-11-07 11:25:00,0.0,12.55528
2024-11-07 11:26:00,0.0,12.55725
2024-11-07 11:27:00,0.0,12.55745
2024-11-07 11:28:00,0.0,12.55792
2024-11-07 11:29:00,0.0,12.55811
2024-11-07 11:30:00,0.0,12.55821
2024-11-07 11:31:00,0.0,12.55793
2024-11-07 11:32:00,0.0,12.55735
2024-11-07 11:33:00,0.0,12.55791
2024-11-07 11:34:00,0.0,12.55807
2024-11-07 11:35:00,0.0,12.55837
2024-11-07 11:36:00,0.0,12.55822
2024-11-07 11:37:00,0.0,12.55833
2024-11-07 11:38:00,0.0,12.54199
2024-11-07 11:39:00,0.0,12.5583
2024-11-07 11:40:00,0.0,12.55849
2024-11-07 11:41:00,0.0,12.55681
2024-11-07 11:42:00,0.0,12.55883
2024-11-07 11:43:00,0.0,12.54323
2024-11-07 11:44:00,0.0,12.55877
2024-11-07 11:45:00,0.0,12.5585
2024-11-07 11:46:00,0.0,12.55874
2024-11-07 11:47:00,0.0,12.55905
2024-11-07 11:48:00,0.0,12.55922
2024-11-07 11:49:00,0.0,12.55937
2024-11-07 11:50:00,0.0,12.55688
2024-11-07 11:51:00,0.0,12.55937
2024-11-07 11:52:00,0.0,12.55942
2024-11-07 11:53:00,0.0,12.55946
2024-11-07 11:54:00,0.0,12.5588
2024-11-07 11:55:00,0.0,12.54251
2024-11-07 11:56:00,0.0,12.5589
2024-11-07 11:57:00,0.0,12.5433
2024-11-07 11:58:00,0.0,12.55741
2024-11-07 11:59:00,0.0,12.55734
2024-11-07 12:00:00,0.0,12.54078
2024-11-07 12:01:00,0.0,12.54022
2024-11-07 12:02:00,0.0,12.5573
2024-11-07 12:03:00,0.0,12.55808
2024-11-07 12:04:00,0.0,12.55848
2024-11-07 12:05:00,0.0,12.55901
2024-11-07 12:06:00,0.0,12.55879
2024-11-07 12:07:00,0.0,12.55654
2024-11-07 12:08:00,0.0,12.55745
2024-11-07 12:09:00,0.0,12.55848
2024-11-07 12:10:00,0.0,12.55909
2024-11-07 12:11:00,0.0,12.55773
2024-11-07 12:12:00,0.0,12.54124
2024-11-07 12:13:00,0.0,12.54074
2024-11-07 12:14:00,0.0,12.54007
2024-11-07 12:15:00,0.0,12.53979
2024-11-07 12:16:00,0.0,12.5569
2024-11-07 12:17:00,0.0,12.5585
2024-11-07 12:18:00,0.0,12.55887
2024-11-07 12:19:00,0.0,12.54398
2024-11-07 12:20:00,0.0,12.56056
2024-11-07 12:21:00,0.0,12.56101
2024-11-07 12:22:00,0.0,12.56063
2024-11-07 12:23:00,0.0,12.56193
2024-11-07 12:24:00,0.0,12.5621
2024-11-07 12:25:00,0.0,12.56277
2024-11-07 12:26:00,0.0,12.5632
2024-11-07 12:27:00,0.0,12.5636
2024-11-07 12:28:00,0.0,12.54698
2024-11-07 12:29:00,0.0,12.56439
2024-11-07 12:30:00,0.0,12.56429
2024-11-07 12:31:00,0.0,12.56507
2024-11-07 12:32:00,0.0,12.54979
2024-11-07 12:33:00,0.0,12.56606
2024-11-07 12:34:00,0.0,12.56621
2024-11-07 12:35:00,0.0,12.56673
2024-11-07 12:36:00,0.0,12.56714
2024-11-07 12:37:00,0.0,12.56745
2024-11-07 12:38:00,0.0,12.56789
2024-11-07 12:39:00,0.0,12.56809
2024-11-07 12:40:00,0.0,12.56818
2024-11-07 12:41:00,0.0,12.56887
2024-11-07 12:42:00,0.0,12.55359
2024-11-07 12:43:00,0.0,12.56963
2024-11-07 12:44:00,0.0,12.55424
2024-11-07 12:45:00,0.0,12.57086
2024-11-07 12:46:00,0.0,12.57076
2024-11-07 12:47:00,0.0,12.57088
2024-11-07 12:48:00,0.0,12.57128
2024-11-07 12:49:00,0.0,12.57164
2024-11-07 12:50:00,0.0,12.57217
2024-11-07 12:51:00,0.0,12.57259
2024-11-07 12:52:00,0.0,12.55681
2024-11-07 12:53:00,0.0,12.57257
2024-11-07 12:54:00,0.0,12.57303
2024-11-07 12:55:00,0.0,12.57323
2024-11-07 12:56:00,0.0,12.57331
2024-11-07 12:57:00,0.0,12.57371
2024-11-07 12:58:00,0.0,12.55776
2024-11-07 12:59:00,0.0,12.57287
2024-11-07 13:00:00,0.0,12.57329
2024-11-07 13:01:00,0.0,12.57336
2024-11-07 13:02:00,0.0,12.5736
2024-11-07 13:03:00,0.0,12.57377
2024-11-07 13:04:00,0.0,12.57171
2024-11-07 13:05:00,0.0,12.5737
2024-11-07 13:06:00,0.0,12.55817
2024-11-07 13:07:00,0.0,12.57396
2024-11-07 13:08:00,0.0,12.55848
2024-11-07 13:09:00,0.0,12.57446
2024-11-07 13:10:00,0.0,12.57456
2024-11-07 13:11:00,0.0,12.57398
2024-11-07 13:12:00,0.0,12.574
2024-11-07 13:13:00,0.0,12.57298
2024-11-07 13:14:00,0.0,12.5735
2024-11-07 13:15:00,0.0,12.55878
2024-11-07 13:16:00,0.0,12.57499
2024-11-07 13:17:00,0.0,12.57442
2024-11-07 13:18:00,0.0,12.57462
2024-11-07 13:19:00,0.0,12.5748
2024-11-07 13:20:00,0.0,12.57507
2024-11-07 13:21:00,0.0,12.57533
2024-11-07 13:22:00,0.0,12.57555
2024-11-07 13:23:00,0.0,12.57488
2024-11-07 13:24:00,0.0,12.57539
2024-11-07 13:25:00,0.0,12.57546
2024-11-07 13:26:00,0.0,12.57565
2024-11-07 13:27:00,0.0,12.57569
2024-11-07 13:28:00,0.0,12.57612
2024-11-07 13:29:00,0.0,12.57503
2024-11-07 13:30:00,0.0,12.57574
2024-11-07 13:31:00,0.0,12.57605
2024-11-07 13:32:00,0.0,12.57602
2024-11-07 13:33:00,0.0,12.5601
2024-11-07 13:34:00,0.0,12.57653
2024-11-07 13:35:00,0.0,12.55926
2024-11-07 13:36:00,0.0,12.57585
2024-11-07 13:37:00,0.0,12.57625
2024-11-07 13:38:00,0.0,12.57623
2024-11-07 13:39:00,0.0,12.5764
2024-11-07 13:40:00,0.0,12.5763
2024-11-07 13:41:00,0.0,12.57675
2024-11-07 13:42:00,0.0,12.57591
2024-11-07 13:43:00,0.0,12.57629
2024-11-07 13:44:00,0.0,12.57611
2024-11-07 13:45:00,0.0,12.56077
2024-11-07 13:46:00,0.0,12.5765
2024-11-07 13:47:00,0.0,12.57622
2024-11-07 13:48:00,0.0,12.57587
2024-11-07 13:49:00,0.0,12.57578
2024-11-07 13:50:00,0.0,12.57606
2024-11-07 13:51:00,0.0,12.57603
2024-11-07 13:52:00,0.0,12.57625
2024-11-07 13:53:00,0.0,12.57612
2024-11-07 13:54:00,0.0,12.57517
2024-11-07 13:55:00,0.0,12.57572
2024-11-07 13:56:00,0.0,12.57562
2024-11-07 13:57:00,0.0,12.57571
2024-11-07 13:58:00,0.0,12.57577
2024-11-07 13:59:00,0.0,12.57577
2024-11-07 14:00:00,0.0,12.57555
2024-11-07 14:01:00,0.0,12.57548
2024-11-07 14:02:00,0.0,12.57557
2024-11-07 14:03:00,0.0,12.55998
2024-11-07 14:04:00,0.0,12.57547
2024-11-07 14:05:00,0.0,12.5595
2024-11-07 14:06:00,0.0,12.55907
2024-11-07 14:07:00,0.0,12.57489
2024-11-07 14:08:00,0.0,12.57463
2024-11-07 14:09:00,0.0,12.57468
2024-11-07 14:10:00,0.0,12.57454
2024-11-07 14:11:00,0.0,12.57469
2024-11-07 14:12:00,0.0,12.57388
2024-11-07 14:13:00,0.0,12.57432
2024-11-07 14:14:00,0.0,12.55823
2024-11-07 14:15:00,0.0,12.57433
2024-11-07 14:16:00,0.0,12.57372
2024-11-07 14:17:00,0.0,12.57365
2024-11-07 14:18:00,0.0,12.54291
2024-11-07 14:19:00,0.0,12.57287
2024-11-07 14:20:00,0.0,12.57291
2024-11-07 14:21:00,0.0,12.57275
2024-11-07 14:22:00,0.0,12.57265
2024-11-07 14:23:00,0.0,12.57246
2024-11-07 14:24:00,0.0,12.57215
2024-11-07 14:25:00,0.0,12.57066
2024-11-07 14:26:00,0.0,12.57109
2024-11-07 14:27:00,0.0,12.5713
2024-11-07 14:28:00,0.0,12.57155
2024-11-07 14:29:00,0.0,12.57159
2024-11-07 14:30:00,0.0,12.57138
2024-11-07 14:31:00,0.0,12.55497
2024-11-07 14:32:00,0.0,12.57085
2024-11-07 14:33:00,0.0,12.57058
2024-11-07 14:34:00,0.0,12.57046
2024-11-07 14:35:00,0.0,12.57024
2024-11-07 14:36:00,0.0,12.57022
2024-11-07 14:37:00,0.0,12.56941
2024-11-07 14:38:00,0.0,12.56953
2024-11-07 14:39:00,0.0,12.56937
2024-11-07 14:40:00,0.0,12.56926
2024-11-07 14:41:00,0.0,12.56905
2024-11-07 14:42:00,0.0,12.56837
2024-11-07 14:43:00,0.0,12.5516
2024-11-07 14:44:00,0.0,12.56809
2024-11-07 14:45:00,0.0,12.56799
2024-11-07 14:46:00,0.0,12.56767
2024-11-07 14:47:00,0.0,12.56772
2024-11-07 14:48:00,0.0,12.56741
2024-11-07 14:49:00,0.0,12.56661
2024-11-07 14:50:00,0.0,12.56673
2024-11-07 14:51:00,0.0,12.56621
2024-11-07 14:52:00,0.0,12.56617
2024-11-07 14:53:00,0.0,12.56605
2024-11-07 14:54:00,0.0,12.5648
2024-11-07 14:55:00,0.0,12.56148
2024-11-07 14:56:00,0.0,12.56408
2024-11-07 14:57:00,0.0,12.56425
2024-11-07 14:58:00,0.0,12.56449
2024-11-07 14:59:00,0.0,12.56458
2024-11-07 15:00:00,0.0,12.56405
2024-11-07 15:01:00,0.0,12.56354
2024-11-07 15:02:00,0.0,12.56328
2024-11-07 15:03:00,0.0,12.56336
2024-11-07 15:04:00,0.0,12.56284
2024-11-07 15:05:00,0.0,12.56306
2024-11-07 15:06:00,0.0,12.56283
2024-11-07 15:07:00,0.0,12.56242
2024-11-07 15:08:00,0.0,12.56208
2024-11-07 15:09:00,0.0,12.56182
2024-11-07 15:10:00,0.0,12.56177
2024-11-07 15:11:00,0.0,12.56172
2024-11-07 15:12:00,0.0,12.56114
2024-11-07 15:13:00,0.0,12.56087
2024-11-07 15:14:00,0.0,12.5606
2024-11-07 15:15:00,0.0,12.56024
2024-11-07 15:16:00,0.0,12.56026
2024-11-07 15:17:00,0.0,12.55999
2024-11-07 15:18:00,0.0,12.55997
2024-11-07 15:19:00,0.0,12.55958
2024-11-07 15:20:00,0.0,12.55689
2024-11-07 15:21:00,0.0,12.559
2024-11-07 15:22:00,0.0,12.54295
2024-11-07 15:23:00,0.0,12.55858
2024-11-07 15:24:00,0.0,12.55833
2024-11-07 15:25:00,0.0,12.5581
2024-11-07 15:26:00,0.0,12.55754
2024-11-07 15:27:00,0.0,12.55771
2024-11-07 15:28:00,0.0,12.54182
2024-11-07 15:29:00,0.0,12.55743
2024-11-07 15:30:00,0.0,12.55718
2024-11-07 15:31:00,0.0,12.55678
2024-11-07 15:32:00,0.0,12.55564
2024-11-07 15:33:00,0.0,12.55639
2024-11-07 15:34:00,0.0,12.55621
2024-11-07 15:35:00,0.0,12.55623
2024-11-07 15:36:00,0.0,12.55594
2024-11-07 15:37:00,0.0,12.5559
2024-11-07 15:38:00,0.0,12.55549
2024-11-07 15:39:00,0.0,12.55528
2024-11-07 15:40:00,0.0,12.55512
2024-11-07 15:41:00,0.0,12.55538
2024-11-07 15:42:00,0.0,12.53981
2024-11-07 15:43:00,0.0,12.55533
2024-11-07 15:44:00,0.0,12.5545
2024-11-07 15:45:00,0.0,12.55453
2024-11-07 15:46:00,0.0,12.53848
2024-11-07 15:47:00,0.0,12.55424
2024-11-07 15:48:00,0.0,12.55679
2024-11-07 15:49:00,0.0,12.5578
2024-11-07 15:50:00,0.0,12.55735
2024-11-07 15:51:00,0.0,12.55864
2024-11-07 15:52:00,0.0,12.55696
2024-11-07 15:53:00,0.0,12.55955
2024-11-07 15:54:00,0.0,12.54414
2024-11-07 15:55:00,0.0,12.56009
2024-11-07 15:56:00,0.0,12.56027
2024-11-07 15:57:00,0.0,12.55999
2024-11-07 15:58:00,0.0,12.56028
2024-11-07 15:59:00,0.0,12.56071
2024-11-07 16:00:00,0.0,12.56076
2024-11-07 16:01:00,0.0,12.55912
2024-11-07 16:02:00,0.0,12.56123
2024-11-07 16:03:00,0.0,12.56082
2024-11-07 16:04:00,0.0,12.56101
2024-11-07 16:05:00,0.0,12.56156
2024-11-07 16:06:00,0.0,12.56123
2024-11-07 16:07:00,0.0,12.56171
2024-11-07 16:08:00,0.0,12.56132
2024-11-07 16:09:00,0.0,12.56084
2024-11-07 16:10:00,0.0,12.56118
2024-11-07 16:11:00,0.0,12.56123
2024-11-07 16:12:00,0.0,12.54564
2024-11-07 16:13:00,0.0,12.56149
2024-11-07 16:14:00,0.0,12.56132
2024-11-07 16:15:00,0.0,12.544
2024-11-07 16:16:00,0.0,12.56104
2024-11-07 16:17:00,0.0,12.56152
2024-11-07 16:18:00,0.0,12.5616
2024-11-07 16:19:00,0.0,12.56159
2024-11-07 16:20:00,0.0,12.56159
2024-11-07 16:21:00,0.0,12.54548
2024-11-07 16:22:00,0.0,12.56132
2024-11-07 16:23:00,0.0,12.54561
2024-11-07 16:24:00,0.0,12.56147
2024-11-07 16:25:00,0.0,12.56133
2024-11-07 16:26:00,0.0,12.56148
2024-11-07 16:27:00,0.0,12.56093
2024-11-07 16:28:00,0.0,12.54542
2024-11-07 16:29:00,0.0,12.56159
2024-11-07 16:30:00,0.0,12.56136
2024-11-07 16:31:00,0.0,12.56171
2024-11-07 16:32:00,0.0,12.56185
2024-11-07 16:33:00,0.0,12.54405
2024-11-07 16:34:00,0.0,12.54457
2024-11-07 16:35:00,0.0,12.56136
2024-11-07 16:36:00,0.0,12.56173
2024-11-07 16:37:00,0.0,12.5616
2024-11-07 16:38:00,0.0,12.56149
2024-11-07 16:39:00,0.0,12.56174
2024-11-07 16:40:00,0.0,12.56137
2024-11-07 16:41:00,0.0,12.56105
2024-11-07 16:42:00,0.0,12.56172
2024-11-07 16:43:00,0.0,12.56187
2024-11-07 16:44:00,0.0,12.56225
2024-11-07 16:45:00,0.0,12.5601
2024-11-07 16:46:00,0.0,12.56185
2024-11-07 16:47:00,0.0,12.56024
2024-11-07 16:48:00,0.0,12.56161
2024-11-07 16:49:00,0.0,12.54669
2024-11-07 16:50:00,0.0,12.56237
2024-11-07 16:51:00,0.0,12.56202
2024-11-07 16:52:00,0.0,12.56144
2024-11-07 16:53:00,0.0,12.56082
2024-11-07 16:54:00,0.0,12.56196
2024-11-07 16:55:00,0.0,12.54657
2024-11-07 16:56:00,0.0,12.56207
2024-11-07 16:57:00,0.0,12.56181
2024-11-07 16:58:00,0.0,12.56106
2024-11-07 16:59:00,0.0,12.56165
2024-11-07 17:00:00,0.0,12.56188
2024-11-07 17:01:00,0.0,12.54625
2024-11-07 17:02:00,0.0,12.56199
2024-11-07 17:03:00,0.0,12.5617
2024-11-07 17:04:00,0.0,12.56095
2024-11-07 17:05:00,0.0,12.56143
2024-11-07 17:06:00,0.0,12.5616
2024-11-07 17:07:00,0.0,12.56161
2024-11-07 17:08:00,0.0,12.56167
2024-11-07 17:09:00,0.0,12.54581
2024-11-07 17:10:00,0.06999206,12.56087
2024-11-07 17:11:00,0.0,12.56073
2024-11-07 17:12:00,0.0,12.56074
2024-11-07 17:13:00,0.0,12.56155
2024-11-07 17:14:00,0.0,12.56163
2024-11-07 17:15:00,0.0,12.56178
2024-11-07 17:16:00,0.0,12.56069
2024-11-07 17:17:00,0.0,12.56112
2024-11-07 17:18:00,0.0,12.56172
2024-11-07 17:19:00,0.0,12.56159
2024-11-07 17:20:00,0.0,12.54577
2024-11-07 17:21:00,0.0,12.56154
2024-11-07 17:22:00,0.0,12.56133
2024-11-07 17:23:00,0.0,12.56088
2024-11-07 17:24:00,0.0,12.56115
2024-11-07 17:25:00,0.0,12.56132
2024-11-07 17:26:00,0.0,12.5454
2024-11-07 17:27:00,0.0,12.5613
2024-11-07 17:28:00,0.0,12.5609
2024-11-07 17:29:00,0.0,12.56061
2024-11-07 17:30:00,0.0,12.56067
2024-11-07 17:31:00,0.0,12.56097
2024-11-07 17:32:00,0.0,12.56091
2024-11-07 17:33:00,0.0,12.56076
2024-11-07 17:34:00,0.0,12.56072
2024-11-07 17:35:00,0.0,12.5601
2024-11-07 17:36:00,0.0,12.56035
2024-11-07 17:37:00,0.0,12.56062
2024-11-07 17:38:00,0.0,12.56054
2024-11-07 17:39:00,0.0,12.56095
2024-11-07 17:40:00,0.0,12.56054
2024-11-07 17:41:00,0.0,12.55993
2024-11-07 17:42:00,0.0,12.56013
2024-11-07 17:43:00,0.0,12.55824
2024-11-07 17:44:00,0.0,12.56049
2024-11-07 17:45:00,0.0,12.56018
2024-11-07 17:46:00,0.0,12.56053
2024-11-07 17:47:00,0.0,12.54386
2024-11-07 17:48:00,0.0,12.54427
2024-11-07 17:49:00,0.0,12.56023
2024-11-07 17:50:00,0.0,12.55997
2024-11-07 17:51:00,0.0,12.56007
2024-11-07 17:52:00,0.0,12.56015
2024-11-07 17:53:00,0.0,12.54402
2024-11-07 17:54:00,0.0,12.55881
2024-11-07 17:55:00,0.0,12.54291
2024-11-07 17:56:00,0.0,12.5588
2024-11-07 17:57:00,0.0,12.55896
2024-11-07 17:58:00,0.0,12.55939
2024-11-07 17:59:00,0.0,12.55868
2024-11-07 18:00:00,0.0,12.55903
2024-11-07 18:01:00,0.0,12.55912
2024-11-07 18:02:00,0.0,12.54356
2024-11-07 18:03:00,0.0,12.55918
2024-11-07 18:04:00,0.0,12.55906
2024-11-07 18:05:00,0.0,12.52743
2024-11-07 18:06:00,0.0,12.55669
2024-11-07 18:07:00,0.0,12.55897
2024-11-07 18:08:00,0.0,12.5586
2024-11-07 18:09:00,0.0,12.55903
2024-11-07 18:10:00,0.0,12.55874
2024-11-07 18:11:00,0.0,12.55918
2024-11-07 18:12:00,0.0,12.55812
2024-11-07 18:13:00,0.0,12.54302
2024-11-07 18:14:00,0.0,12.55869
2024-11-07 18:15:00,0.0,12.55868
2024-11-07 18:16:00,0.0,12.55888
2024-11-07 18:17:00,0.0,12.55854
2024-11-07 18:18:00,0.0,12.55826
2024-11-07 18:19:00,0.0,12.54245
2024-11-07 18:20:00,0.0,12.55837
2024-11-07 18:21:00,0.0,12.5582
2024-11-07 18:22:00,0.0,12.55808
2024-11-07 18:23:00,0.0,12.55835
2024-11-07 18:24:00,0.0,12.55769
2024-11-07 18:25:00,0.0,12.55695
2024-11-07 18:26:00,0.0,12.54137
2024-11-07 18:27:00,0.0,12.55715
2024-11-07 18:28:00,0.0,12.55779
2024-11-07 18:29:00,0.0,12.55797
2024-11-07 18:30:00,0.0,12.54064
2024-11-07 18:31:00,0.0,12.55766
2024-11-07 18:32:00,0.0,12.5574
2024-11-07 18:33:00,0.0,12.55738
2024-11-07 18:34:00,0.0,12.55766
2024-11-07 18:35:00,0.0,12.55776
2024-11-07 18:36:00,0.0,12.55708
2024-11-07 18:37:00,0.0,12.54169
2024-11-07 18:38:00,0.0,12.55722
2024-11-07 18:39:00,0.0,12.55726
2024-11-07 18:40:00,0.0,12.55742
2024-11-07 18:41:00,0.0,12.55667
2024-11-07 18:42:00,0.0,12.55572
2024-11-07 18:43:00,0.0,12.55558
2024-11-07 18:44:00,0.0,12.55646
2024-11-07 18:45:00,0.0,12.55684
2024-11-07 18:46:00,0.0,12.55693
2024-11-07 18:47:00,0.0,12.55688
2024-11-07 18:48:00,0.0,12.55594
2024-11-07 18:49:00,0.0,12.55656
2024-11-07 18:50:00,0.0,12.55637
2024-11-07 18:51:00,0.0,12.55692
2024-11-07 18:52:00,0.0,12.55691
2024-11-07 18:53:00,0.0,12.55685
2024-11-07 18:54:00,0.0,12.55662
2024-11-07 18:55:00,0.0,12.55624
2024-11-07 18:56:00,0.0,12.54074
2024-11-07 18:57:00,0.0,12.5562
2024-11-07 18:58:00,0.0,12.55662
2024-11-07 18:59:00,0.0,12.55648
2024-11-07 19:00:00,0.0,12.55632
2024-11-07 19:01:00,0.0,12.55578
2024-11-07 19:02:00,0.0,12.54062
2024-11-07 19:03:00,0.0,12.55615
2024-11-07 19:04:00,0.0,12.55577
2024-11-07 19:05:00,0.0,12.55592
2024-11-07 19:06:00,0.0,12.55598
2024-11-07 19:07:00,0.0,12.55534
2024-11-07 19:08:00,0.0,12.55574
2024-11-07 19:09:00,0.0,12.55605
2024-11-07 19:10:00,0.0,12.5558
2024-11-07 19:11:00,0.0,12.55583
2024-11-07 19:12:00,0.0,12.54002
2024-11-07 19:13:00,0.0,12.55564
2024-11-07 19:14:00,0.0,12.55569
2024-11-07 19:15:00,0.0,12.55553
2024-11-07 19:16:00,0.0,12.5398
2024-11-07 19:17:00,0.0,12.55562
2024-11-07 19:18:00,0.0,12.55537
2024-11-07 19:19:00,0.0,12.55518
2024-11-07 19:20:00,0.0,12.55536
2024-11-07 19:21:00,0.0,12.55529
2024-11-07 19:22:00,0.0,12.5557
2024-11-07 19:23:00,0.0,12.55556
2024-11-07 19:24:00,0.0,12.5554
2024-11-07 19:25:00,0.0,12.53955
2024-11-07 19:26:00,0.0,12.55542
2024-11-07 19:27:00,0.0,12.55524
2024-11-07 19:28:00,0.0,12.5551
2024-11-07 19:29:00,0.0,12.55496
2024-11-07 19:30:00,0.0,12.55503
2024-11-07 19:31:00,0.0,12.55412
2024-11-07 19:32:00,0.0,12.55459
2024-11-07 19:33:00,0.0,12.55478
2024-11-07 19:34:00,0.0,12.55446
2024-11-07 19:35:00,0.0,12.53877
2024-11-07 19:36:00,0.0,12.55396
2024-11-07 19:37:00,0.0,12.55431
2024-11-07 19:38:00,0.0,12.55409
2024-11-07 19:39:00,0.0,12.55398
2024-11-07 19:40:00,0.0,12.55423
2024-11-07 19:41:00,0.0,12.55447
2024-11-07 19:42:00,0.0,12.5388
2024-11-07 19:43:00,0.0,12.55425
2024-11-07 19:44:00,0.0,12.55381
2024-11-07 19:45:00,0.0,12.55388
2024-11-07 19:46:00,0.0,12.55389
2024-11-07 19:47:00,0.0,12.53826
2024-11-07 19:48:00,0.0,12.55383
2024-11-07 19:49:00,0.0,12.55358
2024-11-07 19:50:00,0.0,12.5537
2024-11-07 19:51:00,0.0,12.55386
2024-11-07 19:52:00,0.0,12.5538
2024-11-07 19:53:00,0.0,12.53838
2024-11-07 19:54:00,0.0,12.55364
2024-11-07 19:55:00,0.0,12.55365
2024-11-07 19:56:00,0.0,12.55328
2024-11-07 19:57:00,0.0,12.53795
2024-11-07 19:58:00,0.0,12.55378
2024-11-07 19:59:00,0.0,12.55377
2024-11-07 20:00:00,0.0,12.55393
2024-11-07 20:01:00,0.0,12.55413
2024-11-07 20:02:00,0.0,12.55339
2024-11-07 20:03:00,0.0,12.55361
2024-11-07 20:04:00,0.0,12.55378
2024-11-07 20:05:00,0.0,12.55156
2024-11-07 20:06:00,0.0,12.55352
2024-11-07 20:07:00,0.0,12.55313
2024-11-07 20:08:00,0.0,12.55293
2024-11-07 20:09:00,0.0,12.55329
2024-11-07 20:10:00,0.0,12.53786
2024-11-07 20:11:00,0.0,12.5532
2024-11-07 20:12:00,0.0,12.53755
2024-11-07 20:13:00,0.0,12.55345
2024-11-07 20:14:00,0.0,12.55241
2024-11-07 20:15:00,0.0,12.55264
2024-11-07 20:16:00,0.0,12.55324
2024-11-07 20:17:00,0.0,12.55281
2024-11-07 20:18:00,0.0,12.55311
2024-11-07 20:19:00,0.0,12.55259
2024-11-07 20:20:00,0.0,12.53577
2024-11-07 20:21:00,0.0,12.5526
2024-11-07 20:22:00,0.0,12.55271
2024-11-07 20:23:00,0.0,12.55281
2024-11-07 20:24:00,0.0,12.55284
2024-11-07 20:25:00,0.0,12.55259
2024-11-07 20:26:00,0.0,12.53716
2024-11-07 20:27:00,0.0,12.55207
2024-11-07 20:28:00,0.0,12.55262
2024-11-07 20:29:00,0.0,12.55255
2024-11-07 20:30:00,0.0,12.55272
2024-11-07 20:31:00,0.0,12.55286
2024-11-07 20:32:00,0.0,12.55047
2024-11-07 20:33:00,0.0,12.55226
2024-11-07 20:34:00,0.0,12.55236
2024-11-07 20:35:00,0.0,12.55213
2024-11-07 20:36:00,0.0,12.55223
2024-11-07 20:37:00,0.0,12.53666
2024-11-07 20:38:00,0.0,12.55193
2024-11-07 20:39:00,0.0,12.53572
2024-11-07 20:40:00,0.0,12.55159
2024-11-07 20:41:00,0.0,12.55185
2024-11-07 20:42:00,0.0,12.55219
2024-11-07 20:43:00,0.0,12.55186
2024-11-07 20:44:00,0.0,12.55123
2024-11-07 20:45:00,0.0,12.55083
2024-11-07 20:46:00,0.0,12.55163
2024-11-07 20:47:00,0.0,12.55171
2024-11-07 20:48:00,0.0,12.55142
2024-11-07 20:49:00,0.0,12.55071
2024-11-07 20:50:00,0.0,12.55119
2024-11-07 20:51:00,0.0,12.55116
2024-11-07 20:52:00,0.0,12.5513
2024-11-07 20:53:00,0.0,12.55146
2024-11-07 20:54:00,0.0,12.54992
2024-11-07 20:55:00,0.0,12.55003
2024-11-07 20:56:00,0.0,12.55066
2024-11-07 20:57:00,0.0,12.55022
2024-11-07 20:58:00,0.0,12.55057
2024-11-07 20:59:00,0.0,12.55077
2024-11-07 21:00:00,0.0,12.53516
2024-11-07 21:01:00,0.0,12.55114
2024-11-07 21:02:00,0.0,12.55094
2024-11-07 21:03:00,0.0,12.55052
2024-11-07 21:04:00,0.0,12.54899
2024-11-07 21:05:00,0.0,12.55084
2024-11-07 21:06:00,0.0,12.55067
2024-11-07 21:07:00,0.0,12.55079
2024-11-07 21:08:00,0.0,12.55069
2024-11-07 21:09:00,0.0,12.55065
2024-11-07 21:10:00,0.0,12.55056
2024-11-07 21:11:00,0.0,12.55066
2024-11-07 21:12:00,0.0,12.55061
2024-11-07 21:13:00,0.0,12.55051
2024-11-07 21:14:00,0.0,12.55056
2024-11-07 21:15:00,0.0,12.55078
2024-11-07 21:16:00,0.0,12.54927
2024-11-07 21:17:00,0.0,12.5502
2024-11-07 21:18:00,0.0,12.55069
2024-11-07 21:19:00,0.0,12.5502
2024-11-07 21:20:00,0.0,12.55027
2024-11-07 21:21:00,0.0,12.5504
2024-11-07 21:22:00,0.0,12.54979
2024-11-07 21:23:00,0.0,12.54984
2024-11-07 21:24:00,0.0,12.55041
2024-11-07 21:25:00,0.0,12.55019
2024-11-07 21:26:00,0.0,12.55045
2024-11-07 21:27:00,0.0,12.55029
2024-11-07 21:28:00,0.0,12.53419
2024-11-07 21:29:00,0.0,12.55012
2024-11-07 21:30:00,0.0,12.54996
2024-11-07 21:31:00,0.0,12.55009
2024-11-07 21:32:00,0.0,12.54996
2024-11-07 21:33:00,0.0,12.55
2024-11-07 21:34:00,0.0,12.54956
2024-11-07 21:35:00,0.0,12.5496
2024-11-07 21:36:00,0.0,12.54972
2024-11-07 21:37:00,0.0,12.54992
2024-11-07 21:38:00,0.0,12.55004
2024-11-07 21:39:00,0.0,12.54769
2024-11-07 21:40:00,0.0,12.54898
2024-11-07 21:41:00,0.0,12.54942
2024-11-07 21:42:00,0.0,12.53404
2024-11-07 21:43:00,0.0,12.54958
2024-11-07 21:44:00,0.0,12.54924
2024-11-07 21:45:00,0.0,12.54909
2024-11-07 21:46:00,0.0,12.549
2024-11-07 21:47:00,0.0,12.54903
2024-11-07 21:48:00,0.0,12.54913
2024-11-07 21:49:00,0.0,12.54936
2024-11-07 21:50:00,0.0,12.54709
2024-11-07 21:51:00,0.0,12.54952
2024-11-07 21:52:00,0.0,12.5482
2024-11-07 21:53:00,0.0,12.54916
2024-11-07 21:54:00,0.0,12.54893
2024-11-07 21:55:00,0.0,12.54914
2024-11-07 21:56:00,0.0,12.54953
2024-11-07 21:57:00,0.0,12.55001
2024-11-07 21:58:00,0.0,12.54959
2024-11-07 21:59:00,0.0,12.54912
2024-11-07 22:00:00,0.0,12.54923
2024-11-07 22:01:00,0.0,12.54915
2024-11-07 22:02:00,0.0,12.54948
2024-11-07 22:03:00,0.0,12.53411
2024-11-07 22:04:00,0.0,12.54956
2024-11-07 22:05:00,0.0,12.54874
2024-11-07 22:06:00,0.0,12.54929
2024-11-07 22:07:00,0.0,12.549
2024-11-07 22:08:00,0.0,12.54888
2024-11-07 22:09:00,0.0,12.5337
2024-11-07 22:10:00,0.0,12.54825
2024-11-07 22:11:00,0.0,12.54811
2024-11-07 22:12:00,0.0,12.54843
2024-11-07 22:13:00,0.0,12.54843
2024-11-07 22:14:00,0.0,12.54839
2024-11-07 22:15:00,0.0,12.54845
2024-11-07 22:16:00,0.0,12.54836
2024-11-07 22:17:00,0.0,12.54807
2024-11-07 22:18:00,0.0,12.5483
2024-11-07 22:19:00,0.0,12.54816
2024-11-07 22:20:00,0.0,12.54842
2024-11-07 22:21:00,0.0,12.54859
2024-11-07 22:22:00,0.0,12.54827
2024-11-07 22:23:00,0.0,12.54769
2024-11-07 22:24:00,0.0,12.54787
2024-11-07 22:25:00,0.0,12.54803
2024-11-07 22:26:00,0.0,12.54813
2024-11-07 22:27:00,0.0,12.54732
2024-11-07 22:28:00,0.0,12.54842
2024-11-07 22:29:00,0.0,12.53165
2024-11-07 22:30:00,0.0,12.54726
2024-11-07 22:31:00,0.0,12.54798
2024-11-07 22:32:00,0.0,12.54797
2024-11-07 22:33:00,0.0,12.54826
2024-11-07 22:34:00,0.0,12.54806
2024-11-07 22:35:00,0.0,12.54705
2024-11-07 22:36:00,0.0,12.54786
2024-11-07 22:37:00,0.0,12.54576
2024-11-07 22:38:00,0.0,12.54805
2024-11-07 22:39:00,0.0,12.54804
2024-11-07 22:40:00,0.0,12.54809
2024-11-07 22:41:00,0.0,12.54827
2024-11-07 22:42:00,0.0,12.54734
2024-11-07 22:43:00,0.0,12.54739
2024-11-07 22:44:00,0.0,12.54774
2024-11-07 22:45:00,0.0,12.54751
2024-11-07 22:46:00,0.0,12.54609
2024-11-07 22:47:00,0.0,12.54756
2024-11-07 22:48:00,0.0,12.54729
2024-11-07 22:49:00,0.0,12.5474
2024-11-07 22:50:00,0.0,12.54622
2024-11-07 22:51:00,0.0,12.5472
2024-11-07 22:52:00,0.0,12.54714
2024-11-07 22:53:00,0.0,12.5477
2024-11-07 22:54:00,0.0,12.54675
2024-11-07 22:55:00,0.0,12.54699
2024-11-07 22:56:00,0.0,12.54668
2024-11-07 22:57:00,0.0,12.54648
2024-11-07 22:58:00,0.0,12.53151
2024-11-07 22:59:00,0.0,12.54718
2024-11-07 23:00:00,0.0,12.54646
2024-11-07 23:01:00,0.0,12.54702
2024-11-07 23:02:00,0.0,12.54693
2024-11-07 23:03:00,0.0,12.54753
2024-11-07 23:04:00,0.0,12.54719
2024-11-07 23:05:00,0.0,12.54756
2024-11-07 23:06:00,0.0,12.54702
2024-11-07 23:07:00,0.0,12.54686
2024-11-07 23:08:00,0.0,12.54735
2024-11-07 23:09:00,0.0,12.54715
2024-11-07 23:10:00,0.0,12.53155
2024-11-07 23:11:00,0.0,12.54658
2024-11-07 23:12:00,0.0,12.54667
2024-11-07 23:13:00,0.0,12.5468
2024-11-07 23:14:00,0.0,12.54656
2024-11-07 23:15:00,0.0,12.54463
2024-11-07 23:16:00,0.0,12.5468
2024-11-07 23:17:00,0.0,12.54635
2024-11-07 23:18:00,0.0,12.54588
2024-11-07 23:19:00,0.0,12.54615
2024-11-07 23:20:00,0.0,12.54653
2024-11-07 23:21:00,0.0,12.53074
2024-11-07 23:22:00,0.0,12.54673
2024-11-07 23:23:00,0.0,12.5465
2024-11-07 23:24:00,0.0,12.53014
2024-11-07 23:25:00,0.0,12.53058
2024-11-07 23:26:00,0.0,12.54633
2024-11-07 23:27:00,0.0,12.54628
2024-11-07 23:28:00,0.0,12.54637
2024-11-07 23:29:00,0.0,12.54656
2024-11-07 23:30:00,0.0,12.54651
2024-11-07 23:31:00,0.0,12.54633
2024-11-07 23:32:00,0.0,12.54636
2024-11-07 23:33:00,0.0,12.53058
2024-11-07 23:34:00,0.0,12.54652
2024-11-07 23:35:00,0.0,12.54663
2024-11-07 23:36:00,0.0,12.54638
2024-11-07 23:37:00,0.0,12.54589
2024-11-07 23:38:00,0.0,12.54616
2024-11-07 23:39:00,0.0,12.54639
2024-11-07 23:40:00,0.0,12.54644
2024-11-07 23:41:00,0.0,12.54631
2024-11-07 23:42:00,0.0,12.53059
2024-11-07 23:43:00,0.0,12.54566
2024-11-07 23:44:00,0.0,12.54611
2024-11-07 23:45:00,0.0,12.54621
2024-11-07 23:46:00,0.0,12.54626
2024-11-07 23:47:00,0.0,12.54611
2024-11-07 23:48:00,0.0,12.54616
2024-11-07 23:49:00,0.0,12.52903
2024-11-07 23:50:00,0.0,12.54581
2024-11-07 23:51:00,0.0,12.5304
2024-11-07 23:52:00,0.0,12.5462
2024-11-07 23:53:00,0.0,12.54583
2024-11-07 23:54:00,0.0,12.5452
2024-11-07 23:55:00,0.0,12.54395
2024-11-07 23:56:00,0.0,12.5431
2024-11-07 23:57:00,0.0,12.54537
2024-11-07 23:58:00,0.0,12.54548
2024-11-07 23:59:00,0.0,12.5458
2024-11-08 00:00:00,0.0,12.546
2024-11-08 00:01:00,0.0,12.54516
2024-11-08 00:02:00,0.0,12.54613
2024-11-08 00:03:00,0.0,12.54603
2024-11-08 00:04:00,0.0,12.54594
2024-11-08 00:05:00,0.0,12.54588
2024-11-08 00:06:00,0.0,12.5304
2024-11-08 00:07:00,0.0,12.54462
2024-11-08 00:08:00,0.0,12.53
2024-11-08 00:09:00,0.0,12.54563
2024-11-08 00:10:00,0.0,12.54554
2024-11-08 00:11:00,0.0,12.54596
2024-11-08 00:12:00,0.0,12.54504
2024-11-08 00:13:00,0.0,12.54599
2024-11-08 00:14:00,0.0,12.54536
2024-11-08 00:15:00,0.0,12.54554
2024-11-08 00:16:00,0.0,12.54567
2024-11-08 00:17:00,0.0,12.54538
2024-11-08 00:18:00,0.0,12.54538
2024-11-08 00:19:00,0.0,12.54548
2024-11-08 00:20:00,0.0,12.54514
2024-11-08 00:21:00,0.0,12.5452
2024-11-08 00:22:00,0.0,12.52976
2024-11-08 00:23:00,0.0,12.54571
2024-11-08 00:24:00,0.0,12.54474
2024-11-08 00:25:00,0.0,12.54545
2024-11-08 00:26:00,0.0,12.5447
2024-11-08 00:27:00,0.0,12.54536
2024-11-08 00:28:00,0.0,12.54529
2024-11-08 00:29:00,0.0,12.52961
2024-11-08 00:30:00,0.0,12.54525
2024-11-08 00:31:00,0.0,12.54522
2024-11-08 00:32:00,0.0,12.52873
2024-11-08 00:33:00,0.0,12.54514
2024-11-08 00:34:00,0.0,12.54537
2024-11-08 00:35:00,0.0,12.54526
2024-11-08 00:36:00,0.0,12.5454
2024-11-08 00:37:00,0.0,12.54559
2024-11-08 00:38:00,0.0,12.54424
2024-11-08 00:39:00,0.0,12.54511
2024-11-08 00:40:00,0.0,12.54522
2024-11-08 00:41:00,0.0,12.54519
2024-11-08 00:42:00,0.0,12.54537
2024-11-08 00:43:00,0.0,12.54526
2024-11-08 00:44:00,0.0,12.54454
2024-11-08 00:45:00,0.0,12.54448
2024-11-08 00:46:00,0.0,12.5428
2024-11-08 00:47:00,0.0,12.54478
2024-11-08 00:48:00,0.0,12.52933
2024-11-08 00:49:00,0.0,12.54537
2024-11-08 00:50:00,0.0,12.54364
2024-11-08 00:51:00,0.0,12.54447
2024-11-08 00:52:00,0.0,12.54485
2024-11-08 00:53:00,0.0,12.54503
2024-11-08 00:54:00,0.0,12.54516
2024-11-08 00:55:00,0.0,12.54505
2024-11-08 00:56:00,0.0,12.5429
2024-11-08 00:57:00,0.0,12.54465
2024-11-08 00:58:00,0.0,12.54474
2024-11-08 00:59:00,0.0,12.54277
2024-11-08 01:00:00,0.0,12.54476
2024-11-08 01:01:00,0.0,12.54448
2024-11-08 01:02:00,0.0,12.54458
2024-11-08 01:03:00,0.0,12.54388
2024-11-08 01:04:00,0.0,12.54371
2024-11-08 01:05:00,0.0,12.54416
2024-11-08 01:06:00,0.0,12.54439
2024-11-08 01:07:00,0.0,12.54416
2024-11-08 01:08:00,0.0,12.54454
2024-11-08 01:09:00,0.0,12.54392
2024-11-08 01:10:00,0.0,12.53069
2024-11-08 01:11:00,0.0,12.54482
2024-11-08 01:12:00,0.0,12.54479
2024-11-08 01:13:00,0.0,12.54452
2024-11-08 01:14:00,0.0,12.54457
2024-11-08 01:15:00,0.0,12.52826
2024-11-08 01:16:00,0.0,12.54423
2024-11-08 01:17:00,0.0,12.54429
2024-11-08 01:18:00,0.0,12.54405
2024-11-08 01:19:00,0.0,12.54422
2024-11-08 01:20:00,0.0,12.54453
2024-11-08 01:21:00,0.0,12.5431
2024-11-08 01:22:00,0.0,12.54401
2024-11-08 01:23:00,0.0,12.52799
2024-11-08 01:24:00,0.0,12.54418
2024-11-08 01:25:00,0.0,12.54425
2024-11-08 01:26:00,0.0,12.5443
2024-11-08 01:27:00,0.0,12.54373
2024-11-08 01:28:00,0.0,12.54385
2024-11-08 01:29:00,0.0,12.54438
2024-11-08 01:30:00,0.0,12.54413
2024-11-08 01:31:00,0.0,12.52871
2024-11-08 01:32:00,0.0,12.54467
2024-11-08 01:33:00,0.0,12.54345
2024-11-08 01:34:00,0.0,12.54407
2024-11-08 01:35:00,0.0,12.54398
2024-11-08 01:36:00,0.0,12.54405
2024-11-08 01:37:00,0.0,12.52826
2024-11-08 01:38:00,0.0,12.54405
2024-11-08 01:39:00,0.0,12.52707
2024-11-08 01:40:00,0.0,12.54234
2024-11-08 01:41:00,0.0,12.54371
2024-11-08 01:42:00,0.0,12.54286
2024-11-08 01:43:00,0.0,12.5409
2024-11-08 01:44:00,0.0,12.54348
2024-11-08 01:45:00,0.0,12.54352
2024-11-08 01:46:00,0.0,12.54329
2024-11-08 01:47:00,0.0,12.54325
2024-11-08 01:48:00,0.0,12.54358
2024-11-08 01:49:00,0.0,12.54286
2024-11-08 01:50:00,0.0,12.54347
2024-11-08 01:51:00,0.0,12.54336
2024-11-08 01:52:00,0.0,12.54286
2024-11-08 01:53:00,0.0,12.5432
2024-11-08 01:54:00,0.0,12.54315
2024-11-08 01:55:00,0.0,12.54336
2024-11-08 01:56:00,0.0,12.54312
2024-11-08 01:57:00,0.0,12.5412
2024-11-08 01:58:00,0.0,12.54266
2024-11-08 01:59:00,0.0,12.5428
2024-11-08 02:00:00,0.0,12.5432
2024-11-08 02:01:00,0.0,12.54271
2024-11-08 02:02:00,0.0,12.5434
2024-11-08 02:03:00,0.0,12.54332
2024-11-08 02:04:00,0.0,12.54311
2024-11-08 02:05:00,0.0,12.54079
2024-11-08 02:06:00,0.0,12.54332
2024-11-08 02:07:00,0.0,12.54289
2024-11-08 02:08:00,0.0,12.54356
2024-11-08 02:09:00,0.0,12.54328
2024-11-08 02:10:00,0.0,12.54277
2024-11-08 02:11:00,0.0,12.5428
2024-11-08 02:12:00,0.0,12.54314
2024-11-08 02:13:00,0.0,12.543
2024-11-08 02:14:00,0.0,12.54317
2024-11-08 02:15:00,0.0,12.5433
2024-11-08 02:16:00,0.0,12.54257
2024-11-08 02:17:00,0.0,12.54293
2024-11-08 02:18:00,0.0,12.54315
2024-11-08 02:19:00,0.0,12.54319
2024-11-08 02:20:00,0.0,12.54306
2024-11-08 02:21:00,0.0,12.54298
2024-11-08 02:22:00,0.0,12.51158
2024-11-08 02:23:00,0.0,12.54245
2024-11-08 02:24:00,0.0,12.543
2024-11-08 02:25:00,0.0,12.54273
2024-11-08 02:26:00,0.0,12.54282
2024-11-08 02:27:00,0.0,12.543
2024-11-08 02:28:00,0.0,12.52708
2024-11-08 02:29:00,0.0,12.52652
2024-11-08 02:30:00,0.0,12.5424
2024-11-08 02:31:00,0.0,12.5425
2024-11-08 02:32:00,0.0,12.5427
2024-11-08 02:33:00,0.0,12.54269
2024-11-08 02:34:00,0.0,12.54267
2024-11-08 02:35:00,0.0,12.5422
2024-11-08 02:36:00,0.0,12.54222
2024-11-08 02:37:00,0.0,12.54271
2024-11-08 02:38:00,0.0,12.54267
2024-11-08 02:39:00,0.0,12.54268
2024-11-08 02:40:00,0.0,12.5428
2024-11-08 02:41:00,0.0,12.54235
2024-11-08 02:42:00,0.0,12.52692
2024-11-08 02:43:00,0.0,12.54285
2024-11-08 02:44:00,0.0,12.54261
2024-11-08 02:45:00,0.0,12.54287
2024-11-08 02:46:00,0.0,12.54309
2024-11-08 02:47:00,0.0,12.52581
2024-11-08 02:48:00,0.0,12.54276
2024-11-08 02:49:00,0.0,12.54278
2024-11-08 02:50:00,0.0,12.52696
2024-11-08 02:51:00,0.0,12.54275
2024-11-08 02:52:00,0.0,12.54264
2024-11-08 02:53:00,0.0,12.54222
2024-11-08 02:54:00,0.0,12.54123
2024-11-08 02:55:00,0.0,12.54005
2024-11-08 02:56:00,0.0,12.54061
2024-11-08 02:57:00,0.0,12.54201
2024-11-08 02:58:00,0.0,12.54225
2024-11-08 02:59:00,0.0,12.54217
2024-11-08 03:00:00,0.0,12.5421
2024-11-08 03:01:00,0.0,12.54234
2024-11-08 03:02:00,0.0,12.54228
2024-11-08 03:03:00,0.0,12.54255
2024-11-08 03:04:00,0.0,12.52675
2024-11-08 03:05:00,0.0,12.54198
2024-11-08 03:06:00,0.0,12.54238
2024-11-08 03:07:00,0.0,12.54252
2024-11-08 03:08:00,0.0,12.54245
2024-11-08 03:09:00,0.0,12.54239
2024-11-08 03:10:00,0.0,12.54244
2024-11-08 03:11:00,0.0,12.54219
2024-11-08 03:12:00,0.0,12.54189
2024-11-08 03:13:00,0.0,12.5421
2024-11-08 03:14:00,0.0,12.52689
2024-11-08 03:15:00,0.0,12.54233
2024-11-08 03:16:00,0.0,12.52667
2024-11-08 03:17:00,0.0,12.54222
2024-11-08 03:18:00,0.0,12.54217
2024-11-08 03:19:00,0.0,12.54213
2024-11-08 03:20:00,0.0,12.54219
2024-11-08 03:21:00,0.0,12.5423
2024-11-08 03:22:00,0.0,12.54025
2024-11-08 03:23:00,0.0,12.54246
2024-11-08 03:24:00,0.0,12.54179
2024-11-08 03:25:00,0.0,12.54202
2024-11-08 03:26:00,0.0,12.54203
2024-11-08 03:27:00,0.0,12.54195
2024-11-08 03:28:00,0.0,12.54208
2024-11-08 03:29:00,0.0,12.52691
2024-11-08 03:30:00,0.0,12.54183
2024-11-08 03:31:00,0.0,12.5422
2024-11-08 03:32:00,0.0,12.5423
2024-11-08 03:33:00,0.0,12.54236
2024-11-08 03:34:00,0.0,12.53937
2024-11-08 03:35:00,0.0,12.54258
2024-11-08 03:36:00,0.0,12.54212
2024-11-08 03:37:00,0.0,12.54213
2024-11-08 03:38:00,0.0,12.54223
2024-11-08 03:39:00,0.0,12.54248
2024-11-08 03:40:00,0.0,12.54241
2024-11-08 03:41:00,0.0,12.54262
2024-11-08 03:42:00,0.0,12.54211
2024-11-08 03:43:00,0.0,12.54221
2024-11-08 03:44:00,0.0,12.52668
2024-11-08 03:45:00,0.0,12.54271
2024-11-08 03:46:00,0.0,12.54231
2024-11-08 03:47:00,0.0,12.54255
2024-11-08 03:48:00,0.0,12.54196
2024-11-08 03:49:00,0.0,12.54199
2024-11-08 03:50:00,0.0,12.54218
2024-11-08 03:51:00,0.0,12.5426
2024-11-08 03:52:00,0.0,12.5426
2024-11-08 03:53:00,0.0,12.54231
2024-11-08 03:54:00,0.0,12.52603
2024-11-08 03:55:00,0.0,12.54209
2024-11-08 03:56:00,0.0,12.54164
2024-11-08 03:57:00,0.0,12.54178
2024-11-08 03:58:00,0.0,12.54171
2024-11-08 03:59:00,0.0,12.54197
2024-11-08 04:00:00,0.0,12.54192
2024-11-08 04:01:00,0.0,12.54174
2024-11-08 04:02:00,0.0,12.54172
2024-11-08 04:03:00,0.0,12.54177
2024-11-08 04:04:00,0.0,12.54185
2024-11-08 04:05:00,0.0,12.52671
2024-11-08 04:06:00,0.0,12.54187
2024-11-08 04:07:00,0.0,12.54145
2024-11-08 04:08:00,0.0,12.52598
2024-11-08 04:09:00,0.0,12.54186
2024-11-08 04:10:00,0.0,12.54185
2024-11-08 04:11:00,0.0,12.54206
2024-11-08 04:12:00,0.0,12.54198
2024-11-08 04:13:00,0.0,12.54159
2024-11-08 04:14:00,0.0,12.52611
2024-11-08 04:15:00,0.0,12.54211
2024-11-08 04:16:00,0.0,12.54192
2024-11-08 04:17:00,0.0,12.54235
2024-11-08 04:18:00,0.0,12.54236
2024-11-08 04:19:00,0.0,12.5252
2024-11-08 04:20:00,0.0,12.54212
2024-11-08 04:21:00,0.0,12.54219
2024-11-08 04:22:00,0.0,12.54011
2024-11-08 04:23:00,0.0,12.54242
2024-11-08 04:24:00,0.0,12.54167
2024-11-08 04:25:00,0.0,12.52611
2024-11-08 04:26:00,0.0,12.54186
2024-11-08 04:27:00,0.0,12.52639
2024-11-08 04:28:00,0.0,12.54165
2024-11-08 04:29:00,0.0,12.54193
2024-11-08 04:30:00,0.0,12.5421
2024-11-08 04:31:00,0.0,12.54151
2024-11-08 04:32:00,0.0,12.54236
2024-11-08 04:33:00,0.0,12.54208
2024-11-08 04:34:00,0.0,12.54218
2024-11-08 04:35:00,0.0,12.54208
2024-11-08 04:36:00,0.0,12.52639
2024-11-08 04:37:00,0.0,12.52509
2024-11-08 04:38:00,0.0,12.54189
2024-11-08 04:39:00,0.0,12.54195
2024-11-08 04:40:00,0.0,12.54212
2024-11-08 04:41:00,0.0,12.54207
2024-11-08 04:42:00,0.0,12.54214
2024-11-08 04:43:00,0.0,12.54247
2024-11-08 04:44:00,0.0,12.54202
2024-11-08 04:45:00,0.0,12.5399
2024-11-08 04:46:00,0.0,12.5426
2024-11-08 04:47:00,0.0,12.52636
2024-11-08 04:48:00,0.0,12.54237
2024-11-08 04:49:00,0.0,12.54196
2024-11-08 04:50:00,0.0,12.54163
2024-11-08 04:51:00,0.0,12.54197
2024-11-08 04:52:00,0.0,12.54192
2024-11-08 04:53:00,0.0,12.54016
2024-11-08 04:54:00,0.0,12.54236
2024-11-08 04:55:00,0.0,12.54208
2024-11-08 04:56:00,0.0,12.54188
2024-11-08 04:57:00,0.0,12.54159
2024-11-08 04:58:00,0.0,12.54218
2024-11-08 04:59:00,0.0,12.54205
2024-11-08 05:00:00,0.0,12.5421
2024-11-08 05:01:00,0.0,12.54204
2024-11-08 05:02:00,0.0,12.54157
2024-11-08 05:03:00,0.0,12.54216
2024-11-08 05:04:00,0.0,12.54243
2024-11-08 05:05:00,0.0,12.5422
2024-11-08 05:06:00,0.0,12.54115
2024-11-08 05:07:00,0.0,12.52565
2024-11-08 05:08:00,0.0,12.54176
2024-11-08 05:09:00,0.0,12.54102
2024-11-08 05:10:00,0.0,12.54226
2024-11-08 05:11:00,0.0,12.54218
2024-11-08 05:12:00,0.0,12.5268
2024-11-08 05:13:00,0.0,12.5425
2024-11-08 05:14:00,0.0,12.54198
2024-11-08 05:15:00,0.0,12.54221
2024-11-08 05:16:00,0.0,12.52671
2024-11-08 05:17:00,0.0,12.54238
2024-11-08 05:18:00,0.0,12.54204
2024-11-08 05:19:00,0.0,12.54212
2024-11-08 05:20:00,0.0,12.54164
2024-11-08 05:21:00,0.0,12.54218
2024-11-08 05:22:00,0.0,12.54212
2024-11-08 05:23:00,0.0,12.54282
2024-11-08 05:24:00,0.0,12.54275
2024-11-08 05:25:00,0.0,12.52678
2024-11-08 05:26:00,0.0,12.54277
2024-11-08 05:27:00,0.0,12.54011
2024-11-08 05:28:00,0.0,12.54294
2024-11-08 05:29:00,0.0,12.5266
2024-11-08 05:30:00,0.0,12.54259
2024-11-08 05:31:00,0.0,12.54253
2024-11-08 05:32:00,0.0,12.54286
2024-11-08 05:33:00,0.0,12.54219
2024-11-08 05:34:00,0.0,12.52654
2024-11-08 05:35:00,0.0,12.54258
2024-11-08 05:36:00,0.0,12.54253
2024-11-08 05:37:00,0.0,12.54259
2024-11-08 05:38:00,0.0,12.54246
2024-11-08 05:39:00,0.0,12.54211
2024-11-08 05:40:00,0.0,12.52663
2024-11-08 05:41:00,0.0,12.54255
2024-11-08 05:42:00,0.0,12.54251
2024-11-08 05:43:00,0.0,12.54152
2024-11-08 05:44:00,0.0,12.54234
2024-11-08 05:45:00,0.0,12.54193
2024-11-08 05:46:00,0.0,12.54244
2024-11-08 05:47:00,0.0,12.54259
2024-11-08 05:48:00,0.0,12.52742
2024-11-08 05:49:00,0.0,12.54276
2024-11-08 05:50:00,0.0,12.54255
2024-11-08 05:51:00,0.0,12.54217
2024-11-08 05:52:00,0.0,12.54247
2024-11-08 05:53:00,0.0,12.54215
2024-11-08 05:54:00,0.0,12.54183
2024-11-08 05:55:00,0.0,12.54098
2024-11-08 05:56:00,0.0,12.54206
2024-11-08 05:57:00,0.0,12.52566
2024-11-08 05:58:00,0.0,12.54188
2024-11-08 05:59:00,0.0,12.54223
2024-11-08 06:00:00,0.0,12.5428
2024-11-08 06:01:00,0.0,12.5424
2024-11-08 06:02:00,0.0,12.54228
2024-11-08 06:03:00,0.0,12.54171
2024-11-08 06:04:00,0.0,12.52615
2024-11-08 06:05:00,0.0,12.54241
2024-11-08 06:06:00,0.0,12.54235
2024-11-08 06:07:00,0.0,12.54235
2024-11-08 06:08:00,0.0,12.54222
2024-11-08 06:09:00,0.0,12.52486
2024-11-08 06:10:00,0.0,12.542
2024-11-08 06:11:00,0.0,12.542
2024-11-08 06:12:00,0.0,12.54283
2024-11-08 06:13:00,0.0,12.54214
2024-11-08 06:14:00,0.0,12.54245
2024-11-08 06:15:00,0.0,12.54234
2024-11-08 06:16:00,0.0,12.54194
2024-11-08 06:17:00,0.0,12.54252
2024-11-08 06:18:00,0.0,12.54004
2024-11-08 06:19:00,0.0,12.54125
2024-11-08 06:20:00,0.0,12.52538
2024-11-08 06:21:00,0.0,12.54242
2024-11-08 06:22:00,0.0,12.54207
2024-11-08 06:23:00,0.0,12.54214
2024-11-08 06:24:00,0.0,12.5424
2024-11-08 06:25:00,0.0,12.54216
2024-11-08 06:26:00,0.0,12.5422
2024-11-08 06:27:00,0.0,12.52662
2024-11-08 06:28:00,0.0,12.54175
2024-11-08 06:29:00,0.0,12.54198
2024-11-08 06:30:00,0.0,12.54198
2024-11-08 06:31:00,0.0,12.54199
2024-11-08 06:32:00,0.0,12.54237
2024-11-08 06:33:00,0.0,12.54226
2024-11-08 06:34:00,0.0,12.52531
2024-11-08 06:35:00,0.0,12.52603
2024-11-08 06:36:00,0.0,12.54183
2024-11-08 06:37:00,0.0,12.54205
2024-11-08 06:38:00,0.0,12.54229
2024-11-08 06:39:00,0.0,12.5419
2024-11-08 06:40:00,0.0,12.5418
2024-11-08 06:41:00,0.0,12.54172
2024-11-08 06:42:00,0.0,12.5421
2024-11-08 06:43:00,0.0,12.52632
2024-11-08 06:44:00,0.0,12.54194
2024-11-08 06:45:00,0.0,12.54207
2024-11-08 06:46:00,0.0,12.54147
2024-11-08 06:47:00,0.0,12.52591
2024-11-08 06:48:00,0.0,12.54207
2024-11-08 06:49:00,0.0,12.54181
2024-11-08 06:50:00,0.0,12.54204
2024-11-08 06:51:00,0.0,12.54203
2024-11-08 06:52:00,0.0,12.54099
2024-11-08 06:53:00,0.0,12.5259
2024-11-08 06:54:00,0.0,12.54197
2024-11-08 06:55:00,0.0,12.54163
2024-11-08 06:56:00,0.0,12.54225
2024-11-08 06:57:00,0.0,12.54216
2024-11-08 06:58:00,0.0,12.5418
2024-11-08 06:59:00,0.0,12.54164
2024-11-08 07:00:00,0.0,12.53977
2024-11-08 07:01:00,0.0,12.54225
2024-11-08 07:02:00,0.0,12.52662
2024-11-08 07:03:00,0.0,12.54238
2024-11-08 07:04:00,0.0,12.54188
2024-11-08 07:05:00,0.0,12.54172
2024-11-08 07:06:00,0.0,12.54209
2024-11-08 07:07:00,0.0,12.54236
2024-11-08 07:08:00,0.0,12.54224
2024-11-08 07:09:00,0.0,12.52672
2024-11-08 07:10:00,0.0,12.542
2024-11-08 07:11:00,0.0,12.54133
2024-11-08 07:12:00,0.0,12.54171
2024-11-08 07:13:00,0.0,12.53949
2024-11-08 07:14:00,0.0,12.54195
2024-11-08 07:15:00,0.0,12.52616
2024-11-08 07:16:00,0.0,12.54199
2024-11-08 07:17:00,0.0,12.54136
2024-11-08 07:18:00,0.0,12.54171
2024-11-08 07:19:00,0.0,12.54191
2024-11-08 07:20:00,0.0,12.52624
2024-11-08 07:21:00,0.0,12.54215
2024-11-08 07:22:00,0.0,12.54192
2024-11-08 07:23:00,0.0,12.54159
2024-11-08 07:24:00,0.0,12.54128
2024-11-08 07:25:00,0.0,12.54187
2024-11-08 07:26:00,0.0,12.52609
2024-11-08 07:27:00,0.0,12.54142
2024-11-08 07:28:00,0.0,12.54159
2024-11-08 07:29:00,0.0,12.54139
2024-11-08 07:30:00,0.0,12.54186
2024-11-08 07:31:00,0.0,12.54231
2024-11-08 07:32:00,0.0,12.54197
2024-11-08 07:33:00,0.0,12.52636
2024-11-08 07:34:00,0.0,12.54209
2024-11-08 07:35:00,0.0,12.54144
2024-11-08 07:36:00,0.0,12.54199
2024-11-08 07:37:00,0.0,12.54182
2024-11-08 07:38:00,0.0,12.54201
2024-11-08 07:39:00,0.0,12.54201
2024-11-08 07:40:00,0.0,12.54248
2024-11-08 07:41:00,0.0,12.54211
2024-11-08 07:42:00,0.0,12.54148
2024-11-08 07:43:00,0.0,12.54202
2024-11-08 07:44:00,0.0,12.542
2024-11-08 07:45:00,0.0,12.54199
2024-11-08 07:46:00,0.0,12.52663
2024-11-08 07:47:00,0.0,12.5423
2024-11-08 07:48:00,0.0,12.542
2024-11-08 07:49:00,0.0,12.53966
2024-11-08 07:50:00,0.0,12.54208
2024-11-08 07:51:00,0.0,12.52724
2024-11-08 07:52:00,0.0,12.54245
2024-11-08 07:53:00,0.0,12.54246
2024-11-08 07:54:00,0.0,12.52585
2024-11-08 07:55:00,0.0,12.54234
2024-11-08 07:56:00,0.0,12.54225
2024-11-08 07:57:00,0.0,12.54256
2024-11-08 07:58:00,0.0,12.54259
2024-11-08 07:59:00,0.0,12.54302
2024-11-08 08:00:00,0.0,12.54224
2024-11-08 08:01:00,0.0,12.54275
2024-11-08 08:02:00,0.0,12.54271
2024-11-08 08:03:00,0.0,12.54294
2024-11-08 08:04:00,0.0,12.5429
2024-11-08 08:05:00,0.0,12.54327
2024-11-08 08:06:00,0.0,12.52595
2024-11-08 08:07:00,0.0,12.52697
2024-11-08 08:08:00,0.0,12.54306
2024-11-08 08:09:00,0.0,12.54294
2024-11-08 08:10:00,0.0,12.54313
2024-11-08 08:11:00,0.0,12.54182
2024-11-08 08:12:00,0.0,12.5431
2024-11-08 08:13:00,0.0,12.54296
2024-11-08 08:14:00,0.0,12.54303
2024-11-08 08:15:00,0.0,12.54275
2024-11-08 08:16:00,0.0,12.52729
2024-11-08 08:17:00,0.0,12.54303
2024-11-08 08:18:00,0.0,12.54256
2024-11-08 08:19:00,0.0,12.54273
2024-11-08 08:20:00,0.0,12.54286
2024-11-08 08:21:00,0.0,12.54303
2024-11-08 08:22:00,0.0,12.54319
2024-11-08 08:23:00,0.0,12.52765
2024-11-08 08:24:00,0.0,12.54194
2024-11-08 08:25:00,0.0,12.54296
2024-11-08 08:26:00,0.0,12.54309
2024-11-08 08:27:00,0.0,12.54317
2024-11-08 08:28:00,0.0,12.54312
2024-11-08 08:29:00,0.0,12.54335
2024-11-08 08:30:00,0.0,12.54333
2024-11-08 08:31:00,0.0,12.54295
2024-11-08 08:32:00,0.0,12.5433
2024-11-08 08:33:00,0.0,12.54309
2024-11-08 08:34:00,0.0,12.54346
2024-11-08 08:35:00,0.0,12.54331
2024-11-08 08:36:00,0.0,12.5434
2024-11-08 08:37:00,0.0,12.54315
2024-11-08 08:38:00,0.0,12.54295
2024-11-08 08:39:00,0.0,12.54346
2024-11-08 08:40:00,0.0,12.54333
2024-11-08 08:41:00,0.0,12.54334
2024-11-08 08:42:00,0.0,12.54328
2024-11-08 08:43:00,0.0,12.5423
2024-11-08 08:44:00,0.0,12.52718
2024-11-08 08:45:00,0.0,12.54367
2024-11-08 08:46:00,0.0,12.54338
2024-11-08 08:47:00,0.0,12.54311
2024-11-08 08:48:00,0.0,12.54316
2024-11-08 08:49:00,0.0,12.5268
2024-11-08 08:50:00,0.0,12.54341
2024-11-08 08:51:00,0.0,12.54337
2024-11-08 08:52:00,0.0,12.54345
2024-11-08 08:53:00,0.0,12.54364
2024-11-08 08:54:00,0.0,12.54245
2024-11-08 08:55:00,0.0,12.54209
2024-11-08 08:56:00,0.0,12.5427
2024-11-08 08:57:00,0.0,12.54298
2024-11-08 08:58:00,0.0,12.54339
2024-11-08 08:59:00,0.0,12.5431
2024-11-08 09:00:00,0.0,12.5437
2024-11-08 09:01:00,0.0,12.54275
2024-11-08 09:02:00,0.0,12.54335
2024-11-08 09:03:00,0.0,12.5437
2024-11-08 09:04:00,0.0,12.54368
2024-11-08 09:05:00,0.0,12.54367
2024-11-08 09:06:00,0.0,12.54375
2024-11-08 09:07:00,0.0,12.54286
2024-11-08 09:08:00,0.0,12.54346
2024-11-08 09:09:00,0.0,12.54395
2024-11-08 09:10:00,0.0,12.54385
2024-11-08 09:11:00,0.0,12.54398
2024-11-08 09:12:00,0.0,12.54402
2024-11-08 09:13:00,0.0,12.54392
2024-11-08 09:14:00,0.0,12.54343
2024-11-08 09:15:00,0.0,12.54394
2024-11-08 09:16:00,0.0,12.54392
2024-11-08 09:17:00,0.0,12.54397
2024-11-08 09:18:00,0.0,12.54407
2024-11-08 09:19:00,0.0,12.54383
2024-11-08 09:20:00,0.0,12.54383
2024-11-08 09:21:00,0.0,12.54374
2024-11-08 09:22:00,0.0,12.52785
2024-11-08 09:23:00,0.0,12.54365
2024-11-08 09:24:00,0.0,12.54368
2024-11-08 09:25:00,0.0,12.54399
2024-11-08 09:26:00,0.0,12.54335
2024-11-08 09:27:00,0.0,12.54383
2024-11-08 09:28:00,0.0,12.52841
2024-11-08 09:29:00,0.0,12.54375
2024-11-08 09:30:00,0.0,12.5435
2024-11-08 09:31:00,0.0,12.54414
2024-11-08 09:32:00,0.0,12.54303
2024-11-08 09:33:00,0.0,12.54314
2024-11-08 09:34:00,0.0,12.54138
2024-11-08 09:35:00,0.0,12.54398
2024-11-08 09:36:00,0.0,12.52816
2024-11-08 09:37:00,0.0,12.54418
2024-11-08 09:38:00,0.0,12.54361
2024-11-08 09:39:00,0.0,12.54383
2024-11-08 09:40:00,0.0,12.54416
2024-11-08 09:41:00,0.0,12.5445
2024-11-08 09:42:00,0.0,12.54409
2024-11-08 09:43:00,0.0,12.54445
2024-11-08 09:44:00,0.0,12.54376
2024-11-08 09:45:00,0.0,12.54416
2024-11-08 09:46:00,0.0,12.54417
2024-11-08 09:47:00,0.0,12.52859
2024-11-08 09:48:00,0.0,12.54416
2024-11-08 09:49:00,0.0,12.5442
2024-11-08 09:50:00,0.0,12.5439
2024-11-08 09:51:00,0.0,12.54427
2024-11-08 09:52:00,0.0,12.5442
2024-11-08 09:53:00,0.0,12.54415
2024-11-08 09:54:00,0.0,12.54438
2024-11-08 09:55:00,0.0,12.5445
2024-11-08 09:56:00,0.0,12.52726
2024-11-08 09:57:00,0.0,12.54408
2024-11-08 09:58:00,0.0,12.54453
2024-11-08 09:59:00,0.0,12.54446
2024-11-08 10:00:00,0.0,12.54449
2024-11-08 10:01:00,0.0,12.54469
2024-11-08 10:02:00,0.0,12.54495
2024-11-08 10:03:00,0.0,12.54432
2024-11-08 10:04:00,0.0,12.54431
2024-11-08 10:05:00,0.0,12.54478
2024-11-08 10:06:00,0.0,12.54443
2024-11-08 10:07:00,0.0,12.54456
2024-11-08 10:08:00,0.0,12.54477
2024-11-08 10:09:00,0.0,12.54406
2024-11-08 10:10:00,0.0,12.54435
2024-11-08 10:11:00,0.0,12.54439
2024-11-08 10:12:00,0.0,12.54489
2024-11-08 10:13:00,0.0,12.54461
2024-11-08 10:14:00,0.0,12.5288
2024-11-08 10:15:00,0.0,12.54392
2024-11-08 10:16:00,0.0,12.54467
2024-11-08 10:17:00,0.0,12.54443
2024-11-08 10:18:00,0.0,12.54467
2024-11-08 10:19:00,0.0,12.5445
2024-11-08 10:20:00,0.0,12.54438
2024-11-08 10:21:00,0.0,12.54357
2024-11-08 10:22:00,0.0,12.54441
2024-11-08 10:23:00,0.0,12.5445
2024-11-08 10:24:00,0.0,12.52877
2024-11-08 10:25:00,0.0,12.54451
2024-11-08 10:26:00,0.0,12.54447
2024-11-08 10:27:00,0.0,12.54413
2024-11-08 10:28:00,0.0,12.54442
2024-11-08 10:29:00,0.0,12.54428
2024-11-08 10:30:00,0.0,12.5445
2024-11-08 10:31:00,0.0,12.54481
2024-11-08 10:32:00,0.0,12.54465
2024-11-08 10:33:00,0.0,12.54419
2024-11-08 10:34:00,0.0,12.54439
2024-11-08 10:35:00,0.0,12.54453
2024-11-08 10:36:00,0.0,12.54452
2024-11-08 10:37:00,0.0,12.54433
2024-11-08 10:38:00,0.0,12.54452
2024-11-08 10:39:00,0.0,12.54211
2024-11-08 10:40:00,0.0,12.54437
2024-11-08 10:41:00,0.0,12.54434
2024-11-08 10:42:00,0.0,12.54471
2024-11-08 10:43:00,0.05000305,12.5445
2024-11-08 10:44:00,0.0,12.5447
2024-11-08 10:45:00,0.0,12.54497
2024-11-08 10:46:00,0.0,12.54424
2024-11-08 10:47:00,0.0,12.54446
2024-11-08 10:48:00,0.0,12.54467
2024-11-08 10:49:00,0.0,12.54446
2024-11-08 10:50:00,0.0,12.54451
2024-11-08 10:51:00,0.0,12.54457
2024-11-08 10:52:00,0.0,12.52853
2024-11-08 10:53:00,0.0,12.54413
2024-11-08 10:54:00,0.0,12.54447
2024-11-08 10:55:00,0.0,12.54452
2024-11-08 10:56:00,0.0,12.54453
2024-11-08 10:57:00,0.0,12.54475
2024-11-08 10:58:00,0.0,12.54435
2024-11-08 10:59:00,0.0,12.52867
2024-11-08 11:00:00,0.0,12.54474
2024-11-08 11:01:00,0.0,12.54485
2024-11-08 11:02:00,0.0,12.54519
2024-11-08 11:03:00,0.0,12.54503
2024-11-08 11:04:00,0.0,12.54409
2024-11-08 11:05:00,0.0,12.52898
2024-11-08 11:06:00,0.0,12.54506
2024-11-08 11:07:00,0.0,12.54441
2024-11-08 11:08:00,0.0,12.54494
2024-11-08 11:09:00,0.0,12.54495
2024-11-08 11:10:00,0.0,12.54449
2024-11-08 11:11:00,0.0,12.54483
2024-11-08 11:12:00,0.0,12.54495
2024-11-08 11:13:00,0.0,12.54508
2024-11-08 11:14:00,0.0,12.52935
2024-11-08 11:15:00,0.0,12.5452
2024-11-08 11:16:00,0.0,12.5444
2024-11-08 11:17:00,0.0,12.54484
2024-11-08 11:18:00,0.0,12.54495
2024-11-08 11:19:00,0.0,12.54495
2024-11-08 11:20:00,0.0,12.54557
2024-11-08 11:21:00,0.0,12.54542
2024-11-08 11:22:00,0.0,12.54479
2024-11-08 11:23:00,0.0,12.54556
2024-11-08 11:24:00,0.0,12.54559
2024-11-08 11:25:00,0.0,12.54623
2024-11-08 11:26:00,0.0,12.54596
2024-11-08 11:27:00,0.0,12.54629
2024-11-08 11:28:00,0.0,12.5292
2024-11-08 11:29:00,0.0,12.54594
2024-11-08 11:30:00,0.0,12.54563
2024-11-08 11:31:00,0.0,12.52996
2024-11-08 11:32:00,0.0,12.54577
2024-11-08 11:33:00,0.0,12.5457
2024-11-08 11:34:00,0.0,12.54624
2024-11-08 11:35:00,0.0,12.54484
2024-11-08 11:36:00,0.0,12.54603
2024-11-08 11:37:00,0.0,12.54618
2024-11-08 11:38:00,0.0,12.54651
2024-11-08 11:39:00,0.0,12.54635
2024-11-08 11:40:00,0.0,12.54667
2024-11-08 11:41:00,0.0,12.54543
2024-11-08 11:42:00,0.0,12.54618
2024-11-08 11:43:00,0.0,12.54676
2024-11-08 11:44:00,0.0,12.54714
2024-11-08 11:45:00,0.0,12.5319
2024-11-08 11:46:00,0.0,12.54811
2024-11-08 11:47:00,0.0,12.5473
2024-11-08 11:48:00,0.0,12.53261
2024-11-08 11:49:00,0.0,12.54819
2024-11-08 11:50:00,0.0,12.54826
2024-11-08 11:51:00,0.0,12.54859
2024-11-08 11:52:00,0.0,12.54878
2024-11-08 11:53:00,0.0,12.53262
2024-11-08 11:54:00,0.0,12.54829
2024-11-08 11:55:00,0.0,12.54746
2024-11-08 11:56:00,0.0,12.54892
2024-11-08 11:57:00,0.0,12.54931
2024-11-08 11:58:00,0.0,12.53218
2024-11-08 11:59:00,0.0,12.54642
2024-11-08 12:00:00,0.0,12.51505
2024-11-08 12:01:00,0.0,12.52973
2024-11-08 12:02:00,0.0,12.54754
2024-11-08 12:03:00,0.0,12.54867
2024-11-08 12:04:00,0.0,12.54927
2024-11-08 12:05:00,0.0,12.53405
2024-11-08 12:06:00,0.0,12.53155
2024-11-08 12:07:00,0.0,12.53097
2024-11-08 12:08:00,0.0,12.54708
2024-11-08 12:09:00,0.0,12.54726
2024-11-08 12:10:00,0.0,12.54804
2024-11-08 12:11:00,0.0,12.54733
2024-11-08 12:12:00,0.0,12.54786
2024-11-08 12:13:00,0.0,12.54766
2024-11-08 12:14:00,0.0,12.54712
2024-11-08 12:15:00,0.0,12.54876
2024-11-08 12:16:00,0.0,12.54956
2024-11-08 12:17:00,0.0,12.55021
2024-11-08 12:18:00,0.0,12.55084
2024-11-08 12:19:00,0.0,12.55106
2024-11-08 12:20:00,0.0,12.55104
2024-11-08 12:21:00,0.0,12.55142
2024-11-08 12:22:00,0.0,12.55165
2024-11-08 12:23:00,0.0,12.55201
2024-11-08 12:24:00,0.0,12.55231
2024-11-08 12:25:00,0.0,12.55271
2024-11-08 12:26:00,0.0,12.53604
2024-11-08 12:27:00,0.0,12.5522
2024-11-08 12:28:00,0.0,12.55231
2024-11-08 12:29:00,0.0,12.5527
2024-11-08 12:30:00,0.0,12.55278
2024-11-08 12:31:00,0.0,12.55302
2024-11-08 12:32:00,0.0,12.55228
2024-11-08 12:33:00,0.0,12.5531
2024-11-08 12:34:00,0.0,12.55306
2024-11-08 12:35:00,0.0,12.55355
2024-11-08 12:36:00,0.0,12.55383
2024-11-08 12:37:00,0.0,12.55361
2024-11-08 12:38:00,0.0,12.53709
2024-11-08 12:39:00,0.0,12.5532
2024-11-08 12:40:00,0.0,12.553
2024-11-08 12:41:00,0.0,12.55392
2024-11-08 12:42:00,0.0,12.55386
2024-11-08 12:43:00,0.0,12.55402
2024-11-08 12:44:00,0.0,12.55423
2024-11-08 12:45:00,0.0,12.55412
2024-11-08 12:46:00,0.0,12.53821
2024-11-08 12:47:00,0.0,12.55427
2024-11-08 12:48:00,0.0,12.55435
2024-11-08 12:49:00,0.0,12.55499
2024-11-08 12:50:00,0.0,12.5543
2024-11-08 12:51:00,0.0,12.55412
2024-11-08 12:52:00,0.0,12.55448
2024-11-08 12:53:00,0.0,12.55468
2024-11-08 12:54:00,0.0,12.5549
2024-11-08 12:55:00,0.0,12.55489
2024-11-08 12:56:00,0.0,12.55475
2024-11-08 12:57:00,0.0,12.55444
2024-11-08 12:58:00,0.0,12.55493
2024-11-08 12:59:00,0.0,12.53981
2024-11-08 13:00:00,0.0,12.55514
2024-11-08 13:01:00,0.0,12.54409
2024-11-08 13:02:00,0.0,12.55545
2024-11-08 13:03:00,0.0,12.53874
2024-11-08 13:04:00,0.0,12.55494
2024-11-08 13:05:00,0.0,12.55529
2024-11-08 13:06:00,0.0,12.55549
2024-11-08 13:07:00,0.0,12.55547
2024-11-08 13:08:00,0.0,12.55596
2024-11-08 13:09:00,0.0,12.55544
2024-11-08 13:10:00,0.0,12.55553
2024-11-08 13:11:00,0.0,12.55574
2024-11-08 13:12:00,0.0,12.55598
2024-11-08 13:13:00,0.0,12.55617
2024-11-08 13:14:00,0.0,12.5561
2024-11-08 13:15:00,0.0,12.55521
2024-11-08 13:16:00,0.0,12.55598
2024-11-08 13:17:00,0.0,12.54027
2024-11-08 13:18:00,0.0,12.55598
2024-11-08 13:19:00,0.0,12.55532
2024-11-08 13:20:00,0.0,12.55616
2024-11-08 13:21:00,0.0,12.52555
2024-11-08 13:22:00,0.0,12.556
2024-11-08 13:23:00,0.0,12.55601
2024-11-08 13:24:00,0.0,12.55624
2024-11-08 13:25:00,0.0,12.55639
2024-11-08 13:26:00,0.0,12.55655
2024-11-08 13:27:00,0.0,12.55658
2024-11-08 13:28:00,0.0,12.54047
2024-11-08 13:29:00,0.0,12.55632
2024-11-08 13:30:00,0.0,12.5565
2024-11-08 13:31:00,0.0,12.5566
2024-11-08 13:32:00,0.0,12.55665
2024-11-08 13:33:00,0.0,12.55689
2024-11-08 13:34:00,0.0,12.55624
2024-11-08 13:35:00,0.0,12.55684
2024-11-08 13:36:00,0.0,12.55676
2024-11-08 13:37:00,0.0,12.55656
2024-11-08 13:38:00,0.0,12.54042
2024-11-08 13:39:00,0.0,12.55671
2024-11-08 13:40:00,0.0,12.54069
2024-11-08 13:41:00,0.0,12.55686
2024-11-08 13:42:00,0.0,12.55693
2024-11-08 13:43:00,0.0,12.55693
2024-11-08 13:44:00,0.0,12.55664
2024-11-08 13:45:00,0.0,12.55678
2024-11-08 13:46:00,0.0,12.54061
2024-11-08 13:47:00,0.0,12.55659
2024-11-08 13:48:00,0.0,12.55558
2024-11-08 13:49:00,0.0,12.55572
2024-11-08 13:50:00,0.0,12.55609
2024-11-08 13:51:00,0.0,12.55642
2024-11-08 13:52:00,0.0,12.55618
2024-11-08 13:53:00,0.0,12.55599
2024-11-08 13:54:00,0.0,12.55595
2024-11-08 13:55:00,0.0,12.55606
2024-11-08 13:56:00,0.0,12.55608
2024-11-08 13:57:00,0.0,12.55593
2024-11-08 13:58:00,0.0,12.55532
2024-11-08 13:59:00,0.0,12.55559
2024-11-08 14:00:00,0.0,12.55562
2024-11-08 14:01:00,0.0,12.54028
2024-11-08 14:02:00,0.0,12.55574
2024-11-08 14:03:00,0.0,12.55559
2024-11-08 14:04:00,0.0,12.55478
2024-11-08 14:05:00,0.0,12.55522
2024-11-08 14:06:00,0.0,12.55489
2024-11-08 14:07:00,0.0,12.555
2024-11-08 14:08:00,0.0,12.53935
2024-11-08 14:09:00,0.0,12.55496
2024-11-08 14:10:00,0.0,12.55477
2024-11-08 14:11:00,0.0,12.55429
2024-11-08 14:12:00,0.0,12.55407
2024-11-08 14:13:00,0.0,12.55396
2024-11-08 14:14:00,0.0,12.55393
2024-11-08 14:15:00,0.0,12.55376
2024-11-08 14:16:00,0.0,12.55232
2024-11-08 14:17:00,0.0,12.55182
2024-11-08 14:18:00,0.0,12.55281
2024-11-08 14:19:00,0.0,12.5525
2024-11-08 14:20:00,0.0,12.53662
2024-11-08 14:21:00,0.0,12.55236
2024-11-08 14:22:00,0.0,12.55215
2024-11-08 14:23:00,0.0,12.55145
2024-11-08 14:24:00,0.0,12.55136
2024-11-08 14:25:00,0.0,12.53592
2024-11-08 14:26:00,0.0,12.55134
2024-11-08 14:27:00,0.0,12.55113
2024-11-08 14:28:00,0.0,12.55103
2024-11-08 14:29:00,0.0,12.54944
2024-11-08 14:30:00,0.0,12.55021
2024-11-08 14:31:00,0.0,12.55013
2024-11-08 14:32:00,0.07000733,12.54997
2024-11-08 14:33:00,0.0,12.54968
2024-11-08 14:34:00,0.0,12.5497
2024-11-08 14:35:00,0.0,12.54883
2024-11-08 14:36:00,0.0,12.54889
2024-11-08 14:37:00,0.0,12.54896
2024-11-08 14:38:00,0.0,12.54858
2024-11-08 14:39:00,0.0,12.54862
2024-11-08 14:40:00,0.0,12.54835
2024-11-08 14:41:00,0.0,12.53222
2024-11-08 14:42:00,0.0,12.54572
2024-11-08 14:43:00,0.0,12.54799
2024-11-08 14:44:00,0.0,12.5477
2024-11-08 14:45:00,0.0,12.54795
2024-11-08 14:46:00,0.0,12.54773
2024-11-08 14:47:00,0.0,12.54714
2024-11-08 14:48:00,0.0,12.54733
2024-11-08 14:49:00,0.0,12.54805
2024-11-08 14:50:00,0.0,12.54837
2024-11-08 14:51:00,0.0,12.54837
2024-11-08 14:52:00,0.0,12.54844
2024-11-08 14:53:00,0.0,12.53272
2024-11-08 14:54:00,0.0,12.54731
2024-11-08 14:55:00,0.0,12.54715
2024-11-08 14:56:00,0.0,12.54778
2024-11-08 14:57:00,0.0,12.54778
2024-11-08 14:58:00,0.0,12.54623
2024-11-08 14:59:00,0.0,12.54823
2024-11-08 15:00:00,0.0,12.54546
2024-11-08 15:01:00,0.0,12.54778
2024-11-08 15:02:00,0.0,12.532
2024-11-08 15:03:00,0.0,12.54769
2024-11-08 15:04:00,0.0,12.54788
2024-11-08 15:05:00,0.0,12.54781
2024-11-08 15:06:00,0.0,12.54764
2024-11-08 15:07:00,0.0,12.54774
2024-11-08 15:08:00,0.0,12.53189
2024-11-08 15:09:00,0.0,12.54805
2024-11-08 15:10:00,0.0,12.5475
2024-11-08 15:11:00,0.0,12.54672
2024-11-08 15:12:00,0.0,12.54688
2024-11-08 15:13:00,0.0,12.5473
2024-11-08 15:14:00,0.0,12.53166
2024-11-08 15:15:00,0.0,12.54736
2024-11-08 15:16:00,0.0,12.54758
2024-11-08 15:17:00,0.0,12.54766
2024-11-08 15:18:00,0.0,12.53164
2024-11-08 15:19:00,0.0,12.54499
2024-11-08 15:20:00,0.0,12.54701
2024-11-08 15:21:00,0.0,12.53141
2024-11-08 15:22:00,0.0,12.5473
2024-11-08 15:23:00,0.0,12.54727
2024-11-08 15:24:00,0.0,12.53122
2024-11-08 15:25:00,0.0,12.54679
2024-11-08 15:26:00,0.0,12.54689
2024-11-08 15:27:00,0.0,12.54694
2024-11-08 15:28:00,0.0,12.53123
2024-11-08 15:29:00,0.0,12.54705
2024-11-08 15:30:00,0.0,12.54643
2024-11-08 15:31:00,0.0,12.54646
2024-11-08 15:32:00,0.0,12.54674
2024-11-08 15:33:00,0.0,12.54686
2024-11-08 15:34:00,0.0,12.5468
2024-11-08 15:35:00,0.0,12.53109
2024-11-08 15:36:00,0.0,12.52957
2024-11-08 15:37:00,0.0,12.54636
2024-11-08 15:38:00,0.0,12.54665
2024-11-08 15:39:00,0.0,12.54645
2024-11-08 15:40:00,0.05000305,12.54693
2024-11-08 15:41:00,0.0,12.54681
2024-11-08 15:42:00,0.0,12.54691
2024-11-08 15:43:00,0.0,12.54647
2024-11-08 15:44:00,0.0,12.54666
2024-11-08 15:45:00,0.0,12.54656
2024-11-08 15:46:00,0.0,12.5468
2024-11-08 15:47:00,0.0,12.54676
2024-11-08 15:48:00,0.0,12.54701
2024-11-08 15:49:00,0.0,12.54631
2024-11-08 15:50:00,0.0,12.54621
2024-11-08 15:51:00,0.0,12.54652
2024-11-08 15:52:00,0.0,12.54635
2024-11-08 15:53:00,0.0,12.54661
2024-11-08 15:54:00,0.0,12.54683
2024-11-08 15:55:00,0.0,12.54619
2024-11-08 15:56:00,0.0,12.54573
2024-11-08 15:57:00,0.0,12.53045
2024-11-08 15:58:00,0.0,12.54633
2024-11-08 15:59:00,0.0,12.53057
2024-11-08 16:00:00,0.0,12.5466
2024-11-08 16:01:00,0.0,12.54554
2024-11-08 16:02:00,0.0,12.54648
2024-11-08 16:03:00,0.0,12.54641
2024-11-08 16:04:00,0.0,12.54564
2024-11-08 16:05:00,0.0,12.54651
2024-11-08 16:06:00,0.0,12.53037
2024-11-08 16:07:00,0.0,12.5461
2024-11-08 16:08:00,0.0,12.54644
2024-11-08 16:09:00,0.0,12.53048
2024-11-08 16:10:00,0.0,12.5464
2024-11-08 16:11:00,0.0,12.54619
2024-11-08 16:12:00,0.0,12.54656
2024-11-08 16:13:00,0.0,12.54572
2024-11-08 16:14:00,0.0,12.54597
2024-11-08 16:15:00,0.0,12.54641
2024-11-08 16:16:00,0.0,12.54626
2024-11-08 16:17:00,0.0,12.54658
2024-11-08 16:18:00,0.0,12.54657
2024-11-08 16:19:00,0.0,12.54574
2024-11-08 16:20:00,0.0,12.54634
2024-11-08 16:21:00,0.0,12.54635
2024-11-08 16:22:00,0.0,12.54666
2024-11-08 16:23:00,0.0,12.53104
2024-11-08 16:24:00,0.0,12.54576
2024-11-08 16:25:00,0.0,12.53081
2024-11-08 16:26:00,0.0,12.54614
2024-11-08 16:27:00,0.0,12.54663
2024-11-08 16:28:00,0.0,12.54712
2024-11-08 16:29:00,0.0,12.53147
2024-11-08 16:30:00,0.0,12.54701
2024-11-08 16:31:00,0.0,12.54682
2024-11-08 16:32:00,0.0,12.54627
2024-11-08 16:33:00,0.0,12.54673
2024-11-08 16:34:00,0.0,12.5466
2024-11-08 16:35:00,0.0,12.54667
2024-11-08 16:36:00,0.0,12.54643
2024-11-08 16:37:00,0.0,12.54698
2024-11-08 16:38:00,0.0,12.54636
2024-11-08 16:39:00,0.0,12.54645
2024-11-08 16:40:00,0.0,12.54677
2024-11-08 16:41:00,0.0,12.5469
2024-11-08 16:42:00,0.0,12.54614
2024-11-08 16:43:00,0.0,12.53108
2024-11-08 16:44:00,0.0,12.54607
2024-11-08 16:45:00,0.0,12.54653
2024-11-08 16:46:00,0.0,12.54658
2024-11-08 16:47:00,0.0,12.54694
2024-11-08 16:48:00,0.0,12.54681
2024-11-08 16:49:00,0.0,12.54518
2024-11-08 16:50:00,0.0,12.54624
2024-11-08 16:51:00,0.0,12.54644
2024-11-08 16:52:00,0.0,12.54657
2024-11-08 16:53:00,0.0,12.54655
2024-11-08 16:54:00,0.0,12.53092
2024-11-08 16:55:00,0.0,12.54692
2024-11-08 16:56:00,0.0,12.54633
2024-11-08 16:57:00,0.0,12.54647
2024-11-08 16:58:00,0.0,12.54606
2024-11-08 16:59:00,0.0,12.54713
2024-11-08 17:00:00,0.0,12.54689
2024-11-08 17:01:00,0.0,12.54715
2024-11-08 17:02:00,0.0,12.54651
2024-11-08 17:03:00,0.0,12.53091
2024-11-08 17:04:00,0.08999634,12.54722
2024-11-08 17:05:00,0.0,12.5472
2024-11-08 17:06:00,0.0,12.54731
2024-11-08 17:07:00,0.0,12.54717
2024-11-08 17:08:00,0.0,12.52962
2024-11-08 17:09:00,0.0,12.54701
2024-11-08 17:10:00,0.0,12.54706
2024-11-08 17:11:00,0.0,12.5473
2024-11-08 17:12:00,0.0,12.54716
2024-11-08 17:13:00,0.0,12.54733
2024-11-08 17:14:00,0.0,12.54758
2024-11-08 17:15:00,0.0,12.54719
2024-11-08 17:16:00,0.0,12.54718
2024-11-08 17:17:00,0.0,12.54757
2024-11-08 17:18:00,0.0,12.54701
2024-11-08 17:19:00,0.0,12.54746
2024-11-08 17:20:00,0.0,12.54723
2024-11-08 17:21:00,0.0,12.54681
2024-11-08 17:22:00,0.0,12.5471
2024-11-08 17:23:00,0.0,12.53152
2024-11-08 17:24:00,0.0,12.54757
2024-11-08 17:25:00,0.0,12.54722
2024-11-08 17:26:00,0.0,12.54758
2024-11-08 17:27:00,0.0,12.54665
2024-11-08 17:28:00,0.0,12.54704
2024-11-08 17:29:00,0.0,12.54732
2024-11-08 17:30:00,0.0,12.54711
2024-11-08 17:31:00,0.0,12.5473
2024-11-08 17:32:00,0.0,12.54762
2024-11-08 17:33:00,0.0,12.54718
2024-11-08 17:34:00,0.0,12.54723
2024-11-08 17:35:00,0.0,12.5462
2024-11-08 17:36:00,0.0,12.54628
2024-11-08 17:37:00,0.0,12.54772
2024-11-08 17:38:00,0.0,12.54768
2024-11-08 17:39:00,0.0,12.54724
2024-11-08 17:40:00,0.0,12.54742
2024-11-08 17:41:00,0.0,12.54763
2024-11-08 17:42:00,0.0,12.54761
2024-11-08 17:43:00,0.0,12.54796
2024-11-08 17:44:00,0.0,12.54809
2024-11-08 17:45:00,0.0,12.54755
2024-11-08 17:46:00,0.0,12.54764
2024-11-08 17:47:00,0.0,12.54781
2024-11-08 17:48:00,0.0,12.54843
2024-11-08 17:49:00,0.0,12.54801
2024-11-08 17:50:00,0.0,12.53233
2024-11-08 17:51:00,0.0,12.53077
2024-11-08 17:52:00,0.0,12.54743
2024-11-08 17:53:00,0.0,12.53184
2024-11-08 17:54:00,0.0,12.54644
2024-11-08 17:55:00,0.0,12.53027
2024-11-08 17:56:00,0.0,12.5468
2024-11-08 17:57:00,0.0,12.54696
2024-11-08 17:58:00,0.0,12.54747
2024-11-08 17:59:00,0.0,12.54724
2024-11-08 18:00:00,0.0,12.5454
2024-11-08 18:01:00,0.0,12.54775
2024-11-08 18:02:00,0.0,12.53153
2024-11-08 18:03:00,0.0,12.54686
2024-11-08 18:04:00,0.0,12.53063
2024-11-08 18:05:00,0.0,12.54731
2024-11-08 18:06:00,0.05999756,12.54736
2024-11-08 18:07:00,0.0,12.54766
2024-11-08 18:08:00,0.0,12.54698
2024-11-08 18:09:00,0.0,12.54773
2024-11-08 18:10:00,0.0,12.54549
2024-11-08 18:11:00,0.0,12.54555
2024-11-08 18:12:00,0.0,12.54776
2024-11-08 18:13:00,0.0,12.53211
2024-11-08 18:14:00,0.0,12.54762
2024-11-08 18:15:00,0.0,12.54761
2024-11-08 18:16:00,0.0,12.54693
2024-11-08 18:17:00,0.0,12.54721
2024-11-08 18:18:00,0.0,12.54763
2024-11-08 18:19:00,0.0,12.54771
2024-11-08 18:20:00,0.0,12.54793
2024-11-08 18:21:00,0.0,12.54766
2024-11-08 18:22:00,0.0,12.54745
2024-11-08 18:23:00,0.0,12.54674
2024-11-08 18:24:00,0.0,12.53204
2024-11-08 18:25:00,0.0,12.54785
2024-11-08 18:26:00,0.0,12.53197
2024-11-08 18:27:00,0.0,12.54816
2024-11-08 18:28:00,0.0,12.54752
2024-11-08 18:29:00,0.0,12.54765
2024-11-08 18:30:00,0.0,12.53168
2024-11-08 18:31:00,0.0,12.54808
2024-11-08 18:32:00,0.0,12.53218
2024-11-08 18:33:00,0.0,12.54853
2024-11-08 18:34:00,0.0,12.54773
2024-11-08 18:35:00,0.0,12.54814
2024-11-08 18:36:00,0.0,12.54851
2024-11-08 18:37:00,0.0,12.54847
2024-11-08 18:38:00,0.0,12.5486
2024-11-08 18:39:00,0.0,12.54855
2024-11-08 18:40:00,0.0,12.51694
2024-11-08 18:41:00,0.0,12.54824
2024-11-08 18:42:00,0.0,12.54853
2024-11-08 18:43:00,0.0,12.5485
2024-11-08 18:44:00,0.0,12.54903
2024-11-08 18:45:00,0.0,12.54857
2024-11-08 18:46:00,0.0,12.54875
2024-11-08 18:47:00,0.0,12.5468
2024-11-08 18:48:00,0.0,12.54772
2024-11-08 18:49:00,0.0,12.53309
2024-11-08 18:50:00,0.0,12.54899
2024-11-08 18:51:00,0.0,12.549
2024-11-08 18:52:00,0.0,12.54899
2024-11-08 18:53:00,0.0,12.5489
2024-11-08 18:54:00,0.0,12.54931
2024-11-08 18:55:00,0.0,12.54926
2024-11-08 18:56:00,0.0,12.54913
2024-11-08 18:57:00,0.0,12.54939
2024-11-08 18:58:00,0.0,12.53232
2024-11-08 18:59:00,0.0,12.54884
2024-11-08 19:00:00,0.0,12.54935
2024-11-08 19:01:00,0.0,12.54758
2024-11-08 19:02:00,0.0,12.54943
2024-11-08 19:03:00,0.0,12.5334
2024-11-08 19:04:00,0.0,12.54976
2024-11-08 19:05:00,0.0,12.53338
2024-11-08 19:06:00,0.0,12.54916
2024-11-08 19:07:00,0.0,12.5494
2024-11-08 19:08:00,0.0,12.5495
2024-11-08 19:09:00,0.0,12.53372
2024-11-08 19:10:00,0.0,12.54965
2024-11-08 19:11:00,0.0,12.5332
2024-11-08 19:12:00,0.0,12.53353
2024-11-08 19:13:00,0.0,12.54935
2024-11-08 19:14:00,0.0,12.5338
2024-11-08 19:15:00,0.0,12.54984
2024-11-08 19:16:00,0.0,12.54963
2024-11-08 19:17:00,0.0,12.54882
2024-11-08 19:18:00,0.0,12.54938
2024-11-08 19:19:00,0.0,12.54967
2024-11-08 19:20:00,0.0,12.53388
2024-11-08 19:21:00,0.0,12.54993
2024-11-08 19:22:00,0.0,12.53392
2024-11-08 19:23:00,0.0,12.53266
2024-11-08 19:24:00,0.0,12.54985
2024-11-08 19:25:00,0.0,12.54978
2024-11-08 19:26:00,0.0,12.54989
2024-11-08 19:27:00,0.0,12.54991
2024-11-08 19:28:00,0.0,12.55022
2024-11-08 19:29:00,0.0,12.53476
2024-11-08 19:30:00,0.0,12.54996
2024-11-08 19:31:00,0.0,12.55017
2024-11-08 19:32:00,0.0,12.53444
2024-11-08 19:33:00,0.0,12.55037
2024-11-08 19:34:00,0.0,12.53443
2024-11-08 19:35:00,0.0,12.55062
2024-11-08 19:36:00,0.0,12.55005
2024-11-08 19:37:00,0.0,12.55036
2024-11-08 19:38:00,0.0,12.55042
2024-11-08 19:39:00,0.0,12.55059
2024-11-08 19:40:00,0.0,12.55042
2024-11-08 19:41:00,0.0,12.55031
2024-11-08 19:42:00,0.0,12.55035
2024-11-08 19:43:00,0.0,12.55067
2024-11-08 19:44:00,0.0,12.551
2024-11-08 19:45:00,0.0,12.55111
2024-11-08 19:46:00,0.0,12.55102
2024-11-08 19:47:00,0.0,12.54906
2024-11-08 19:48:00,0.0,12.53442
2024-11-08 19:49:00,0.0,12.55121
2024-11-08 19:50:00,0.0,12.53506
2024-11-08 19:51:00,0.0,12.5513
2024-11-08 19:52:00,0.0,12.5515
2024-11-08 19:53:00,0.0,12.55155
2024-11-08 19:54:00,0.0,12.55106
2024-11-08 19:55:00,0.0,12.55168
2024-11-08 19:56:00,0.0,12.55134
2024-11-08 19:57:00,0.0,12.55143
2024-11-08 19:58:00,0.0,12.55148
2024-11-08 19:59:00,0.0,12.5518
2024-11-08 20:00:00,0.0,12.55102
2024-11-08 20:01:00,0.0,12.55107
2024-11-08 20:02:00,0.0,12.55156
2024-11-08 20:03:00,0.0,12.55126
2024-11-08 20:04:00,0.0,12.55155
2024-11-08 20:05:00,0.0,12.55182
2024-11-08 20:06:00,0.0,12.55105
2024-11-08 20:07:00,0.0,12.55156
2024-11-08 20:08:00,0.0,12.53538
2024-11-08 20:09:00,0.0,12.55154
2024-11-08 20:10:00,0.0,12.55161
2024-11-08 20:11:00,0.0,12.55122
2024-11-08 20:12:00,0.0,12.55149
2024-11-08 20:13:00,0.0,12.55115
2024-11-08 20:14:00,0.0,12.55127
2024-11-08 20:15:00,0.0,12.55167
2024-11-08 20:16:00,0.0,12.55201
2024-11-08 20:17:00,0.05999756,12.55184
2024-11-08 20:18:00,0.0,12.55197
2024-11-08 20:19:00,0.0,12.5515
2024-11-08 20:20:00,0.0,12.55201
2024-11-08 20:21:00,0.0,12.55185
2024-11-08 20:22:00,0.0,12.55226
2024-11-08 20:23:00,0.0,12.55226
2024-11-08 20:24:00,0.0,12.55154
2024-11-08 20:25:00,0.0,12.53557
2024-11-08 20:26:00,0.0,12.55197
2024-11-08 20:27:00,0.0,12.55222
2024-11-08 20:28:00,0.0,12.55214
2024-11-08 20:29:00,0.0,12.55231
2024-11-08 20:30:00,0.0,12.55247
2024-11-08 20:31:00,0.0,12.55158
2024-11-08 20:32:00,0.0,12.55219
2024-11-08 20:33:00,0.0,12.55142
2024-11-08 20:34:00,0.0,12.53657
2024-11-08 20:35:00,0.0,12.55261
2024-11-08 20:36:00,0.0,12.53663
2024-11-08 20:37:00,0.0,12.55199
2024-11-08 20:38:00,0.0,12.55244
2024-11-08 20:39:00,0.0,12.55247
2024-11-08 20:40:00,0.0,12.55269
2024-11-08 20:41:00,0.0,12.53724
2024-11-08 20:42:00,0.0,12.55272
2024-11-08 20:43:00,0.0,12.5524
2024-11-08 20:44:00,0.0,12.5526
2024-11-08 20:45:00,0.0,12.55302
2024-11-08 20:46:00,0.0,12.55306
2024-11-08 20:47:00,0.0,12.55287
2024-11-08 20:48:00,0.0,12.553
2024-11-08 20:49:00,0.0,12.55229
2024-11-08 20:50:00,0.0,12.55258
2024-11-08 20:51:00,0.0,12.55288
2024-11-08 20:52:00,0.0,12.55308
2024-11-08 20:53:00,0.0,12.55292
2024-11-08 20:54:00,0.0,12.55244
2024-11-08 20:55:00,0.0,12.51952
2024-11-08 20:56:00,0.0,12.55197
2024-11-08 20:57:00,0.0,12.55244
2024-11-08 20:58:00,0.0,12.55264
2024-11-08 20:59:00,0.0,12.55272
2024-11-08 21:00:00,0.0,12.55304
2024-11-08 21:01:00,0.0,12.55321
2024-11-08 21:02:00,0.0,12.55226
2024-11-08 21:03:00,0.0,12.55296
2024-11-08 21:04:00,0.0,12.55294
2024-11-08 21:05:00,0.0,12.55294
2024-11-08 21:06:00,0.0,12.55305
2024-11-08 21:07:00,0.0,12.55317
2024-11-08 21:08:00,0.0,12.55288
2024-11-08 21:09:00,0.0,12.53683
2024-11-08 21:10:00,0.0,12.55322
2024-11-08 21:11:00,0.0,12.55303
2024-11-08 21:12:00,0.0,12.55349
2024-11-08 21:13:00,0.0,12.55292
2024-11-08 21:14:00,0.0,12.55248
2024-11-08 21:15:00,0.0,12.5531
2024-11-08 21:16:00,0.0,12.55304
2024-11-08 21:17:00,0.0,12.55354
2024-11-08 21:18:00,0.0,12.5533
2024-11-08 21:19:00,0.0,12.55352
2024-11-08 21:20:00,0.0,12.53669
2024-11-08 21:21:00,0.0,12.53708
2024-11-08 21:22:00,0.0,12.55313
2024-11-08 21:23:00,0.0,12.55321
2024-11-08 21:24:00,0.0,12.55331
2024-11-08 21:25:00,0.0,12.5535
2024-11-08 21:26:00,0.0,12.55303
2024-11-08 21:27:00,0.0,12.55298
2024-11-08 21:28:00,0.0,12.55349
2024-11-08 21:29:00,0.0,12.55125
2024-11-08 21:30:00,0.0,12.55347
2024-11-08 21:31:00,0.0,12.53745
2024-11-08 21:32:00,0.0,12.55279
2024-11-08 21:33:00,0.0,12.55353
2024-11-08 21:34:00,0.0,12.55333
2024-11-08 21:35:00,0.0,12.55344
2024-11-08 21:36:00,0.0,12.55348
2024-11-08 21:37:00,0.0,12.5536
2024-11-08 21:38:00,0.0,12.53654
2024-11-08 21:39:00,0.0,12.55341
2024-11-08 21:40:00,0.0,12.55364
2024-11-08 21:41:00,0.0,12.55338
2024-11-08 21:42:00,0.0,12.55392
2024-11-08 21:43:00,0.0,12.55269
2024-11-08 21:44:00,0.0,12.53698
2024-11-08 21:45:00,0.0,12.55361
2024-11-08 21:46:00,0.0,12.53774
2024-11-08 21:47:00,0.0,12.5537
2024-11-08 21:48:00,0.0,12.55359
2024-11-08 21:49:00,0.0,12.55389
2024-11-08 21:50:00,0.0,12.55397
2024-11-08 21:51:00,0.0,12.55369
2024-11-08 21:52:00,0.0,12.5539
2024-11-08 21:53:00,0.0,12.53821
2024-11-08 21:54:00,0.0,12.55403
2024-11-08 21:55:00,0.0,12.55386
2024-11-08 21:56:00,0.0,12.55446
2024-11-08 21:57:00,0.0,12.55354
2024-11-08 21:58:00,0.0,12.53793
2024-11-08 21:59:00,0.0,12.55413
2024-11-08 22:00:00,0.0,12.55391
2024-11-08 22:01:00,0.0,12.55313
2024-11-08 22:02:00,0.0,12.55444
2024-11-08 22:03:00,0.0,12.55321
2024-11-08 22:04:00,0.0,12.55214
2024-11-08 22:05:00,0.0,12.55467
2024-11-08 22:06:00,0.0,12.53848
2024-11-08 22:07:00,0.0,12.55445
2024-11-08 22:08:00,0.0,12.55441
2024-11-08 22:09:00,0.0,12.55405
2024-11-08 22:10:00,0.0,12.55447
2024-11-08 22:11:00,0.0,12.55487
2024-11-08 22:12:00,0.0,12.55456
2024-11-08 22:13:00,0.0,12.55463
2024-11-08 22:14:00,0.0,12.55468
2024-11-08 22:15:00,0.0,12.55415
2024-11-08 22:16:00,0.0,12.55473
2024-11-08 22:17:00,0.0,12.55461
2024-11-08 22:18:00,0.0,12.55121
2024-11-08 22:19:00,0.0,12.55378
2024-11-08 22:20:00,0.0,12.53909
2024-11-08 22:21:00,0.0,12.55434
2024-11-08 22:22:00,0.0,12.55498
2024-11-08 22:23:00,0.0,12.55511
2024-11-08 22:24:00,0.0,12.55524
2024-11-08 22:25:00,0.0,12.53916
2024-11-08 22:26:00,0.0,12.55543
2024-11-08 22:27:00,0.0,12.55517
2024-11-08 22:28:00,0.0,12.55509
2024-11-08 22:29:00,0.0,12.55535
2024-11-08 22:30:00,0.0,12.5552
2024-11-08 22:31:00,0.0,12.55523
2024-11-08 22:32:00,0.0,12.55533
2024-11-08 22:33:00,0.0,12.55237
2024-11-08 22:34:00,0.0,12.55483
2024-11-08 22:35:00,0.0,12.5552
2024-11-08 22:36:00,0.0,12.55479
2024-11-08 22:37:00,0.0,12.55505
2024-11-08 22:38:00,0.0,12.55353
2024-11-08 22:39:00,0.0,12.55554
2024-11-08 22:40:00,0.0,12.55491
2024-11-08 22:41:00,0.0,12.5555
2024-11-08 22:42:00,0.0,12.55509
2024-11-08 22:43:00,0.0,12.55572
2024-11-08 22:44:00,0.0,12.55562
2024-11-08 22:45:00,0.0,12.55574
2024-11-08 22:46:00,0.0,12.5549
2024-11-08 22:47:00,0.0,12.55557
2024-11-08 22:48:00,0.0,12.55516
2024-11-08 22:49:00,0.0,12.5559
2024-11-08 22:50:00,0.0,12.55578
2024-11-08 22:51:00,0.0,12.55576
2024-11-08 22:52:00,0.0,12.55509
2024-11-08 22:53:00,0.0,12.55535
2024-11-08 22:54:00,0.0,12.55575
2024-11-08 22:55:00,0.07000733,12.55578
2024-11-08 22:56:00,0.0,12.55583
2024-11-08 22:57:00,0.0,12.55598
2024-11-08 22:58:00,0.0,12.55556
2024-11-08 22:59:00,0.0,12.55565
2024-11-08 23:00:00,0.0,12.5557
2024-11-08 23:01:00,0.0,12.55372
2024-11-08 23:02:00,0.0,12.55597
2024-11-08 23:03:00,0.0,12.54017
2024-11-08 23:04:00,0.0,12.55286
2024-11-08 23:05:00,0.0,12.55589
2024-11-08 23:06:00,0.0,12.55649
2024-11-08 23:07:00,0.0,12.55627
2024-11-08 23:08:00,0.0,12.55651
2024-11-08 23:09:00,0.0,12.55627
2024-11-08 23:10:00,0.0,12.53888
2024-11-08 23:11:00,0.0,12.55506
2024-11-08 23:12:00,0.0,12.55597
2024-11-08 23:13:00,0.0,12.55598
2024-11-08 23:14:00,0.0,12.55648
2024-11-08 23:15:00,0.0,12.55657
2024-11-08 23:16:00,0.0,12.5566
2024-11-08 23:17:00,0.0,12.5562
2024-11-08 23:18:00,0.0,12.55658
2024-11-08 23:19:00,0.0,12.55662
2024-11-08 23:20:00,0.0,12.54097
2024-11-08 23:21:00,0.0,12.55688
2024-11-08 23:22:00,0.0,12.55671
2024-11-08 23:23:00,0.0,12.55658
2024-11-08 23:24:00,0.0,12.5567
2024-11-08 23:25:00,0.0,12.5568
2024-11-08 23:26:00,0.0,12.5412
2024-11-08 23:27:00,0.0,12.55692
2024-11-08 23:28:00,0.0,12.55689
2024-11-08 23:29:00,0.0,12.5564
2024-11-08 23:30:00,0.0,12.55681
2024-11-08 23:31:00,0.0,12.55658
2024-11-08 23:32:00,0.0,12.55701
2024-11-08 23:33:00,0.0,12.55677
2024-11-08 23:34:00,0.0,12.55675
2024-11-08 23:35:00,0.0,12.53958
2024-11-08 23:36:00,0.0,12.55702
2024-11-08 23:37:00,0.0,12.55497
2024-11-08 23:38:00,0.0,12.55653
2024-11-08 23:39:00,0.0,12.5409
2024-11-08 23:40:00,0.0,12.55719
2024-11-08 23:41:00,0.0,12.55417
2024-11-08 23:42:00,0.0,12.55655
2024-11-08 23:43:00,0.0,12.55677
2024-11-08 23:44:00,0.0,12.55693
2024-11-08 23:45:00,0.0,12.5567
2024-11-08 23:46:00,0.0,12.55489
2024-11-08 23:47:00,0.0,12.55675
2024-11-08 23:48:00,0.0,12.55688
2024-11-08 23:49:00,0.0,12.55684
2024-11-08 23:50:00,0.0,12.54121
2024-11-08 23:51:00,0.0,12.55697
2024-11-08 23:52:00,0.0,12.55694
2024-11-08 23:53:00,0.0,12.53994
2024-11-08 23:54:00,0.0,12.55542
2024-11-08 23:55:00,0.0,12.55506
2024-11-08 23:56:00,0.0,12.55576
2024-11-08 23:57:00,0.0,12.55636
2024-11-08 23:58:00,0.0,12.55642
2024-11-08 23:59:00,0.0,12.55646
2024-11-09 00:00:00,0.0,12.55631
