"20210710000020",93.1474,27.51808,284.6917,372.8342,13.87046,188.2791,16.35854,10.58851,67.15224,100.8434,1.498742,0.3522315,-1.182272,-0.1787598,0.8074066,0.06847156,-0.02231717,0.19,78.99999
"20210710000040",82.58981,27.53497,284.6899,372.7464,13.85615,187.8773,16.33602,10.65086,67.15964,100.8441,1.32887,0.3524476,-1.181387,-0.1789249,0.8056835,0.06837731,-0.0237639,0.14,36
"20210710000100",73.73711,27.54062,284.5806,372.7112,13.83256,187.5452,16.28091,10.64952,65.60453,100.8462,1.18643,0.3525199,-1.181184,-0.1775622,0.804259,0.06814662,-0.02273536,0.22,41
"20210710000120",69.32414,27.58786,284.4806,372.6829,13.81583,187.3701,16.2695,10.66514,65.2959,100.8468,1.115426,0.3531246,-1.181306,-0.1766453,0.8035082,0.06809884,-0.02488112,0.09,71
"20210710000140",70.35194,27.56742,284.3492,372.5239,13.79365,187.108,16.24748,10.72353,65.70308,100.8432,1.131963,0.3528629,-1.181454,-0.1772447,0.8023845,0.06800671,-0.02324295,0.06,145
"20210710000200",76.4379,27.50371,284.2172,372.4973,13.77289,186.5454,16.17212,10.73055,65.58195,100.8428,1.229886,0.3520475,-1.181701,-0.1759813,0.7999716,0.06769127,-0.02125239,0.31,147
"20210710000220",86.2499,27.43549,284.2127,372.4169,13.74769,186.2148,16.17878,10.71749,65.31279,100.8443,1.387761,0.3511742,-1.180159,-0.1751651,0.7985539,0.06771915,-0.02218223,0.34,159
"20210710000240",96.11815,27.42559,284.25,372.4121,13.72895,185.8464,16.22007,10.65799,64.34129,100.8443,1.546541,0.3510475,-1.178533,-0.173737,0.7969742,0.06789198,-0.01973581,0.16,138
"20210710000300",102.9467,27.38632,284.2797,372.332,13.71121,185.9249,16.16651,10.63641,63.39447,100.8466,1.656412,0.3505449,-1.177061,-0.1735156,0.797311,0.06766778,-0.02468443,0.16,168
"20210710000320",106.5648,27.39649,284.3264,372.2726,13.69387,186.1419,16.22144,10.60397,63.79482,100.8492,1.714627,0.3506751,-1.175413,-0.1730168,0.7982413,0.0678977,-0.02344227,0.19,170
"20210710000340",107.5046,27.38041,284.309,372.2436,13.67855,185.788,16.14593,10.54499,63.47976,100.846,1.729749,0.3504693,-1.174651,-0.1722238,0.7967236,0.06758166,-0.02201843,0.07,179
"20210710000400",107.2683,27.34663,284.2658,372.2852,13.66383,185.4558,16.1498,10.5528,63.49111,100.8467,1.725946,0.3500369,-1.174231,-0.1704271,0.7952992,0.06759784,-0.02105308,0.56,190
"20210710000420",105.9811,27.33415,284.1602,372.1592,13.65174,185.41,16.17133,10.46906,61.62826,100.8469,1.705236,0.3498771,-1.174712,-0.1713417,0.7951029,0.06768794,-0.02149749,0.77,190
"20210710000440",102.3853,27.27085,284.1711,372.0966,13.63843,185.2365,16.17386,10.39629,60.33887,100.8474,1.647379,0.349067,-1.173744,-0.1712129,0.7943585,0.06769856,-0.01997995,0.66,204
"20210710000500",96.03412,27.19166,283.9493,371.9357,13.62392,185.1382,16.11092,10.33754,61.14136,100.8488,1.545189,0.3480533,-1.175447,-0.1724586,0.7939372,0.06743511,-0.01855779,0.61,207
"20210710000520",87.20447,27.0481,283.8376,371.8267,13.60457,184.7215,16.04213,10.27697,60.97955,100.8547,1.40312,0.3462157,-1.175542,-0.1725389,0.79215,0.06714718,-0.01916099,0.79,217
"20210710000540",78.75848,26.97306,283.814,371.8237,13.5832,184.468,16.02947,10.21915,61.00178,100.852,1.267224,0.3452551,-1.174472,-0.1708768,0.791063,0.06709418,-0.01978254,0.94,220
"20210710000600",72.75047,26.93268,283.8273,371.8378,13.56405,184.3045,16.02809,10.18092,60.5774,100.8513,1.170555,0.3447383,-1.173107,-0.1691384,0.7903619,0.06708842,-0.018502,1.01,232
"20210710000620",70.74558,26.91613,283.7977,371.9018,13.54429,184.0469,16.03418,10.13269,63.01399,100.8519,1.138296,0.3445265,-1.172207,-0.166603,0.7892572,0.06711388,-0.01918936,0.72,251
"20210710000640",73.18187,26.91691,283.9214,371.8439,13.52555,183.861,16.07419,10.11408,64.73259,100.8521,1.177496,0.3445364,-1.169565,-0.1659712,0.7884599,0.06728136,-0.01804328,0.58,234
"20210710000700",79.58603,26.92033,283.8743,371.7861,13.50478,183.743,15.96665,10.04588,63.31266,100.8526,1.280539,0.3445802,-1.168811,-0.1651778,0.787954,0.06683122,-0.01757526,0.6,244
"20210710000720",88.00874,26.88439,284.0104,371.7899,13.49269,183.3642,15.98845,10.05714,63.79239,100.8573,1.416061,0.3441202,-1.16644,-0.1641552,0.7863294,0.06692248,-0.0186708,0.62,257
"20210710000740",96.11773,26.89961,284.0484,371.7756,13.47898,183.2454,15.98541,10.06075,64.39443,100.8584,1.546534,0.344315,-1.165127,-0.1632758,0.78582,0.06690974,-0.01564074,0.47,266
"20210710000800",101.916,26.86281,284.1127,371.6897,13.46568,183.0811,15.94815,10.064,65.49621,100.8541,1.639829,0.343844,-1.163528,-0.1634974,0.7851157,0.06675379,-0.01464486,0.6,270
"20210710000820",103.9159,26.86654,284.3185,371.7285,13.45983,182.9221,15.964,10.07796,66.87427,100.8548,1.672007,0.3438918,-1.16073,-0.1624519,0.7844339,0.06682012,-0.01983213,0.53,267
"20210710000840",101.3257,26.87147,284.4322,371.7079,13.4562,182.8663,15.96977,10.04133,66.74729,100.8551,1.63033,0.3439549,-1.159158,-0.1624705,0.7841946,0.06684429,-0.01347089,0.38,271
"20210710000900",94.13186,26.84334,284.238,371.6283,13.45419,182.3485,15.93084,10.09914,66.2918,100.856,1.514582,0.3435947,-1.161324,-0.1634986,0.781974,0.06668136,-0.01895905,0.37,308
"20210710000920",83.0371,26.84086,284.3217,371.5718,13.44814,182.2136,15.8923,10.11898,66.92062,100.8573,1.336067,0.343563,-1.159956,-0.1638603,0.7813953,0.06652001,-0.01400328,0.27,313
"20210710000940",69.5557,26.81528,284.3081,371.461,13.44451,181.5974,15.86869,10.15749,65.81995,100.8614,1.119151,0.3432356,-1.159886,-0.1652253,0.778753,0.0664212,-0.01732278,0.36,329
"20210710001000",57.53868,26.78849,284.2773,371.4484,13.43765,181.536,15.77912,10.1843,67.20282,100.859,0.9257973,0.3428926,-1.159818,-0.1648669,0.7784897,0.0660463,-0.0175066,0.27,338
"20210710001020",50.36983,26.79939,284.3339,371.4329,13.43241,181.2854,15.82261,10.26228,67.56464,100.8595,0.8104506,0.3430322,-1.158818,-0.1646801,0.7774151,0.06622832,-0.01396728,0.3,327
"20210710001040",50.50472,26.77335,284.3827,371.4115,13.42516,181.0947,15.80277,10.29233,68.47135,100.8614,0.8126209,0.3426988,-1.157786,-0.1644227,0.7765973,0.06614528,-0.01824784,0.34,326
"20210710001100",57.97695,26.70378,284.4027,371.3852,13.41851,180.7733,15.77042,10.32549,67.99309,100.862,0.9328491,0.3418084,-1.15713,-0.1642854,0.7752189,0.06600987,-0.01643801,0.39,322
"20210710001120",70.06225,26.63543,284.4647,371.3527,13.41528,180.5831,15.76706,10.28886,67.49258,100.8627,1.127302,0.3409335,-1.156194,-0.1645126,0.7744033,0.06599583,-0.01822376,0.48,325
"20210710001140",82.95655,26.56518,284.478,371.414,13.41185,180.4112,15.75853,10.32756,66.51124,100.8685,1.334771,0.3400344,-1.155822,-0.1633254,0.7736661,0.06596012,-0.0164516,0.53,329
"20210710001200",93.61438,26.51652,284.5814,371.4524,13.40964,180.1148,15.71954,10.30207,65.23306,100.8689,1.506255,0.3394115,-1.15446,-0.1625723,0.772395,0.0657969,-0.01525807,0.63,326
"20210710001220",100.4353,26.4068,284.5758,371.4892,13.41286,179.8284,15.71625,10.31947,64.14508,100.8658,1.616004,0.338007,-1.15473,-0.1622816,0.7711666,0.06578314,-0.01537776,0.64,326
"20210710001240",103.4691,26.30489,284.5535,371.4768,13.41326,179.6894,15.70342,10.32005,63.51604,100.8666,1.664818,0.3367026,-1.155019,-0.1624979,0.770571,0.06572943,-0.01640034,0.73,325
"20210710001300",104.2873,26.23678,284.6712,371.5054,13.4177,179.5218,15.6102,10.30645,62.78002,100.8676,1.677982,0.3358308,-1.153907,-0.1624236,0.7698522,0.06533926,-0.01528859,0.84,325
"20210710001320",104.2111,26.1639,284.6832,371.5055,13.42012,179.2254,15.64591,10.27496,63.2943,100.8682,1.676757,0.3348979,-1.153918,-0.1626146,0.7685809,0.06548871,-0.01507258,0.91,328
"20210710001340",104.1186,26.07082,284.7911,371.531,13.4302,178.8693,15.63465,10.25657,62.16454,100.8714,1.675268,0.3337065,-1.153281,-0.1630403,0.7670538,0.06544158,-0.01596499,0.94,327
"20210710001400",104.1286,26.03266,284.7917,371.5371,13.43927,178.919,15.61174,10.25926,61.64528,100.8731,1.67543,0.333218,-1.153845,-0.1636702,0.7672672,0.0653457,-0.01496482,1.09,327
"20210710001420",103.9354,25.93502,284.759,371.3887,13.4427,178.5537,15.60723,10.26748,63.07756,100.87,1.67232,0.3319683,-1.154446,-0.1661607,0.7657006,0.0653268,-0.01502132,1.07,339
"20210710001440",103.7887,25.86175,284.784,371.388,13.44693,178.4739,15.61643,10.26561,63.316,100.8709,1.669961,0.3310305,-1.154418,-0.1665094,0.7653582,0.06536533,-0.01602745,1.1,341
"20210710001500",103.6506,25.77823,284.7525,371.3171,13.45197,178.3408,15.57811,10.20986,64.78249,100.8714,1.667738,0.3299613,-1.155108,-0.1679701,0.7647875,0.06520493,-0.01564527,1.16,337
"20210710001520",103.4165,25.7306,284.8125,371.269,13.4558,178.1563,15.58769,10.18061,66.49135,100.8727,1.663971,0.3293517,-1.154641,-0.1689959,0.7639962,0.06524502,-0.01544428,1.01,336
"20210710001540",103.3952,25.73104,284.8612,371.1985,13.45842,178.1094,15.56171,10.13918,67.74284,100.8743,1.663629,0.3293573,-1.15423,-0.1702555,0.7637951,0.0651363,-0.01414204,0.89,333
"20210710001600",103.301,25.70298,284.9828,371.1594,13.4687,177.8056,15.51429,10.13173,67.27334,100.878,1.662113,0.3289981,-1.153442,-0.171661,0.7624926,0.06493778,-0.01510906,0.79,327
"20210710001620",103.0853,25.70913,284.9427,371.096,13.47656,177.5582,15.52201,10.10637,68.00202,100.8788,1.658642,0.3290769,-1.154412,-0.1732363,0.7614314,0.0649701,-0.01391697,0.83,329
"20210710001640",102.9792,25.66311,285.0008,370.9728,13.48886,177.3953,15.4993,10.09854,67.42248,100.8787,1.656936,0.3284878,-1.154503,-0.1760575,0.7607329,0.06487504,-0.01386333,0.77,339
"20210710001700",102.7746,25.59449,284.7552,370.8555,13.48886,177.1322,15.48161,10.11803,67.7185,100.8792,1.653643,0.3276095,-1.157404,-0.1778108,0.7596044,0.06480102,-0.01399684,0.61,342
"20210710001720",102.4123,25.51982,284.7462,370.8403,13.47817,176.7054,15.45788,10.12534,68.39162,100.8802,1.647814,0.3266537,-1.156835,-0.1771854,0.7577746,0.06470168,-0.017102,0.7,325
"20210710001740",102.2003,25.43097,284.9622,370.8782,13.4689,176.655,15.41816,10.13721,68.78022,100.8799,1.644402,0.3255165,-1.1537,-0.1758791,0.7575583,0.06453542,-0.01718354,0.69,349
"20210710001800",101.8499,25.35163,285.248,370.9247,13.45801,176.2578,15.42821,10.07562,67.46417,100.8808,1.638765,0.3245008,-1.149638,-0.1743153,0.7558549,0.06457749,-0.01574254,1.05,349
"20210710001820",101.7924,25.40492,285.447,371.0379,13.45923,176.1941,15.43,10.04442,66.48267,100.8812,1.63784,0.325183,-1.147364,-0.1727215,0.7555818,0.064585,-0.01451063,0.95,351
"20210710001840",101.8596,25.47833,285.5494,370.9309,13.46487,175.8866,15.42101,10.07975,65.79401,100.8785,1.63892,0.3261226,-1.146511,-0.17477,0.754263,0.06454738,-0.01475263,1.04,347
"20210710001900",101.9818,25.53354,285.6335,371.0376,13.47495,175.8683,15.35846,10.06629,65.27993,100.8788,1.640887,0.3268293,-1.146153,-0.17398,0.7541844,0.06428555,-0.01364231,0.88,337
"20210710001920",102.1556,25.5708,285.7331,371.0335,13.4947,175.7894,15.37882,10.00271,62.42743,100.8797,1.643684,0.3273062,-1.146222,-0.1756165,0.7538462,0.06437077,-0.01117015,0.84,337
"20210710001940",102.103,25.57898,285.7895,371.0248,13.51889,175.4661,15.34659,10.046,58.87808,100.8806,1.642837,0.3274109,-1.147082,-0.1776775,0.7524599,0.06423586,-0.01146698,0.83,327
"20210710002000",102.014,25.53973,285.8078,370.9879,13.54329,175.2229,15.33217,10.13658,58.48997,100.8818,1.641406,0.3269086,-1.148405,-0.1801759,0.751417,0.06417549,-0.01106882,0.79,320
"20210710002020",102.0012,25.50846,285.7811,370.784,13.56405,175.0867,15.37112,10.19956,60.75606,100.8866,1.641199,0.3265083,-1.150033,-0.1848818,0.7508327,0.06433851,-0.01455569,0.78,315
"20210710002040",101.8039,25.41528,285.799,370.8635,13.58501,174.8959,15.33074,10.22582,63.10862,100.8838,1.638024,0.3253156,-1.151144,-0.185368,0.7500147,0.06416952,-0.01575446,0.75,317
"20210710002100",101.6732,25.37309,285.7707,370.7999,13.60255,174.6898,15.35077,10.20476,63.13353,100.884,1.635922,0.3247755,-1.152585,-0.1877177,0.7491308,0.06425335,-0.01459169,0.72,308
"20210710002120",101.5474,25.28573,285.873,370.9764,13.6211,174.5185,15.30489,10.19199,61.26855,100.8854,1.633898,0.3236574,-1.152549,-0.1865643,0.7483963,0.06406134,-0.0104301,0.77,307
"20210710002140",101.4354,25.23381,285.95,370.998,13.63803,174.3206,15.28665,10.158,58.59462,100.8855,1.632096,0.3229928,-1.15271,-0.187594,0.7475475,0.06398498,-0.01019692,0.77,308
"20210710002200",101.2347,25.18606,286.1287,371.1024,13.66283,174.068,15.24456,10.20782,57.82389,100.887,1.628866,0.3223816,-1.152164,-0.1880158,0.7464644,0.06380881,-0.009520054,0.78,315
"20210710002220",101.0905,25.14759,286.0918,371.0465,13.67754,173.9557,15.28366,10.27293,58.14331,100.8903,1.626546,0.3218891,-1.153532,-0.1900288,0.7459827,0.06397246,-0.01098418,0.9,322
"20210710002240",100.909,25.05034,286.2131,371.0816,13.69044,173.6624,15.27683,10.32212,57.77846,100.8901,1.623626,0.3206444,-1.152914,-0.1905351,0.744725,0.06394385,-0.01335859,0.93,327
"20210710002300",100.6162,24.98227,286.141,371.1926,13.70778,173.3458,15.23005,10.36498,56.99123,100.887,1.618915,0.319773,-1.154863,-0.1902653,0.743367,0.06374806,-0.0105958,0.9,327
"20210710002320",100.5696,24.96591,286.1293,371.1944,13.72048,173.4694,15.21366,10.42536,57.42194,100.8876,1.618165,0.3195636,-1.155804,-0.191253,0.7438972,0.06367946,-0.01508403,0.95,327
"20210710002340",100.3497,24.91489,286.0102,371.1267,13.73177,173.0529,15.15398,10.4057,58.49345,100.8888,1.614627,0.3189106,-1.157924,-0.1931684,0.7421112,0.06342967,-0.01393127,1.08,324
"20210710002400",100.27,24.89423,285.9351,371.1221,13.74366,173.0233,15.17822,10.43997,58.90389,100.8896,1.613344,0.3186461,-1.159563,-0.1941867,0.7419842,0.06353111,-0.0162034,1.1,320
"20210710002420",100.1163,24.87937,285.8745,371.0704,13.74709,172.8175,15.13294,10.40925,59.02242,100.8932,1.610871,0.3184559,-1.160496,-0.1952359,0.7411016,0.06334161,-0.01599288,1.15,319
"20210710002440",99.88546,24.81686,285.9114,371.1282,13.75132,172.658,15.17337,10.37776,59.28339,100.8942,1.607157,0.3176559,-1.160326,-0.1947087,0.7404175,0.0635108,-0.01373935,1.18,317
"20210710002500",99.7051,24.77866,285.8189,371.0587,13.75878,172.4917,15.13449,10.35943,60.24456,100.8909,1.604255,0.3171669,-1.161892,-0.1963453,0.7397047,0.06334808,-0.01667047,1.06,321
"20210710002520",99.58564,24.73867,285.6511,370.9766,13.75435,172.4519,15.11212,10.34544,60.98444,100.8917,1.602333,0.316655,-1.163591,-0.197214,0.7395337,0.06325442,-0.01759315,1.01,323
"20210710002540",99.34518,24.69154,285.6989,370.8892,13.74608,172.2728,15.12712,10.28812,62.50367,100.8916,1.598464,0.3160518,-1.162506,-0.1978619,0.7387656,0.06331723,-0.01821876,1.08,324
"20210710002600",99.21322,24.65458,285.6492,370.8661,13.74044,172.2884,15.12603,10.1852,63.03074,100.8931,1.596341,0.3155786,-1.162735,-0.1977546,0.7388326,0.06331267,-0.01853156,1.09,331
"20210710002620",99.01056,24.57195,285.4696,370.7203,13.73096,171.9564,15.10903,10.15487,64.18565,100.8935,1.59308,0.314521,-1.164257,-0.1991736,0.737409,0.0632415,-0.01934195,1.07,338
"20210710002640",98.67664,24.464,285.3171,370.5756,13.7106,171.8555,15.08076,10.15308,65.16678,100.8991,1.587707,0.3131392,-1.16477,-0.199707,0.7369762,0.06312318,-0.02136612,0.96,356
"20210710002700",98.46281,24.40909,285.2128,370.6246,13.69165,171.7653,15.06786,10.11997,65.88308,100.8973,1.584267,0.3124364,-1.164805,-0.1974593,0.7365894,0.06306917,-0.01808381,0.76,0
"20210710002720",98.13394,24.43797,285.0777,370.6573,13.67613,171.5286,15.09516,10.09061,67.0861,100.8966,1.578975,0.312806,-1.165418,-0.1957289,0.7355742,0.06318346,-0.01890039,0.86,5
"20210710002740",97.88567,24.4641,284.951,370.5762,13.65517,171.1744,15.06585,10.09273,67.60478,100.898,1.574981,0.3131405,-1.16559,-0.1952644,0.7340556,0.06306078,-0.01789665,1.13,2
"20210710002800",97.54878,24.42826,284.8992,370.4684,13.63279,170.7752,15.02226,10.03051,68.15866,100.899,1.56956,0.3126817,-1.164788,-0.195088,0.7323435,0.06287833,-0.01950598,1.06,358
"20210710002820",97.39325,24.45323,284.6543,370.369,13.60679,170.8234,15.03988,9.992222,68.0885,100.8998,1.567057,0.3130013,-1.166038,-0.1944951,0.7325505,0.06295208,-0.01822472,1.13,353
"20210710002840",97.36274,24.44272,284.8126,370.2695,13.58118,170.848,15.05088,9.921444,68.00387,100.904,1.566567,0.3128669,-1.162552,-0.1939361,0.7326556,0.0629981,-0.01773906,1.32,357
"20210710002900",97.1723,24.39337,284.7895,370.2053,13.54853,170.5925,15.02307,9.852169,68.04347,100.9056,1.563502,0.3122351,-1.160763,-0.1922865,0.7315601,0.06288169,-0.01828098,1.27,347
"20210710002920",97.06581,24.3301,284.9002,370.2244,13.51889,170.5046,14.98484,9.799206,67.66682,100.9021,1.561789,0.3114253,-1.157585,-0.189636,0.731183,0.06272169,-0.01689935,1.23,353
"20210710002940",96.91213,24.26544,284.978,370.0452,13.48785,170.2275,14.96467,9.758488,67.35541,100.9026,1.559316,0.3105977,-1.154709,-0.1898362,0.7299946,0.06263726,-0.01661992,1.41,350
"20210710003000",96.67566,24.20892,284.7315,369.9692,13.45681,169.8623,14.91994,9.659252,68.1162,100.9033,1.555511,0.3098741,-1.155662,-0.1884945,0.7284289,0.06245006,-0.01492047,1.29,346
"20210710003020",96.54682,24.15782,284.8051,370.1276,13.42617,169.7048,14.93268,9.607781,69.08951,100.9069,1.553438,0.3092201,-1.152861,-0.1836841,0.7277534,0.06250336,-0.01558471,1.36,339
"20210710003040",96.61188,24.21126,284.7856,369.9359,13.39855,169.5282,14.95544,9.588627,69.00891,100.9045,1.554485,0.3099041,-1.15135,-0.1843462,0.7269961,0.06259862,-0.01443577,1.68,344
"20210710003100",96.54883,24.21777,284.8145,369.9501,13.37537,169.3639,14.9182,9.581711,69.73492,100.9058,1.553471,0.3099875,-1.149548,-0.1822856,0.7262914,0.06244278,-0.01744008,1.44,336
"20210710003120",96.49,24.19079,284.9573,370.0053,13.35561,169.2705,14.91019,9.488632,69.38766,100.9069,1.552524,0.3096421,-1.146617,-0.1798878,0.725891,0.06240924,-0.01781726,1.54,342
"20210710003140",96.65973,24.23684,284.8908,369.9755,13.3421,169.2631,14.88893,9.491589,69.15366,100.9076,1.555255,0.3102316,-1.146551,-0.1792562,0.7258592,0.06232024,-0.01478577,1.75,342
"20210710003200",96.67769,24.27439,284.9043,369.984,13.33626,169.0548,14.8676,9.529564,69.10962,100.912,1.555544,0.3107122,-1.146025,-0.1786645,0.7249661,0.06223094,-0.01402974,1.87,342
"20210710003220",96.70297,24.30266,284.8694,369.892,13.32315,168.6969,14.86372,9.536018,68.8259,100.9142,1.555951,0.3110741,-1.14561,-0.1789922,0.7234312,0.06221473,-0.01610851,1.87,348
"20210710003240",96.553,24.25715,284.883,369.8579,13.31247,168.602,14.85998,9.517594,68.91998,100.9117,1.553538,0.3104915,-1.144777,-0.1786519,0.7230242,0.06219906,-0.01496506,2.24,334
"20210710003300",96.52976,24.22953,284.8832,369.924,13.30925,168.6417,14.83594,9.503937,68.75654,100.9112,1.553164,0.310138,-1.144571,-0.1774068,0.7231943,0.06209843,-0.01487088,2.04,340
"20210710003320",96.56728,24.28818,284.8653,370.0043,13.31449,168.4073,14.86873,9.490181,68.3191,100.9128,1.553768,0.3108887,-1.145112,-0.1766252,0.7221894,0.0622357,-0.01274157,2.27,339
"20210710003340",96.56457,24.30034,284.9543,369.9946,13.3157,168.248,14.78762,9.513275,67.57962,100.9128,1.553724,0.3110444,-1.144139,-0.1768672,0.7215062,0.06189619,-0.01290035,2.3,338
"20210710003400",96.50486,24.30553,284.9396,370.031,13.32396,167.9592,14.75829,9.531876,67.57045,100.9134,1.552763,0.3111108,-1.144833,-0.1769817,0.7202675,0.06177342,-0.01302815,1.88,344
"20210710003420",96.39166,24.28821,285.0223,369.9742,13.3286,167.8935,14.7713,9.64415,68.20622,100.9174,1.550942,0.310889,-1.144147,-0.1781979,0.7199857,0.06182787,-0.01685166,2.31,348
"20210710003440",96.34686,24.27631,285.1056,369.9672,13.33122,167.7584,14.74327,9.644848,67.82298,100.9162,1.550221,0.3107367,-1.143328,-0.178511,0.7194062,0.06171055,-0.01482177,2.32,349
"20210710003500",96.31564,24.291,285.2014,369.9819,13.33686,167.652,14.77577,9.651497,67.17497,100.9157,1.549719,0.3109248,-1.142553,-0.1787416,0.7189504,0.06184658,-0.01690221,2.73,342
"20210710003520",96.26848,24.29372,284.8121,370.0367,13.34311,167.6195,14.71722,9.63567,66.84489,100.9176,1.54896,0.3109596,-1.147544,-0.1784216,0.7188109,0.06160152,-0.0157764,2.57,345
"20210710003540",96.04611,24.22882,284.8066,370.0346,13.3413,167.1482,14.7155,9.615406,66.51746,100.9179,1.545382,0.310129,-1.147495,-0.1783096,0.7167897,0.06159434,-0.01563692,2.16,335
"20210710003600",95.91294,24.17637,284.7692,370.0742,13.34311,167.1365,14.72809,9.59621,65.74907,100.9192,1.543239,0.3094575,-1.148051,-0.1778613,0.7167397,0.06164703,-0.01550508,2.34,343
"20210710003620",95.61142,24.05721,284.665,370.0259,13.33787,166.7748,14.72055,9.594726,65.48132,100.9243,1.538388,0.3079322,-1.148951,-0.1781639,0.7151882,0.06161547,-0.01549459,2.08,330
"20210710003640",95.42636,23.92787,284.4868,370.027,13.33122,166.6947,14.67759,9.654396,66.10528,100.9253,1.53541,0.3062768,-1.150636,-0.1776185,0.714845,0.06143566,-0.01488733,1.75,317
"20210710003700",95.32801,23.90937,284.4305,369.951,13.31791,166.5782,14.69658,9.614452,66.519,100.9226,1.533828,0.3060399,-1.150463,-0.1776928,0.7143453,0.06151514,-0.0135951,1.61,309
"20210710003720",95.13982,23.84002,284.4353,369.8389,13.30199,166.5069,14.69893,9.636219,67.15685,100.9237,1.5308,0.3051523,-1.149405,-0.1781013,0.7140394,0.06152496,-0.01577997,1.69,312
"20210710003740",94.84397,23.77588,284.6346,369.7691,13.27941,166.1016,14.69586,9.55452,67.49631,100.9241,1.52604,0.3043312,-1.14563,-0.177346,0.7123016,0.06151212,-0.0142014,1.85,328
"20210710003800",94.71788,23.68851,284.6072,369.7381,13.25945,165.8896,14.74044,9.551609,67.8089,100.9248,1.524011,0.3032129,-1.144698,-0.1762198,0.7113922,0.0616987,-0.01519871,1.36,324
"20210710003820",94.59886,23.66075,284.8347,369.7933,13.23909,165.8876,14.68137,9.507485,67.39948,100.9271,1.522096,0.3028575,-1.14073,-0.1737747,0.7113837,0.06145145,-0.01286078,2.24,331
"20210710003840",94.61974,23.63015,285.0987,369.8657,13.22821,165.7583,14.70985,9.482765,66.7795,100.9314,1.522432,0.302466,-1.136927,-0.1718272,0.7108292,0.06157068,-0.01269054,2.74,326
"20210710003900",94.71233,23.6768,284.9818,369.9757,13.22619,165.7119,14.73571,9.458309,66.29849,100.9316,1.523921,0.3030631,-1.138181,-0.1700221,0.7106303,0.0616789,-0.01048899,2.43,322
"20210710003920",94.75077,23.74823,284.396,369.8914,13.21833,165.5697,14.68732,9.525452,66.21574,100.9334,1.52454,0.3039773,-1.144603,-0.1706558,0.7100204,0.06147635,-0.01298404,2.11,287
"20210710003940",94.59204,23.7132,284.6117,370.0762,13.21289,165.327,14.66902,9.562698,66.55944,100.935,1.521986,0.303529,-1.141714,-0.167462,0.7089799,0.06139979,-0.0081532,2.25,293
"20210710004000",94.69474,23.82761,284.5746,370.2649,13.22922,165.067,14.73161,9.535774,64.34192,100.936,1.523638,0.3049934,-1.14318,-0.1659432,0.7078648,0.06166173,-0.01000261,1.76,289
"20210710004020",94.7634,23.87357,284.5425,370.2391,13.24091,164.97,14.66164,9.630226,64.01042,100.9372,1.524743,0.3055817,-1.144294,-0.1672575,0.7074486,0.06136889,-0.01065111,2.26,276
"20210710004040",94.83692,23.95767,284.5594,370.2836,13.25623,164.7639,14.62479,9.67181,61.54732,100.939,1.525926,0.3066582,-1.145058,-0.1678129,0.706565,0.06121466,-0.0109365,2.18,276
"20210710004100",94.80033,23.94222,284.4886,370.1364,13.27115,164.5657,14.66802,9.716969,60.64868,100.9377,1.525338,0.3064604,-1.146833,-0.1711996,0.705715,0.06139558,-0.01429963,2.22,277
"20210710004120",94.61502,23.86976,284.2331,369.9222,13.28102,164.5391,14.65577,9.754951,60.77759,100.9384,1.522356,0.3055329,-1.150473,-0.1751882,0.705601,0.06134432,-0.01048899,1.95,280
"20210710004140",94.37454,23.74054,284.0513,369.847,13.28385,164.2518,14.61538,9.778198,61.2971,100.9398,1.518487,0.3038789,-1.152797,-0.1765343,0.704369,0.06117523,-0.01573753,2.87,271
"20210710004200",94.23265,23.62487,283.801,369.8165,13.28747,164.2956,14.6349,9.720013,60.37756,100.9395,1.516203,0.3023983,-1.155981,-0.1772793,0.7045569,0.06125694,-0.01228499,2.61,274
"20210710004220",93.95443,23.55987,283.8472,369.8069,13.28808,164.1368,14.58956,9.706119,59.01983,100.941,1.511727,0.3015663,-1.155474,-0.1774713,0.7038759,0.06106719,-0.01626039,2.61,282
"20210710004240",93.78549,23.56155,283.7654,369.7491,13.28203,163.8003,14.58198,9.716171,59.60667,100.9451,1.509009,0.3015878,-1.156061,-0.1778542,0.7024327,0.06103544,-0.01124072,1.86,284
"20210710004300",93.52878,23.51226,283.6418,369.6,13.27659,163.7982,14.58964,9.703182,60.65256,100.9466,1.504878,0.300957,-1.157176,-0.1796466,0.7024236,0.0610675,-0.02031016,2.35,291
"20210710004320",93.36876,23.49269,283.5906,369.5181,13.26046,163.7139,14.55495,9.66465,60.8146,100.9434,1.502303,0.3007064,-1.156767,-0.1795872,0.7020621,0.06092231,-0.01597524,1.8,282
"20210710004340",93.05945,23.41794,283.4837,369.398,13.23789,163.4685,14.53328,9.652146,61.3732,100.9445,1.497327,0.2997497,-1.156608,-0.1795838,0.70101,0.0608316,-0.0128367,2.25,291
"20210710004400",92.83332,23.3857,283.3799,369.2398,13.2139,163.2672,14.57675,9.569573,61.69442,100.9452,1.493688,0.2993369,-1.156326,-0.1800391,0.7001466,0.06101354,-0.0163393,2.27,282
"20210710004420",92.64834,23.36932,283.2537,369.1781,13.19092,163.2326,14.51561,9.515766,62.16968,100.9463,1.490712,0.2991273,-1.156371,-0.1791327,0.6999984,0.06075765,-0.01393509,1.98,281
"20210710004440",92.46778,23.3274,283.1933,369.0323,13.15503,163.3055,14.49737,9.456943,62.66809,100.9474,1.487807,0.2985907,-1.154827,-0.178456,0.7003108,0.0606813,-0.01353097,2.42,279
"20210710004500",92.21884,23.27052,283.2326,368.9428,13.11976,163.0006,14.48894,9.446041,63.18467,100.9508,1.483801,0.2978627,-1.152147,-0.1769893,0.6990034,0.060646,-0.01549006,2.21,272
"20210710004520",92.07702,23.16693,283.3352,368.8696,13.08448,162.8076,14.44969,9.376389,63.9808,100.9471,1.48152,0.2965367,-1.148717,-0.1752768,0.6981758,0.06048174,-0.01297712,2.08,280
"20210710004540",91.91261,23.10648,283.3754,368.727,13.04577,163.1062,14.49488,9.305359,64.6578,100.9471,1.478874,0.295763,-1.145813,-0.1743351,0.699456,0.06067086,-0.01452279,2.03,274
"20210710004600",91.84242,23.07776,283.4372,368.699,13.00767,162.728,14.47591,9.245377,64.48108,100.9478,1.477745,0.2953953,-1.14269,-0.1717262,0.6978345,0.06059147,-0.01512766,2.74,280
"20210710004620",91.70275,23.06971,283.3517,368.5701,12.96494,162.6455,14.44728,9.146317,65.17338,100.9476,1.475497,0.2952923,-1.14102,-0.1702604,0.6974806,0.06047165,-0.0134294,2.09,290
"20210710004640",91.6217,23.0131,283.5903,368.4767,12.92785,162.5192,14.46011,9.098625,65.23379,100.9466,1.474193,0.2945677,-1.135876,-0.1687135,0.696939,0.06052535,-0.0131011,2.7,277
"20210710004700",91.60927,22.92811,283.8289,368.4362,12.88652,162.3766,14.40785,9.054214,65.66873,100.9515,1.473993,0.2934798,-1.130468,-0.1660417,0.6963274,0.0603066,-0.01584482,2.99,284
"20210710004720",91.48905,22.95331,283.6489,368.4126,12.85245,161.9787,14.42483,9.036377,66.09065,100.9497,1.472059,0.2938024,-1.130456,-0.1636908,0.6946213,0.06037769,-0.0147059,2.52,279
"20210710004740",91.52223,22.99127,283.6906,368.4636,12.81899,162.0263,14.41031,8.959446,66.02499,100.9458,1.472593,0.2942883,-1.127868,-0.1602778,0.6948253,0.06031691,-0.01315975,3.46,284
"20210710004800",91.61747,23.06466,283.711,368.3281,12.78996,162.2399,14.39801,8.971386,65.8141,100.9447,1.474125,0.2952277,-1.125808,-0.1600011,0.6957412,0.06026543,-0.01324225,3.1,279
"20210710004820",91.65828,23.10964,283.6247,368.3732,12.76698,161.8283,14.40906,8.954205,65.35722,100.9455,1.474782,0.2958034,-1.125388,-0.1575068,0.6939763,0.06031166,-0.01109123,3.04,280
"20210710004840",91.61027,23.07546,283.5169,368.2858,12.74138,161.7887,14.41164,8.925838,65.29284,100.9445,1.474009,0.2953659,-1.12506,-0.156788,0.6938065,0.06032248,-0.01191211,3.01,271
"20210710004900",91.65099,23.11722,283.8374,368.2797,12.72163,161.6863,14.36907,8.916245,65.38596,100.9483,1.474665,0.2959004,-1.120038,-0.1553133,0.6933672,0.06014428,-0.01184607,2.88,276
"20210710004920",91.61834,23.09159,284.3248,368.5335,12.70953,161.29,14.32435,8.90511,64.92762,100.9482,1.474139,0.2955724,-1.113525,-0.1505645,0.6916677,0.05995709,-0.01278591,3.31,278
"20210710004940",91.73926,23.24963,283.5541,368.4364,12.70288,161.0474,14.35627,8.936371,64.2889,100.9439,1.476085,0.2975952,-1.122211,-0.1514896,0.6906275,0.0600907,-0.01503372,2.67,287
"20210710005000",91.69908,23.30684,283.522,368.2945,12.69602,161.2431,14.31348,8.964287,65.09686,100.9434,1.475438,0.2983275,-1.122161,-0.153065,0.6914667,0.05991159,-0.01014423,2.27,286
"20210710005020",91.72054,23.30281,283.8593,368.279,12.68474,160.9928,14.29551,8.988282,64.87106,100.9427,1.475784,0.2982759,-1.117471,-0.152403,0.6903931,0.05983636,-0.0113256,3.47,275
"20210710005040",91.71484,23.29947,284.4599,368.373,12.68212,160.8265,14.26057,8.96624,64.88913,100.9425,1.475692,0.2982332,-1.110215,-0.1507942,0.6896798,0.05969012,-0.01219034,3.48,286
"20210710005100",91.92531,23.4709,284.7191,368.9232,12.70469,160.4065,14.22573,8.974396,63.47996,100.9412,1.479078,0.3004276,-1.108564,-0.1443586,0.6878789,0.05954429,-0.005132198,3.85,309
"20210710005120",92.3324,23.73865,284.9355,369.8566,12.75388,160.3389,14.25972,9.099666,58.86493,100.947,1.485628,0.3038547,-1.109088,-0.1343087,0.687589,0.05968657,0.001122952,3.37,322
"20210710005140",92.90411,24.06453,284.5072,369.9426,12.81919,160.2533,14.28606,9.394462,56.27572,100.9433,1.494827,0.308026,-1.118236,-0.1381955,0.6872219,0.05979681,-0.004965305,2.91,309
"20210710005200",93.06448,24.18887,284.4086,369.8551,12.87785,160.1366,14.19335,9.693394,54.89176,100.9446,1.497408,0.3096175,-1.123075,-0.1441525,0.6867215,0.05940876,-0.004978895,2.41,328
"20210710005220",93.15573,24.26181,284.0631,369.7975,12.93893,159.9453,14.20272,9.886864,54.11207,100.9432,1.498876,0.3105511,-1.130987,-0.149859,0.6859013,0.059448,-0.01037622,3.26,345
"20210710005240",93.03123,24.25287,283.9426,369.6139,12.98913,159.8448,14.23394,10.03162,55.24197,100.9451,1.496873,0.3104367,-1.135559,-0.1565865,0.6854701,0.05957866,-0.01340461,3.05,303
"20210710005300",92.91926,24.12144,283.8708,369.5805,13.0361,159.8292,14.19347,10.02763,55.58917,100.946,1.495071,0.3087544,-1.139355,-0.1608147,0.6854034,0.05940926,-0.01235867,3.16,309
"20210710005320",92.66934,24.00188,283.1541,369.3208,13.07037,160.1018,14.23373,10.03621,56.72296,100.9487,1.49105,0.3072241,-1.149972,-0.1674175,0.6865724,0.05957777,-0.01343584,2.76,281
"20210710005340",92.09642,23.63996,283.2359,369.0964,13.07843,160.126,14.19072,9.964489,58.08942,100.95,1.481831,0.3025914,-1.149512,-0.1714092,0.6866762,0.05939775,-0.01599813,3.61,289
"20210710005400",91.70577,23.34812,283.3363,368.7303,13.08166,159.8068,14.12669,9.886902,59.129,100.9458,1.475546,0.2988559,-1.148529,-0.1771356,0.6853074,0.05912975,-0.01546574,3.44,270
"20210710005420",91.23549,22.98593,282.7679,368.4552,13.07521,159.7622,14.23939,9.773136,60.75306,100.9468,1.467979,0.2942199,-1.154835,-0.1807327,0.6851162,0.05960146,-0.01570296,2.72,274
"20210710005440",90.71435,22.67879,283.52,368.4121,13.05142,159.7416,14.16316,9.598488,61.3223,100.9463,1.459594,0.2902884,-1.14446,-0.1794874,0.6850278,0.05928238,-0.01552057,3.07,305
"20210710005500",90.43141,22.67329,283.9427,368.7134,13.03952,159.4259,14.15054,9.455258,60.9142,100.9452,1.455041,0.2902181,-1.13872,-0.1740393,0.6836738,0.0592296,-0.01046753,3.45,307
"20210710005520",90.37378,22.73121,284.1788,369.0267,13.03267,159.2745,14.16067,9.435047,60.35642,100.9484,1.454114,0.2909595,-1.135502,-0.1688158,0.6830247,0.05927198,-0.008295059,2.66,317
"20210710005540",90.63458,22.91038,284.1756,369.5254,13.04154,159.2771,14.12513,9.449932,58.50266,100.9488,1.45831,0.2932528,-1.136096,-0.1620683,0.6830358,0.05912322,-0.009413958,3.74,312
"20210710005600",90.78386,23.0888,284.4561,369.7593,13.06089,159.396,14.12636,9.557236,57.55293,100.9451,1.460712,0.2955366,-1.133999,-0.1601123,0.6835457,0.05912837,-0.00811553,3.26,340
"20210710005620",91.01509,23.27185,284.1761,369.6457,13.08004,159.2524,14.11684,9.662822,57.22622,100.9468,1.464433,0.2978796,-1.138509,-0.1633321,0.6829298,0.0590885,-0.01087475,2.92,329
"20210710005640",90.94006,23.26265,284.179,369.3922,13.09315,159.0312,14.10463,9.731621,58.00367,100.9473,1.463226,0.2977619,-1.139298,-0.1681591,0.6819814,0.05903743,-0.01134658,2.97,329
"20210710005700",90.71768,23.15753,284.2322,369.242,13.10786,159.0977,14.10231,9.713776,58.83769,100.9488,1.459647,0.2964163,-1.139593,-0.1715714,0.6822664,0.05902772,-0.01325965,2.84,327
"20210710005720",90.52722,23.08028,284.3369,369.2917,13.11895,158.7737,14.08681,9.718002,57.71606,100.9484,1.456583,0.2954276,-1.139054,-0.1717128,0.680877,0.05896281,-0.01023555,3.3,323
"20210710005740",90.51936,23.10478,284.1832,369.4457,13.13205,158.8322,14.0719,9.71344,57.38694,100.9527,1.456457,0.2957412,-1.141692,-0.1704518,0.6811277,0.05890042,-0.01631045,3.98,336
"20210710005800",90.36994,23.00426,284.2668,369.2055,13.1383,158.6727,14.12996,9.735382,58.49707,100.9506,1.454052,0.2944545,-1.141097,-0.1745386,0.6804437,0.05914344,-0.01646113,2.53,343
"20210710005820",90.18941,22.87311,284.2012,369.1506,13.14294,158.8372,14.07911,9.688915,58.90843,100.9494,1.451148,0.2927758,-1.142165,-0.1757283,0.681149,0.05893061,-0.01614189,3.56,317
"20210710005840",90.08574,22.76413,284.2404,369.1051,13.14032,158.6731,14.0823,9.65242,58.83848,100.9481,1.44948,0.2913809,-1.141537,-0.1761991,0.6804455,0.05894396,-0.01385593,4.24,325
"20210710005900",89.83039,22.62967,284.4283,369.0101,13.1387,158.5198,14.03243,9.598698,59.23176,100.9488,1.445371,0.2896597,-1.139216,-0.177489,0.6797881,0.05873522,-0.01552177,3.84,333
"20210710005920",89.6425,22.57551,284.7466,369.1431,13.13709,158.1793,14.07418,9.556991,58.64747,100.9487,1.442348,0.2889665,-1.135355,-0.1753737,0.6783278,0.05890996,-0.01218343,4.54,336
"20210710005940",89.61053,22.5345,284.7626,369.2582,13.14092,158.1228,14.04185,9.5336,58.7087,100.9526,1.441833,0.2884416,-1.135408,-0.17396,0.6780858,0.05877464,-0.01202273,4.63,323
"20210710010000",89.71012,22.65691,284.3719,369.1797,13.14576,158.3209,14.02428,9.544632,58.65215,100.9537,1.443436,0.2900084,-1.140325,-0.1755167,0.6789352,0.05870112,-0.01718545,3.97,317
"20210710010020",89.62014,22.69743,284.1641,369.1033,13.14516,158.2529,14.02352,9.553863,59.1585,100.9497,1.441988,0.2905271,-1.142741,-0.1766088,0.6786435,0.05869792,-0.0131793,4.17,321
"20210710010040",89.59754,22.79197,284.0463,369.2346,13.15382,158.0161,14.06286,9.54787,58.52077,100.9506,1.441624,0.2917373,-1.144677,-0.175337,0.6776281,0.05886256,-0.01517272,4.06,318
"20210710010100",89.55478,22.83938,283.9362,369.0486,13.15181,157.9802,14.05633,9.567097,59.06736,100.9534,1.440936,0.2923441,-1.14585,-0.1779552,0.6774743,0.05883526,-0.009200811,3.81,321
"20210710010120",89.47565,22.81564,283.728,369.0408,13.15382,157.8452,14.05788,9.542725,59.6257,100.9568,1.439663,0.2920402,-1.148436,-0.1782317,0.6768952,0.05884174,-0.002929688,3.95,320
"20210710010140",89.27332,22.70352,283.7325,368.9091,13.14636,157.7902,14.00973,9.484745,59.87779,100.9522,1.436408,0.290605,-1.147914,-0.1796077,0.6766594,0.05864018,-0.01575589,4.1,336
"20210710010200",89.13282,22.65593,283.8857,369.094,13.14072,157.5245,14.01577,9.49739,59.37688,100.9517,1.434147,0.2899959,-1.14575,-0.1763954,0.6755199,0.05866546,-0.01482582,3.38,328
"20210710010220",88.96006,22.59448,284.2879,369.2781,13.13971,157.3769,14.01592,9.443844,58.91183,100.9508,1.431367,0.2892093,-1.140937,-0.1735663,0.674887,0.0586661,-0.01140642,4.88,331
"20210710010240",88.91685,22.60983,283.9865,369.2071,13.13991,157.4345,13.97156,9.474018,58.39992,100.9521,1.430672,0.2894058,-1.144511,-0.1746432,0.6751338,0.05848042,-0.01364803,4.08,327
"20210710010300",88.85611,22.5792,283.8405,369.1733,13.1385,157.1468,13.99142,9.498363,58.30206,100.9517,1.429695,0.2890137,-1.146145,-0.1750348,0.6739001,0.05856355,-0.008729219,6.26,330
"20210710010320",88.75415,22.55336,284.1377,369.2687,13.13649,157.2114,13.94818,9.501758,57.93745,100.9549,1.428054,0.288683,-1.142508,-0.1734481,0.6741771,0.05838256,-0.00976944,5.93,328
"20210710010340",88.68801,22.52826,284.3195,369.281,13.13689,157.0351,13.95719,9.50457,57.94698,100.9537,1.42699,0.2883617,-1.140388,-0.1732984,0.6734213,0.05842028,-0.007754564,5.16,329
"20210710010400",88.62415,22.55234,284.1855,369.1727,13.13266,156.858,13.97227,9.567612,58.07698,100.9518,1.425963,0.2886699,-1.141704,-0.1745804,0.6726618,0.05848339,-0.01429105,6.07,336
"20210710010420",88.49662,22.53556,284.2574,369.1759,13.13467,156.8706,13.94249,9.550243,58.06529,100.953,1.423911,0.2884552,-1.14098,-0.1746921,0.6727158,0.05835876,-0.008067846,5.57,331
"20210710010440",88.44178,22.55311,284.4058,369.1997,13.13125,156.7364,14.02957,9.527718,57.9271,100.952,1.423028,0.2886798,-1.139013,-0.1740645,0.6721403,0.05872324,-0.01096511,5.04,329
"20210710010500",88.51183,22.61237,284.384,369.4429,13.13367,156.2865,13.96433,9.530705,57.13415,100.9528,1.424155,0.2894383,-1.139423,-0.1706226,0.6702108,0.05845018,-0.002847195,4.26,321
"20210710010520",88.35995,22.60216,284.2376,369.2905,13.13588,156.2451,13.95127,9.580426,57.51754,100.9593,1.421712,0.2893077,-1.141291,-0.1730772,0.6700336,0.0583955,-0.0103097,4.91,325
"20210710010540",88.30264,22.56857,284.1699,369.1665,13.13891,156.5101,13.86634,9.59037,57.81292,100.9604,1.42079,0.2888778,-1.142281,-0.1751703,0.6711697,0.05804001,-0.007325888,5.29,329
"20210710010600",88.12288,22.57474,284.4226,369.1516,13.14213,155.915,13.88253,9.617081,57.70993,100.955,1.417897,0.2889567,-1.139498,-0.1756475,0.668618,0.05810778,-0.009543658,4.49,318
"20210710010620",88.05663,22.56476,283.9969,369.1067,13.14516,155.8577,13.88428,9.621826,57.22673,100.9558,1.416831,0.2888289,-1.144714,-0.176558,0.6683723,0.0581151,-0.006523609,4.95,326
"20210710010640",87.99703,22.47925,284.109,369.0184,13.14213,156.2293,13.91252,9.610157,57.6687,100.9547,1.415872,0.2877344,-1.143202,-0.1776369,0.6699656,0.05823332,-0.008478642,5.7,330
"20210710010700",87.89451,22.39519,284.3329,369.083,13.13951,156.1204,13.89602,9.55806,58.26407,100.955,1.414223,0.2866584,-1.140392,-0.176463,0.6694989,0.05816425,-0.01015592,5.77,330
"20210710010720",88.05334,22.57256,284.2589,369.5119,13.1502,156.1099,13.86676,9.548714,57.19076,100.9578,1.416778,0.2889287,-1.141939,-0.1709072,0.6694538,0.05804177,-0.01212668,5.58,320
"20210710010740",88.07802,22.69756,283.9638,369.3896,13.15886,155.6078,13.91424,9.601864,57.4522,100.9625,1.417175,0.2905287,-1.14597,-0.1734235,0.6673006,0.0582405,-0.007404327,4.76,307
"20210710010800",88.14894,22.7256,283.8364,369.3567,13.16068,156.0187,13.9471,9.613541,57.60496,100.9558,1.418316,0.2908877,-1.147588,-0.1740582,0.6690627,0.05837804,0.0006554127,5.69,308
"20210710010820",87.98218,22.65833,283.7843,369.1946,13.15483,155.9666,13.88867,9.618011,58.13042,100.9591,1.415633,0.2900267,-1.147834,-0.1760135,0.6688392,0.05813347,-0.007515192,4.4,312
"20210710010840",87.80992,22.51228,284.0974,369.2371,13.1512,156.187,13.90718,9.585358,58.19611,100.9563,1.412862,0.2881571,-1.14391,-0.1750926,0.6697844,0.05821094,-0.01136088,6.61,311
"20210710010900",87.78382,22.61609,284.1022,369.3106,13.15241,155.6037,13.85293,9.545529,57.44894,100.9575,1.412442,0.289486,-1.143928,-0.1740892,0.667283,0.0579839,-0.01210475,4.46,319
"20210710010920",87.67486,22.55077,284.1627,369.3197,13.15302,155.4698,13.86826,9.566135,57.63557,100.9582,1.410689,0.2886498,-1.143252,-0.1740026,0.6667086,0.05804805,-0.001055241,6.13,311
"20210710010940",87.88446,22.74907,283.7501,369.3298,13.15806,155.7056,13.89723,9.575314,57.29784,100.9622,1.414061,0.2911881,-1.148442,-0.1742523,0.6677201,0.05816931,-0.003153086,5.57,306
"20210710011000",87.98997,22.8395,283.5065,369.1239,13.15261,155.8641,13.929,9.583325,58.01916,100.9626,1.415759,0.2923456,-1.150976,-0.176896,0.6683998,0.0583023,-0.009311914,4.33,305
"20210710011020",87.86282,22.82628,283.2502,368.877,13.14072,155.8476,13.95664,9.563732,59.25108,100.9648,1.413713,0.2921764,-1.153256,-0.1796381,0.6683286,0.05841797,-0.01121259,5.48,295
"20210710011040",87.95606,22.84811,283.2824,369.152,13.12923,155.9763,13.96362,9.475468,58.73053,100.9614,1.415213,0.2924559,-1.152154,-0.1746171,0.6688808,0.0584472,-0.01264048,5.88,303
"20210710011100",87.84328,22.87187,282.93,369.0003,13.12197,155.746,14.00926,9.452145,59.0253,100.964,1.413398,0.29276,-1.155859,-0.1763062,0.667893,0.05863824,-0.0114634,4,295
"20210710011120",87.40643,22.68683,282.3971,368.3072,13.09496,155.2476,13.92572,9.447239,60.37729,100.9666,1.40637,0.2903915,-1.160456,-0.1845141,0.6657559,0.05828858,-0.01142955,4.72,284
"20210710011140",86.90714,22.24676,282.0598,367.6961,13.0494,155.273,13.93805,9.34214,61.96635,100.9695,1.398336,0.2847585,-1.161578,-0.1900247,0.6658648,0.05834015,-0.01477552,4.93,283
"20210710011200",86.31561,22.18933,281.8641,367.3844,12.99195,155.4293,13.96615,9.172974,63.20944,100.9705,1.388818,0.2840234,-1.160282,-0.1901174,0.6665349,0.05845776,-0.01462936,3.45,274
"20210710011220",86.19827,22.11049,281.9992,367.3275,12.9345,155.4119,13.96445,9.00618,64.4619,100.9681,1.38693,0.2830142,-1.155083,-0.1864097,0.6664605,0.05845068,-0.01043224,3.31,277
"20210710011240",86.31394,22.30805,282.2396,367.4484,12.87785,155.5434,14.09111,8.876374,64.66079,100.9679,1.388791,0.2855431,-1.148692,-0.1801094,0.6670241,0.05898083,-0.004459143,2.73,277
"20210710011300",86.61885,22.3816,282.7474,367.5423,12.82705,155.641,14.09092,8.797016,65.26004,100.9687,1.393697,0.2864845,-1.139512,-0.1746799,0.6674428,0.05898002,0.00319767,2.35,291
"20210710011320",86.87198,22.52196,282.9619,367.7785,12.78896,155.7125,14.09682,8.733722,64.65892,100.9682,1.39777,0.288281,-1.134592,-0.1681316,0.6677493,0.05900474,0.00363183,2.99,294
"20210710011340",87.30363,22.75835,283.3932,368.0076,12.75973,155.696,14.16397,8.762406,63.52788,100.9685,1.404715,0.2913069,-1.12767,-0.1623959,0.6676788,0.05928579,0.00140357,3.46,316
"20210710011400",87.64353,23.02452,282.8877,368.2106,12.74904,155.4819,14.1264,8.848015,61.93226,100.9743,1.410185,0.2947138,-1.132971,-0.1585177,0.6667606,0.05912852,-0.005280018,2.48,304
"20210710011420",87.67622,23.13,282.665,368.0035,12.73392,155.4038,14.05342,8.954574,62.22001,100.9716,1.41071,0.2960639,-1.134653,-0.1604133,0.6664257,0.05882308,-0.01007724,2.53,274
"20210710011440",87.59758,23.1029,282.884,367.805,12.7188,155.2246,14.10119,9.03352,63.15225,100.971,1.409445,0.2957171,-1.131122,-0.1621819,0.6656571,0.05902302,-0.007570982,3.03,310
"20210710011500",87.6317,23.12441,282.8333,367.8216,12.70872,155.0792,14.01401,9.04375,62.32175,100.9722,1.409994,0.2959924,-1.131088,-0.1611354,0.6650336,0.05865813,-0.00357604,3.7,299
"20210710011520",87.71122,23.21087,282.511,367.9151,12.70127,155.0473,14.01127,9.028526,62.44627,100.9689,1.411274,0.2970991,-1.13443,-0.159149,0.6648968,0.05864666,-0.008553266,3.89,297
"20210710011540",87.42233,23.1354,281.6634,367.2192,12.67707,154.5672,13.98965,9.031662,63.0436,100.9729,1.406625,0.2961331,-1.142925,-0.1676315,0.6628381,0.05855615,-0.009591102,3.94,274
"20210710011600",86.92345,22.88036,281.7021,366.7744,12.63515,154.8367,14.06615,8.973762,63.98808,100.9792,1.398598,0.2928686,-1.139847,-0.1709589,0.6639938,0.05887634,-0.004111528,3.28,260
"20210710011620",86.74918,22.6083,281.7248,366.539,12.58898,155.068,14.07368,8.826973,65.19522,100.9767,1.395794,0.2893863,-1.136694,-0.170827,0.6649856,0.05890787,-0.007167578,3.88,263
"20210710011640",86.71898,22.42077,281.8256,366.4545,12.54282,155.1348,14.09939,8.70853,65.72557,100.974,1.395308,0.2869858,-1.132619,-0.1684404,0.6652723,0.05901548,-0.004321575,3.4,271
"20210710011700",86.34146,22.25094,282.1087,366.2422,12.49242,154.6362,14.0767,8.587719,66.59101,100.974,1.389234,0.284812,-1.126129,-0.1676316,0.6631338,0.05892051,0.0005707741,2.4,277
"20210710011720",86.03953,22.28515,282.8118,366.8892,12.46279,153.9644,14.01965,8.485698,66.10261,100.9746,1.384376,0.28525,-1.115976,-0.1556259,0.6602529,0.05868174,-0.009897947,3.01,314
"20210710011740",86.33909,22.63181,283.1138,367.1582,12.4517,154.1711,13.97493,8.545338,65.07564,100.9761,1.389196,0.2896872,-1.111717,-0.1507309,0.6611394,0.05849454,-0.003200054,2.94,328
"20210710011800",86.74062,22.9546,283.2246,367.5409,12.45654,154.0466,14.04623,8.645058,63.05078,100.9795,1.395657,0.2938189,-1.110711,-0.1453961,0.6606056,0.05879298,-0.005916596,2.95,319
"20210710011820",86.84891,23.12984,282.9702,367.704,12.47186,153.289,14.00033,8.861263,61.70627,100.9814,1.397399,0.2960619,-1.114671,-0.1441696,0.6573566,0.05860086,-0.003339529,3.75,329
"20210710011840",86.71864,23.19915,282.8435,367.4909,12.48335,152.8447,13.89168,8.975266,61.27154,100.9781,1.395303,0.2969491,-1.116883,-0.1482584,0.6554512,0.05814606,-0.004122019,3.06,335
"20210710011900",85.56998,22.82801,283.099,367.5343,12.49948,151.2071,13.73417,9.091324,60.7525,100.9779,1.376821,0.2921986,-1.114874,-0.1488857,0.6484288,0.05748678,0.0001635551,4.1,324
"20210710011920",85.33643,22.81192,282.9662,367.5591,12.52024,151.3745,13.74456,9.126167,60.66727,100.9789,1.373063,0.2919926,-1.117739,-0.150154,0.6491467,0.05753028,-0.002108335,4.58,323
"20210710011940",85.56943,22.90345,282.6862,367.3603,12.52891,151.1195,13.73453,9.14835,60.83287,100.9821,1.376812,0.2931642,-1.121586,-0.153809,0.6480529,0.05748832,-0.007343292,3.12,300
"20210710012000",84.86903,22.65317,282.5193,367.2668,12.53597,150.2375,13.61276,9.135857,61.48948,100.9853,1.365543,0.2899606,-1.123999,-0.1557653,0.6442706,0.0569786,0.0008752346,2.7,267
"20210710012020",84.05868,22.34202,282.4048,367.1939,12.54342,149.234,13.51366,9.117409,62.17227,100.9902,1.352504,0.2859779,-1.125817,-0.1574428,0.6399672,0.05656382,-0.00814724,2.35,288
"20210710012040",84.2921,22.45735,281.8747,367.2848,12.55229,149.81,13.5687,9.112667,61.91389,100.9878,1.35626,0.2874541,-1.132632,-0.156785,0.6424374,0.05679419,-0.004048824,3.51,287
"20210710012100",83.26222,22.00563,281.0638,366.7474,12.54161,148.8476,13.45408,9.109844,62.23529,100.9884,1.339689,0.2816721,-1.14154,-0.1639686,0.6383103,0.05631442,-0.01317811,4.48,285
"20210710012120",82.12738,21.60694,280.8066,366.3738,12.5148,148.4237,13.35485,8.984394,63.54602,100.9877,1.32143,0.2765689,-1.142903,-0.1674337,0.6364927,0.05589908,-0.0112989,4.31,267
"20210710012140",81.55948,21.25422,280.6397,365.9444,12.47589,147.8543,13.41161,8.830719,64.57002,100.9891,1.312292,0.272054,-1.142445,-0.170776,0.6340508,0.05613664,-0.007193566,4.2,262
"20210710012200",80.34765,20.66918,280.6883,365.7768,12.42993,146.6011,13.18176,8.68145,65.51208,100.9907,1.292794,0.2645655,-1.139004,-0.1696503,0.6286765,0.05517456,-0.0102303,3.97,256
"20210710012220",76.68882,19.23249,280.5801,365.6759,12.38034,141.5173,12.54818,8.559506,65.91305,100.9943,1.233923,0.2461759,-1.13719,-0.1672464,0.6068753,0.0525226,-0.009390593,2.86,252
"20210710012240",73.68513,18.15054,280.6058,365.3494,12.32692,139.5925,12.32912,8.448448,67.05881,100.9958,1.185594,0.232327,-1.133556,-0.1679138,0.5986215,0.05160572,-0.005579948,2.65,249
"20210710012300",72.04029,17.52439,280.501,365.1296,12.27229,138.975,12.24393,8.344902,68.03648,100.9961,1.159128,0.2243121,-1.13139,-0.1668901,0.5959732,0.05124913,-0.002836704,3.22,252
"20210710012320",70.4333,16.92002,280.6129,365.0124,12.21242,135.4687,11.86544,8.262928,68.25714,100.9961,1.133272,0.2165763,-1.126341,-0.1639263,0.5809372,0.04966488,-0.001258135,3.12,257
"20210710012340",69.27078,16.62921,280.538,364.8026,12.16485,134.9453,11.80873,8.186283,68.49845,100.9982,1.114567,0.2128539,-1.124265,-0.1633167,0.5786926,0.04942752,-0.002760649,2.71,252
"20210710012400",69.51373,16.7259,280.6094,364.8154,12.11304,134.7494,11.81535,8.152901,68.64762,100.9978,1.118476,0.2140916,-1.120199,-0.1590473,0.5778522,0.04945523,-0.002530813,2.63,268
"20210710012420",72.09146,17.80474,280.9006,364.7815,12.06869,137.2582,12.13451,8.118138,69.00627,100.9985,1.159952,0.2279007,-1.114004,-0.1560673,0.5886112,0.05079114,-0.00127697,2.74,255
"20210710012440",66.42524,15.87879,280.972,364.6862,12.02898,126.3247,10.87233,8.086094,69.54523,101.0013,1.068782,0.2032485,-1.110694,-0.1543701,0.5417244,0.04550804,-4.148483e-05,3.72,263
"20210710012500",66.29451,16.13869,280.7896,364.5702,11.99229,133.5264,11.7191,8.07537,68.95846,100.9972,1.066679,0.2065753,-1.110568,-0.1532194,0.5726076,0.04905236,-0.0009827614,2.79,264
"20210710012520",72.34597,18.29006,280.7628,364.63,11.97092,136.8555,12.16642,8.044308,68.98676,100.9984,1.164047,0.2341128,-1.109558,-0.1506471,0.5868841,0.05092468,-0.00685668,2.7,273
"20210710012540",75.78902,19.49729,281.2416,364.7807,11.94814,141.126,12.64815,8.06657,68.64398,100.9986,1.219446,0.2495653,-1.10249,-0.1466081,0.6051974,0.05294108,-0.0009217262,3.83,270
"20210710012600",76.46506,19.84347,281.561,365.4178,11.95036,142.1172,12.66664,8.08704,66.8951,100.9977,1.230323,0.2539964,-1.098854,-0.1372621,0.6094479,0.05301844,0.008069515,3.13,261
"20210710012620",81.09518,21.57673,281.142,365.3756,11.95419,146.8366,13.39915,8.107849,65.55143,100.9993,1.304821,0.2761822,-1.104041,-0.1381955,0.6296865,0.05608451,-0.00425005,3.81,260
"20210710012640",80.23465,21.26855,281.5274,365.4892,11.95963,144.3523,12.96429,8.25895,65.19994,101.0037,1.290976,0.2722375,-1.099827,-0.1369242,0.6190329,0.05426432,-0.003260612,3.43,266
"20210710012700",78.98646,20.93091,281.4063,365.142,11.9675,143.3898,12.84573,8.31147,65.48728,101.0013,1.270892,0.2679157,-1.101746,-0.1427303,0.6149055,0.05376806,-0.0005767345,2.69,257
"20210710012720",79.44475,21.0714,281.4234,365.2901,11.97475,143.3176,12.86953,8.357731,66.01658,101.0004,1.278266,0.2697139,-1.101994,-0.1410876,0.6145958,0.05386771,-0.004955768,3.07,272
"20210710012740",77.23978,20.30179,281.8723,365.4196,11.98423,140.9727,12.52975,8.333126,65.49845,100.9972,1.242788,0.2598629,-1.09728,-0.1398952,0.6045402,0.05244548,-0.002756357,3.64,272
"20210710012800",79.2521,21.15679,281.2379,366.3443,12.02475,143.6723,12.83561,8.412162,62.06379,100.9996,1.275166,0.2708069,-1.107291,-0.1292645,0.6161171,0.05372572,-0.0002539158,4.64,282
"20210710012820",77.5085,20.60865,280.2786,365.159,12.02515,140.2538,12.43424,8.555477,64.00274,101.0011,1.247112,0.2637907,-1.118644,-0.1470038,0.6014571,0.05204569,-0.007331848,2.79,294
"20210710012840",76.85831,20.2587,280.2122,364.6952,12.00882,142.0262,12.69835,8.543995,65.59689,101.0052,1.23665,0.2593114,-1.118414,-0.1526505,0.6090577,0.05315118,-0.005222082,3.29,281
"20210710012900",80.76138,21.49892,280.0939,364.3999,11.98382,147.9563,13.44857,8.436634,66.2807,101.0052,1.299451,0.2751862,-1.118259,-0.1550984,0.6344882,0.05629137,-0.004483223,3.15,292
"20210710012920",83.07182,22.05539,280.9287,364.4347,11.95399,149.9779,13.58206,8.296669,67.62434,101.0004,1.336626,0.2823089,-1.106547,-0.1522355,0.6431575,0.0568501,-0.007580518,3.69,269
"20210710012940",83.31679,22.03004,280.8383,364.6106,11.92698,150.1278,13.64601,8.179184,66.99651,100.9986,1.340567,0.2819845,-1.105939,-0.1474859,0.6438001,0.0571178,-0.003726244,3.08,264
"20210710013000",83.56003,22.05855,280.7935,364.53,11.89513,150.6026,13.74785,8.132915,67.2617,100.9976,1.344481,0.2823495,-1.104491,-0.1461902,0.6458364,0.05754407,-0.005437374,2.57,279
"20210710013020",83.52669,22.14184,280.3013,364.3137,11.86166,150.2337,13.71314,8.071472,67.7837,101.0039,1.343944,0.2834156,-1.108229,-0.1467972,0.6442543,0.05739877,5.912781e-05,2.35,303
"20210710013040",83.9621,22.35366,280.1066,364.3987,11.83082,151.1842,13.79205,8.024219,68.38686,101.0027,1.35095,0.2861269,-1.108616,-0.1431075,0.6483304,0.05772907,0.001398563,3.19,279
"20210710013100",84.30482,22.54704,280.1811,364.3846,11.79776,151.104,13.88186,7.984169,68.41769,100.9999,1.356465,0.2886021,-1.105687,-0.1407258,0.6479866,0.05810498,-0.00339818,3.31,265
"20210710013120",84.4639,22.59873,280.345,364.2351,11.76067,151.2454,13.85177,7.988114,68.7692,100.9969,1.359024,0.2892638,-1.101454,-0.1400539,0.6485931,0.05797905,-0.005454302,4.02,277
"20210710013140",84.39553,22.58465,280.5628,364.2558,11.72902,151.4447,13.87809,7.904678,68.82734,100.9975,1.357924,0.2890835,-1.096922,-0.1372639,0.6494476,0.05808918,0.0001924038,3.89,271
"20210710013200",84.46481,22.58864,280.4187,364.2328,11.70322,151.3473,13.89693,7.895161,69.1175,100.9951,1.359039,0.2891346,-1.097025,-0.1355867,0.6490301,0.05816807,-0.0007562637,4.71,270
"20210710013220",84.52586,22.59028,281.0101,364.3438,11.68064,151.4989,13.86764,7.854912,69.0277,100.996,1.360021,0.2891556,-1.088642,-0.132159,0.6496801,0.05804546,0.001549482,5.13,265
"20210710013240",84.78706,22.80481,280.7425,364.5557,11.676,151.2487,13.87735,7.8722,68.03566,101.0011,1.364224,0.2919015,-1.091516,-0.1286304,0.6486072,0.05808611,-0.0005979538,2.93,265
"20210710013300",84.69535,22.82191,281.0642,364.2233,11.65141,151.2164,13.8818,7.88176,68.46746,100.9974,1.362748,0.2921205,-1.086195,-0.1316716,0.6484687,0.05810472,-0.003706932,3.84,263
"20210710013320",84.54573,22.68685,280.2783,364.1917,11.6369,150.7979,13.75815,7.88319,68.83267,100.9978,1.360341,0.2903916,-1.09458,-0.131009,0.6466737,0.05758718,-0.0006740093,4.34,278
"20210710013340",84.16721,22.62339,280.4591,364.2408,11.61956,150.2782,13.74136,7.876568,68.31361,100.9976,1.35425,0.2895793,-1.091371,-0.1289194,0.6444452,0.0575169,-0.001642227,4.54,273
"20210710013400",81.9944,21.89593,279.9326,364.1555,11.60605,147.779,13.39488,7.861011,68.10554,100.9963,1.31929,0.2802679,-1.096754,-0.129135,0.6337276,0.05606664,-0.00762105,3.53,283
"20210710013420",83.28986,22.30553,280.1902,363.9126,11.58287,149.7379,13.72923,7.888416,68.95898,100.9991,1.340134,0.2855108,-1.092279,-0.1309531,0.6421282,0.0574661,-0.003752947,3.66,270
"20210710013440",83.56638,22.29163,280.2861,363.9033,11.56735,149.9993,13.66054,7.857525,69.72474,101.0036,1.344583,0.2853328,-1.090186,-0.1298764,0.6432493,0.05717859,-0.002525568,3.69,267
"20210710013500",83.01614,21.95103,280.1736,363.9304,11.54961,148.9455,13.58416,7.83437,69.72823,101.0012,1.33573,0.2809732,-1.090418,-0.1280844,0.6387304,0.0568589,-0.001351833,4.75,276
"20210710013520",83.36707,22.14833,279.941,363.9187,11.5355,150.0291,13.69847,7.805161,69.42418,100.9986,1.341376,0.2834986,-1.092292,-0.1271552,0.643377,0.05733734,-0.000136137,4.09,276
"20210710013540",84.42493,22.4826,279.468,363.8494,11.51736,151.1393,13.87574,7.781143,69.54977,100.9989,1.358397,0.2877772,-1.096758,-0.1267734,0.6481379,0.05807936,-0.005041838,4.91,285
"20210710013600",84.52985,22.57081,279.4761,363.7621,11.49901,151.2492,13.88889,7.791942,69.94977,100.9996,1.360085,0.2889064,-1.095529,-0.1266437,0.648609,0.05813438,-0.004101753,4.31,284
"20210710013620",84.61125,22.61034,279.3781,363.6573,11.48067,151.1713,13.79857,7.734093,70.16772,100.9975,1.361395,0.2894124,-1.095554,-0.1267765,0.6482753,0.05775634,-0.006745577,4.74,282
"20210710013640",84.00434,22.48755,279.202,363.6056,11.45991,150.7883,13.81309,7.695766,70.11512,101.0028,1.35163,0.2878407,-1.09635,-0.1259261,0.6466329,0.05781712,0.001631022,4.58,286
"20210710013700",83.79807,22.5183,279.4071,363.726,11.44539,150.9152,13.85059,7.692742,69.86489,101.0017,1.348311,0.2882343,-1.093033,-0.1229942,0.6471772,0.05797408,-0.003417969,4.41,297
"20210710013720",83.33508,22.37343,279.4053,363.5537,11.42785,149.8498,13.728,7.667538,70.07078,100.9988,1.340861,0.2863798,-1.091971,-0.1241984,0.6426084,0.05746098,-0.0032444,3.51,277
"20210710013740",82.64189,22.05054,279.4493,363.4743,11.40407,149.2718,13.66692,7.695766,70.7101,100.9984,1.329708,0.2822469,-1.089982,-0.1235254,0.6401293,0.05720532,-0.002424955,4.03,287
"20210710013800",82.47592,22.0287,279.5623,363.3862,11.3833,148.8319,13.64341,7.63924,70.73279,101,1.327038,0.2819674,-1.087367,-0.1232228,0.638243,0.05710692,-0.006090641,3.23,300
"20210710013820",81.62749,21.77009,279.6233,363.351,11.36637,147.9822,13.53177,7.635773,71.33478,100.9985,1.313386,0.2786571,-1.085602,-0.1224251,0.634599,0.05663962,-0.006066561,3.42,299
"20210710013840",80.93148,21.6346,279.9088,363.3081,11.34057,147.0869,13.40652,7.620594,71.62559,100.9994,1.302187,0.2769229,-1.080639,-0.1210549,0.63076,0.05611534,-0.009003878,4.14,285
"20210710013900",80.28943,21.47957,280.0506,363.4225,11.32888,146.4706,13.33517,7.575001,71.18492,101.0038,1.291857,0.2749384,-1.078244,-0.1184342,0.6281168,0.0558167,0.001449108,4.93,279
"20210710013920",80.00866,21.4481,280.0495,363.3032,11.31597,145.9535,13.26184,7.580967,70.74338,100.9992,1.287339,0.2745357,-1.07746,-0.1192093,0.6258995,0.05550978,-0.00568819,4.05,282
"20210710013940",79.41643,21.23443,280.3787,363.5106,11.31396,144.989,13.16636,7.591823,70.57835,100.9997,1.277811,0.2718007,-1.073449,-0.115954,0.6217632,0.0551101,0.001332998,4.5,277
"20210710014000",80.05432,21.54167,280.0862,363.5154,11.319,146.2335,13.27412,7.614574,69.87992,100.9981,1.288074,0.2757334,-1.077213,-0.1162753,0.6271002,0.05556116,0.001176596,4.59,278
"20210710014020",82.05213,22.23373,279.5366,363.2817,11.31618,149.5172,13.65746,7.614654,69.65918,100.9987,1.320219,0.2845917,-1.083529,-0.1195441,0.6411816,0.05716572,0.001175642,4.31,286
"20210710014040",84.26375,22.88061,279.394,363.1173,11.31174,151.2426,13.78827,7.644962,70.30163,101.0002,1.355804,0.2928718,-1.084941,-0.1216561,0.648581,0.05771325,-0.007143736,4,280
"20210710014100",83.84525,22.68683,279.6137,363.1706,11.30287,150.5874,13.74302,7.633926,70.73592,101.0046,1.34907,0.2903914,-1.081799,-0.1201675,0.6457713,0.05752383,-0.004026651,3.99,279
"20210710014120",82.52937,22.18633,280.0709,363.2136,11.29964,149.2026,13.50962,7.605484,70.96778,101.0025,1.327897,0.283985,-1.076201,-0.1192746,0.6398327,0.0565469,-0.008899212,4.27,279
"20210710014140",83.93468,22.67111,279.9139,363.42,11.29662,151.6184,13.75617,7.622314,70.42384,100.9995,1.350509,0.2901902,-1.07787,-0.1159563,0.6501927,0.05757886,0.0001091957,5.2,276
"20210710014200",84.21734,22.81817,279.6169,363.5393,11.30408,151.5009,13.78859,7.650185,69.83485,100.9998,1.355057,0.2920726,-1.081835,-0.1147537,0.6496885,0.05771459,-0.003124714,4.49,285
"20210710014220",84.20054,22.9097,279.5829,363.5424,11.30831,151.281,13.7575,7.652916,69.62892,100.9983,1.354787,0.2932442,-1.082499,-0.1150383,0.6487456,0.05758443,-0.006185055,3.79,278
"20210710014240",84.01252,22.95423,279.6489,363.4581,11.31658,150.956,13.79168,7.660419,69.24366,101.0006,1.351762,0.2938142,-1.08223,-0.1169431,0.6473518,0.05772753,-0.0001533031,3.51,281
"20210710014300",84.18858,23.00383,279.5796,363.389,11.32081,151.5982,13.74549,7.653401,69.24022,101.0015,1.354594,0.2944491,-1.083308,-0.1183032,0.6501057,0.05753416,-0.0001051426,3.41,286
"20210710014320",84.04137,22.94388,279.6558,363.3659,11.32383,151.2785,13.77489,7.724922,69.38795,101.005,1.352226,0.2936816,-1.082594,-0.1188842,0.6487349,0.05765724,-0.004653931,4.45,286
"20210710014340",84.09339,22.96322,279.7615,363.4041,11.32605,151.8058,13.74399,7.726933,69.50047,101.0054,1.353063,0.2939292,-1.081483,-0.1184868,0.6509962,0.05752789,-0.0006115436,3.68,296
"20210710014400",84.01326,22.99927,279.4577,363.3682,11.32706,151.7481,13.78332,7.749843,69.71065,101.0064,1.351773,0.2943906,-1.085133,-0.1191019,0.6507488,0.05769253,0.001258612,4.11,300
"20210710014420",84.00006,23.02935,279.6101,363.4598,11.32968,151.5858,13.77797,7.761536,69.38239,101.006,1.351561,0.2947756,-1.083495,-0.1179393,0.6500528,0.05767011,-0.006934642,3.95,291
"20210710014440",83.9507,22.99593,279.634,363.4531,11.3323,151.4699,13.73641,7.786243,69.3893,101.0071,1.350767,0.2943479,-1.083374,-0.1182429,0.6495559,0.05749616,-0.005077124,3.81,278
"20210710014500",83.98056,22.93227,279.6225,363.4427,11.32646,151.5692,13.79355,7.755112,69.46431,101.0077,1.351247,0.2935331,-1.083149,-0.1179416,0.6499816,0.05773534,-0.004862547,3.85,283
"20210710014520",83.90704,22.96222,280.1157,363.4624,11.32605,151.7075,13.79253,7.735847,69.10584,101.0099,1.350064,0.2939163,-1.0773,-0.1176155,0.6505747,0.05773108,0.0003409386,4.34,271
"20210710014540",84.07646,23.02274,279.8696,363.6388,11.32968,151.7148,13.78137,7.746765,68.50097,101.0061,1.35279,0.2946911,-1.08043,-0.1152632,0.6506058,0.05768436,-0.00176239,4.44,281
"20210710014600",84.15198,23.12881,279.8924,363.6142,11.33654,151.6117,13.84045,7.73589,67.77775,101.0063,1.354006,0.2960487,-1.080584,-0.1161668,0.650164,0.05793162,-0.001687765,3.98,279
"20210710014620",84.41746,23.24132,280.9265,364.1098,11.35851,152.0532,13.80453,7.79625,67.62254,101.0042,1.358277,0.2974889,-1.069728,-0.1104779,0.6520571,0.0577813,0.002967596,4.76,278
"20210710014640",84.59803,23.51803,279.8326,363.8826,11.37988,151.8801,13.81284,7.82357,66.6476,101.0076,1.361182,0.3010308,-1.083964,-0.1155384,0.6513148,0.05781609,-0.002291679,3.93,296
"20210710014700",84.50059,23.51551,279.5793,363.7636,11.39741,151.6918,13.8192,7.902366,67.3209,101.0111,1.359615,0.3009985,-1.088036,-0.1186839,0.6505071,0.05784269,-0.0008058548,4.03,306
"20210710014720",84.29871,23.4172,279.6295,363.6655,11.40931,151.4831,13.85825,7.933727,68.05624,101.015,1.356366,0.2997401,-1.088178,-0.1210793,0.6496125,0.05800616,-0.0111661,3.63,287
"20210710014740",84.30261,23.36086,279.6566,363.7425,11.41697,151.9705,13.83097,7.903488,67.62957,101.0151,1.356429,0.2990189,-1.08833,-0.1205271,0.6517023,0.05789198,-0.003856659,4.71,297
"20210710014800",84.31741,23.41973,279.5947,363.8206,11.42987,151.9939,13.81314,7.939549,66.91024,101.012,1.356667,0.2997726,-1.089858,-0.1203682,0.6518028,0.05781735,-0.00410533,3.21,302
"20210710014820",84.27091,23.46251,279.6912,363.6338,11.43995,151.6631,13.85525,7.95065,67.73184,101.0138,1.355919,0.3003201,-1.08934,-0.1239445,0.6503841,0.05799357,-0.008239508,3.18,295
"20210710014840",84.21642,23.44821,279.9315,363.5601,11.44237,151.9836,13.81613,7.930176,68.31487,101.0124,1.355042,0.3001371,-1.086651,-0.1252346,0.6517584,0.05782984,-0.002011776,3.05,290
"20210710014900",84.33526,23.40369,280.2716,363.6086,11.44378,152.2053,13.82171,7.9021,68.19161,101.0122,1.356955,0.2995672,-1.082723,-0.1246211,0.6527094,0.0578532,-0.005876064,3.98,275
"20210710014920",84.38222,23.39368,280.3006,363.7828,11.44902,152.3755,13.87052,7.896072,67.63791,101.0161,1.35771,0.2994391,-1.082703,-0.1224263,0.653439,0.0580575,-0.000762701,4.75,272
"20210710014940",84.42858,23.50058,280.1454,363.834,11.4589,151.8068,13.86919,7.898254,67.14978,101.0163,1.358456,0.3008075,-1.085146,-0.1224351,0.6510004,0.05805194,0.002265453,3.91,288
"20210710015000",84.45677,23.52711,280.0801,363.7352,11.46898,152.1467,13.8711,7.9179,67.10268,101.014,1.358909,0.3011471,-1.086539,-0.1246966,0.6524581,0.05805992,-0.002941608,3.13,275
"20210710015020",84.27565,23.43518,280.6143,363.756,11.47381,151.8691,13.87878,7.964767,67.63174,101.0151,1.355995,0.2999703,-1.08053,-0.1247662,0.6512678,0.05809208,-0.001235724,2.47,306
"20210710015040",84.44194,23.56656,280.3828,364.1096,11.49236,152.1076,13.89835,7.916084,66.38358,101.0145,1.358671,0.301652,-1.08441,-0.1209321,0.6522904,0.05817399,0.0031569,3.63,311
"20210710015100",84.73351,23.77015,279.9854,364.1274,11.51433,152.1652,13.88842,7.992756,65.68632,101.0155,1.363362,0.3042579,-1.090461,-0.1223838,0.6525372,0.05813242,-0.005486727,2.97,309
"20210710015120",84.6999,23.83865,280.7988,364.2581,11.53469,152.2475,13.90645,8.11689,65.34048,101.0153,1.362822,0.3051347,-1.082113,-0.1220224,0.6528903,0.05820792,-0.002282858,3.26,306
"20210710015140",85.08098,24.02818,280.6385,364.3759,11.5742,152.2678,13.92138,8.226502,64.35322,101.0199,1.368953,0.3075607,-1.086446,-0.1233504,0.6529774,0.05827041,0.004067421,2.76,295
"20210710015200",85.24606,24.1233,281.1934,364.5693,11.61049,152.1622,13.87019,8.270729,63.65343,101.0157,1.371609,0.3087782,-1.082139,-0.1233024,0.6525244,0.05805612,-0.0002963543,3.1,306
"20210710015220",85.47889,24.24511,280.9309,364.3728,11.65585,152.2536,13.90211,8.347587,63.88574,101.0161,1.375355,0.3103375,-1.088044,-0.1297861,0.6529164,0.05818972,-0.0008249282,2.82,296
"20210710015240",85.46062,24.31221,280.8937,364.5186,11.7004,152.1676,13.91257,8.424198,63.31692,101.0182,1.375061,0.3111963,-1.091241,-0.1310967,0.6525475,0.05823351,-0.001351833,2.7,309
"20210710015300",85.40173,24.28508,280.9389,364.4505,11.74152,152.0996,13.88039,8.443462,63.88086,101.0183,1.374114,0.310849,-1.093253,-0.135334,0.652256,0.0580988,-0.002499342,2.55,302
"20210710015320",85.3764,24.27596,280.3798,364.4691,11.77297,152.1255,13.9264,8.522598,63.82478,101.0185,1.373706,0.3107323,-1.101806,-0.1375218,0.6523673,0.0582914,0.001018286,2.9,294
"20210710015340",85.1599,24.1715,280.2611,364.3096,11.79131,152.2726,13.91705,8.49453,63.82348,101.0211,1.370223,0.3093952,-1.104343,-0.1413424,0.6529978,0.05825226,-0.008943558,3.63,284
"20210710015400",84.77419,24.06343,280.2097,364.3516,11.80179,152.1303,13.89279,8.469074,62.99384,101.0228,1.364017,0.3080118,-1.105598,-0.1415353,0.6523879,0.05815073,-0.004706621,2.86,277
"20210710015420",84.62256,24.01258,280.3215,364.3054,11.81107,152.5052,13.95802,8.42807,63.19043,101.0204,1.361577,0.3073611,-1.104853,-0.1429525,0.6539954,0.05842375,-0.005439282,2.87,286
"20210710015440",84.42766,23.98296,280.1127,364.1395,11.81792,152.355,13.93374,8.385613,63.5198,101.0222,1.358441,0.3069818,-1.107745,-0.1459704,0.6533515,0.05832211,-0.00108695,2.35,309
"20210710015500",84.52559,24.01804,280.2832,364.2592,11.82881,152.4851,13.95969,8.385967,63.23792,101.0235,1.360017,0.3074309,-1.106405,-0.1450334,0.6539092,0.05843073,-0.004134894,2.34,310
"20210710015520",84.4451,23.96177,280.1531,364.1608,11.83183,152.6325,13.9289,8.341842,64.49644,101.0243,1.358722,0.3067106,-1.108129,-0.1467406,0.6545414,0.05830187,-0.005861282,2.32,302
"20210710015540",84.29075,23.88728,280.4595,364.07,11.82598,152.4803,14.02852,8.337685,65.18904,101.0265,1.356238,0.3057572,-1.104149,-0.1476399,0.6538885,0.05871884,-0.005832672,2.58,293
"20210710015600",84.22638,23.84125,280.9476,364.083,11.82135,152.5435,14.01489,8.241661,65.05,101.0295,1.355203,0.3051679,-1.098096,-0.1470829,0.6541597,0.05866181,0.008022785,3.11,287
"20210710015620",84.24613,23.93404,281.0288,364.4005,11.83324,152.5671,14.00032,8.258411,63.40364,101.0254,1.35552,0.3063558,-1.097875,-0.1432722,0.6542608,0.05860082,-0.005286932,2.36,283
"20210710015640",84.28767,23.94841,280.7177,364.2405,11.83768,152.5844,14.01212,8.313114,64.45386,101.0269,1.356189,0.3065397,-1.101825,-0.1460088,0.654335,0.05865018,-0.00667882,2.93,287
"20210710015700",84.20563,23.98779,280.4901,364.4185,11.84816,152.3502,13.97764,8.28812,63.87261,101.0271,1.354869,0.3070437,-1.105161,-0.1441711,0.6533308,0.05850586,-0.003461122,2.23,295
"20210710015720",84.21718,24.0019,280.1851,364.2968,11.85723,152.6099,14.02868,8.302666,63.99151,101.0276,1.355055,0.3072243,-1.109327,-0.146703,0.6544443,0.05871952,-0.003561735,2.53,301
"20210710015740",84.56679,24.09873,280.0362,364.0915,11.85441,153.2079,14.10269,8.287079,64.82105,101.0272,1.36068,0.3084638,-1.11091,-0.1495471,0.6570087,0.05902928,-0.004469395,2.82,283
"20210710015800",84.45943,24.00404,280.0537,364.0624,11.84332,153.2044,14.10426,8.274842,64.86417,101.0331,1.358952,0.3072517,-1.110016,-0.1491125,0.6569936,0.05903586,-0.001339912,3.1,278
"20210710015820",84.33402,23.86506,280.1814,364.1238,11.83526,153.1146,14.12403,8.206826,64.54714,101.0304,1.356934,0.3054729,-1.108009,-0.1475636,0.6566089,0.05911862,-0.004931927,2.75,282
"20210710015840",84.36571,23.90015,279.8846,364.0072,11.82034,153.4956,14.13703,8.221508,65.19899,101.0306,1.357444,0.305922,-1.110589,-0.1481356,0.6582425,0.05917303,-0.001988173,3.21,293
"20210710015900",84.65722,24.01289,279.6856,363.9268,11.80703,153.7869,14.25095,8.185219,65.56379,101.0291,1.362135,0.307365,-1.112114,-0.1482941,0.659492,0.05964988,-0.005797863,3.12,288
"20210710015920",84.91242,24.11071,279.8047,363.7007,11.78446,154.1236,14.26794,8.112473,66.59416,101.0309,1.366241,0.308617,-1.109308,-0.1499009,0.6609356,0.05972097,-0.00225234,2.73,303
"20210710015940",84.93438,24.04998,279.9537,363.639,11.75644,154.3257,14.33027,8.068771,67.75935,101.0305,1.366594,0.3078397,-1.105813,-0.1486273,0.6618026,0.05998189,7.772446e-05,3.05,282
"20210710020000",84.59913,23.77163,280.1298,363.6205,11.72983,153.933,14.28719,7.998115,67.9825,101.0352,1.3612,0.3042769,-1.102084,-0.1468182,0.6601185,0.05980157,0.0005640984,3.29,277
"20210710020020",84.21695,23.58823,279.8839,363.711,11.70967,153.5765,14.27252,7.96643,67.88721,101.0303,1.355051,0.3019294,-1.103741,-0.1438859,0.6585896,0.05974016,0.001796246,3.34,289
"20210710020040",83.3366,23.25416,279.7987,363.6618,11.68669,152.5316,14.09737,7.946289,67.97715,101.0322,1.340886,0.2976533,-1.103323,-0.1428216,0.6541088,0.05900705,-0.004151821,3.23,285
"20210710020100",82.90061,23.26174,279.774,363.6135,11.6625,151.906,14.01759,7.909302,68.49733,101.0316,1.333871,0.2977503,-1.102119,-0.1416511,0.6514257,0.05867311,-0.003896713,3.2,284
"20210710020120",82.98458,23.36965,280.1927,363.6479,11.63851,152.2864,14.05245,7.870686,68.5387,101.0315,1.335222,0.2991315,-1.095691,-0.1392599,0.653057,0.05881899,0.0004262924,1.95,284
"20210710020140",82.27306,23.23966,280.1259,363.7158,11.62238,150.8643,13.94529,7.825268,67.69842,101.0337,1.323774,0.2974676,-1.09548,-0.1369821,0.6469587,0.05837046,-0.001289129,2.44,280
"20210710020200",82.94931,23.59408,279.7678,363.5652,11.60545,152.3336,14.11278,7.888737,68.55117,101.0363,1.334655,0.3020043,-1.098662,-0.1379058,0.6532594,0.05907152,0.0003020763,2.07,301
"20210710020220",83.07482,23.72178,279.6976,363.4549,11.58852,152.5365,14.14767,7.861686,68.82601,101.0331,1.336674,0.3036388,-1.098445,-0.1382313,0.6541295,0.05921756,-0.002554655,2.39,309
"20210710020240",84.16349,24.13297,280.3547,363.74,11.58368,153.4172,14.23864,7.885952,68.56314,101.0313,1.354191,0.308902,-1.090385,-0.1335926,0.6579063,0.05959834,-0.001707315,2.58,297
"20210710020300",84.7277,24.35361,280.0367,364.1169,11.59577,154.0499,14.25359,7.868401,66.78519,101.0305,1.363269,0.3117262,-1.094888,-0.1289072,0.6606196,0.05966094,-0.005643606,4.33,304
"20210710020320",84.73213,24.37576,280.133,364.0624,11.599,153.8128,14.22813,7.95779,66.5882,101.032,1.36334,0.3120098,-1.09395,-0.1299752,0.659603,0.05955434,-0.002201796,2.69,292
"20210710020340",84.50206,24.24492,280.5198,363.985,11.60646,153.8078,14.20907,8.017666,66.77178,101.0316,1.359638,0.310335,-1.089843,-0.131713,0.6595813,0.05947455,-0.006673098,3.55,293
"20210710020400",84.45471,24.22458,280.9458,364.3122,11.63024,153.3564,14.15842,8.062374,65.95172,101.0366,1.358876,0.3100746,-1.086284,-0.1286883,0.6576456,0.05926257,0.002151012,3.22,304
"20210710020420",84.05998,24.17496,280.9346,364.9206,11.66351,152.2593,14.1173,8.132637,64.27267,101.0329,1.352525,0.3094395,-1.088475,-0.1222029,0.6529408,0.05909046,0.001667976,2.43,332
"20210710020440",83.24503,23.91565,280.3469,364.8886,11.70584,151.0571,13.86858,8.319183,63.01112,101.0329,1.339413,0.3061203,-1.098035,-0.1259935,0.6477854,0.05804939,-0.0006296634,3.95,294
"20210710020500",82.19633,23.564,279.4854,364.288,11.72438,149.8526,13.75478,8.476959,64.08408,101.0354,1.322539,0.3016192,-1.10936,-0.1364215,0.6426202,0.05757305,-0.002729893,3.36,308
"20210710020520",80.50441,22.9307,279.437,364.041,11.7387,148.2936,13.48108,8.393299,64.26939,101.0358,1.295316,0.293513,-1.110816,-0.1412319,0.6359348,0.05642746,-0.01027679,2.9,320
"20210710020540",79.4623,22.45496,279.699,363.872,11.74273,147.3146,13.42078,8.357155,65.11097,101.0366,1.278549,0.2874235,-1.107972,-0.144072,0.6317362,0.05617503,-0.004951716,2.17,306
"20210710020600",80.07252,22.58863,279.7342,363.6776,11.74354,149.1989,13.66111,8.255261,65.99754,101.0423,1.288367,0.2891345,-1.107606,-0.1470394,0.6398168,0.057181,-0.003235102,2.1,284
"20210710020620",83.06162,23.57543,279.9658,363.6762,11.7393,153.4635,14.1452,8.218311,66.03942,101.0423,1.336462,0.3017655,-1.104608,-0.1467276,0.6581051,0.05920724,0.001078367,2.45,290
"20210710020640",84.35714,24.00208,279.8843,363.8176,11.73487,154.2349,14.23721,8.187343,66.02835,101.0391,1.357306,0.3072267,-1.105296,-0.1442683,0.6614129,0.05959235,-0.007842302,2.76,291
"20210710020700",83.49918,23.63267,280.0659,363.7102,11.73104,153.5112,14.14525,8.148201,66.19704,101.039,1.343502,0.3024982,-1.102915,-0.1455748,0.6583094,0.05920744,-0.001483917,3.34,287
"20210710020720",83.71677,23.68597,280.1714,363.7411,11.72358,153.6152,14.2045,8.124756,66.75176,101.0404,1.347003,0.3031805,-1.101206,-0.1445272,0.6587555,0.05945544,-0.004366636,2.9,283
"20210710020740",83.5863,23.59163,280.2884,363.7877,11.71793,153.5017,14.16777,8.088104,67.14486,101.0406,1.344904,0.3019728,-1.099475,-0.1433891,0.658269,0.05930172,-0.002084494,3.21,286
"20210710020800",81.4282,22.72405,280.7067,364.1362,11.71431,150.7318,13.85304,8.062832,66.48569,101.0443,1.31018,0.2908678,-1.09431,-0.1378983,0.6463904,0.05798435,-0.001910925,3.23,278
"20210710020820",83.12432,23.42362,280.7659,364.8303,11.73829,152.9579,14.07217,8.072781,64.13525,101.0463,1.33747,0.2998223,-1.095096,-0.1294067,0.6559368,0.05890155,0.001065016,2.95,294
"20210710020840",84.12896,23.8243,280.5721,364.813,11.76611,154.1083,14.1793,8.2052,63.65337,101.0409,1.353635,0.304951,-1.099108,-0.1318457,0.6608699,0.05934998,-0.002890587,2.86,292
"20210710020900",85.05669,24.15738,280.6625,364.5543,11.78163,155.0379,14.35382,8.34475,64.63424,101.0432,1.368562,0.3092145,-1.099003,-0.1369276,0.6648564,0.06008046,0.002239466,2.93,289
"20210710020920",85.66445,24.34447,280.8762,364.5197,11.80522,155.6145,14.36495,8.369297,64.69023,101.0427,1.378341,0.3116092,-1.097939,-0.1392914,0.667329,0.06012704,0.007147312,2.57,306
"20210710020940",85.85515,24.44941,280.7521,364.6954,11.83848,155.7512,14.36111,8.341675,63.12852,101.0431,1.381409,0.3129525,-1.101467,-0.1392748,0.6679155,0.06011097,-0.001799583,3.45,305
"20210710021000",86.09981,24.50481,280.7921,364.6717,11.86348,156.0638,14.45503,8.441986,63.64144,101.0432,1.385346,0.3136615,-1.102544,-0.1415901,0.6692561,0.06050408,-0.0004589558,3.74,315
"20210710021020",86.03299,24.47735,280.7814,364.9136,11.89472,156.2542,14.47992,8.511658,62.93082,101.047,1.384271,0.3133101,-1.104609,-0.1404288,0.6700726,0.06060828,-0.003983736,3.3,321
"20210710021040",86.34678,24.59829,280.7541,364.8703,11.92355,156.385,14.48983,8.55299,62.49366,101.0452,1.38932,0.314858,-1.106721,-0.1433388,0.6706331,0.06064974,-0.002236843,2.44,312
"20210710021100",86.54534,24.66239,280.9021,364.7611,11.9431,156.6865,14.48524,8.587391,63.40106,101.0426,1.392515,0.3156786,-1.106187,-0.146506,0.6719262,0.06063053,0.0005731582,2.88,307
"20210710021120",86.53886,24.65177,280.9142,364.8568,11.9679,156.5344,14.51027,8.616497,63.36039,101.0419,1.39241,0.3155427,-1.107581,-0.147022,0.6712742,0.06073528,-0.004704952,1.88,310
"20210710021140",84.80362,23.94444,280.8165,364.709,11.98927,154.7619,14.25389,8.567146,63.32142,101.0427,1.36449,0.3064888,-1.110063,-0.1509085,0.6636728,0.05966216,-0.002334118,2.05,299
"20210710021200",86.17206,24.4558,280.9089,364.6676,12.00459,156.7712,14.4083,8.589318,62.94865,101.0424,1.386509,0.3130343,-1.109923,-0.1527294,0.6722895,0.0603085,0.008684635,2.25,300
"20210710021220",86.18219,24.42567,280.8671,364.5895,12.02031,156.6646,14.4807,8.571629,63.28833,101.0462,1.386672,0.3126486,-1.111394,-0.1551339,0.6718326,0.0606115,0.006775141,1.81,298
"20210710021240",86.11026,24.30132,281.0022,364.716,12.03221,156.6672,14.40724,8.59113,63.77652,101.0455,1.385514,0.3110569,-1.110537,-0.1541773,0.6718434,0.06030406,0.007656813,2.97,292
"20210710021300",85.92474,24.26715,280.8208,364.7342,12.04188,156.7592,14.45914,8.576214,63.1131,101.0419,1.382529,0.3106196,-1.113279,-0.1546649,0.6722379,0.06052129,0.006743431,2.88,289
"20210710021320",85.93686,24.17606,280.8217,364.7236,12.05075,156.9635,14.41685,8.56799,63.57536,101.0428,1.382724,0.3094536,-1.113821,-0.1555217,0.6731142,0.06034425,0.005784273,2.97,289
"20210710021340",85.80019,24.11033,280.8746,364.7085,12.05216,156.7886,14.51963,8.574352,64.06828,101.0417,1.380525,0.3086123,-1.113283,-0.1558568,0.6723641,0.06077448,0.009803057,3.22,297
"20210710021400",85.76279,24.09128,280.9697,364.8789,12.06123,156.8617,14.41286,8.541138,63.532,101.0417,1.379923,0.3083684,-1.112723,-0.1540247,0.6726777,0.06032757,0.006984234,3.27,307
"20210710021420",85.72514,24.08217,280.9855,364.8233,12.06587,157.0106,14.40444,8.545788,64.79009,101.043,1.379318,0.3082518,-1.112825,-0.1552197,0.6733163,0.06029232,0.007967949,2.22,301
"20210710021440",85.69095,24.06636,280.947,364.8006,12.07293,157.133,14.44815,8.505363,64.8238,101.046,1.378767,0.3080494,-1.11372,-0.1561157,0.6738409,0.06047527,0.009260178,3.38,306
"20210710021500",85.67368,24.03814,281.0726,364.7394,12.07091,157.1984,14.4373,8.49255,64.9873,101.0422,1.37849,0.3076882,-1.112111,-0.156871,0.6741216,0.06042986,0.0103631,3.2,313
"20210710021520",85.60973,23.99818,281.1228,364.8634,12.07696,157.3348,14.47811,8.470002,64.60521,101.041,1.377461,0.3071768,-1.111894,-0.1554941,0.6747066,0.0606007,0.009502411,3,321
"20210710021540",85.88289,23.9633,281.2398,364.8045,12.07595,157.694,14.45603,8.464581,64.74279,101.0407,1.381856,0.3067302,-1.11045,-0.156294,0.6762466,0.06050826,0.007509231,4.33,320
"20210710021600",85.74898,23.89455,281.283,364.9129,12.08401,157.5354,14.43646,8.467334,64.83856,101.0407,1.379701,0.3058502,-1.11044,-0.1553089,0.6755666,0.06042634,0.006474256,4.15,319
"20210710021620",85.86787,23.90846,281.1168,365.035,12.08905,157.672,14.44392,8.453194,64.25731,101.0417,1.381614,0.3060283,-1.112716,-0.1538804,0.6761524,0.0604576,0.006571293,2.89,321
"20210710021640",85.97386,23.96462,281.1598,364.9342,12.09611,157.7449,14.42563,8.467491,64.78374,101.0452,1.38332,0.3067472,-1.112646,-0.1559404,0.6764651,0.06038104,0.007488966,3.47,318
"20210710021700",85.99234,23.99201,281.1749,364.954,12.10195,157.8291,14.50261,8.477265,65.02014,101.0449,1.383617,0.3070978,-1.112832,-0.1561052,0.6768263,0.06070325,0.00945282,3.85,320
"20210710021720",85.67775,23.8315,281.108,364.9862,12.10296,157.3812,14.39717,8.470184,64.85651,101.0422,1.378555,0.3050432,-1.113685,-0.155704,0.6749056,0.06026191,0.008485556,4.01,321
"20210710021740",85.61941,23.76433,281.0064,364.8853,12.10377,157.641,14.34494,8.440453,65.31007,101.0421,1.377616,0.3041835,-1.114934,-0.1572737,0.6760196,0.06004326,0.007674456,3.56,320
"20210710021800",85.63235,23.64659,281.0033,364.7993,12.09913,157.8656,14.3553,8.404476,66.03679,101.0433,1.377825,0.3026764,-1.114682,-0.1581935,0.6769826,0.06008665,0.004875183,3.27,320
"20210710021820",85.75601,23.60801,281.0488,364.8196,12.09449,158.3523,14.42473,8.377899,65.64322,101.0442,1.379814,0.3021825,-1.113857,-0.1575253,0.6790701,0.06037725,0.007087946,3.41,326
"20210710021840",85.65214,23.53315,280.9763,364.7948,12.09409,158.0204,14.43901,8.349006,65.68592,101.049,1.378143,0.3012243,-1.114688,-0.1578649,0.6776466,0.06043702,0.008301497,3.48,323
"20210710021900",85.68238,23.54351,280.8304,364.8043,12.08885,158.1836,14.4003,8.31744,65.62626,101.0502,1.37863,0.3013569,-1.116084,-0.1573104,0.6783462,0.060275,0.007503033,3.11,321
"20210710021920",85.78498,23.60737,280.7892,364.8112,12.08683,158.2265,14.41362,8.313022,65.28824,101.0468,1.38028,0.3021744,-1.116446,-0.157049,0.6785303,0.06033076,0.007533312,2.76,323
"20210710021940",85.80048,23.56018,280.731,364.7055,12.08381,158.4941,14.4266,8.344456,65.88192,101.0471,1.38053,0.3015703,-1.116946,-0.158391,0.6796778,0.06038506,0.007317543,2.64,323
"20210710022000",85.87122,23.58525,280.7267,364.5994,12.07534,158.6783,14.39323,8.31187,65.89448,101.0485,1.381668,0.3018912,-1.116471,-0.1593111,0.6804678,0.0602454,0.008556366,2.89,322
"20210710022020",85.96632,23.61941,280.6825,364.6956,12.06587,158.7555,14.41661,8.29301,66.11325,101.0493,1.383198,0.3023284,-1.116403,-0.1571282,0.680799,0.06034326,0.007670879,3.49,313
"20210710022040",86.0269,23.64822,280.6183,364.7493,12.06305,158.898,14.48489,8.263474,66.26278,101.0496,1.384173,0.3026972,-1.116987,-0.1561041,0.6814098,0.06062906,0.009903193,2.98,320
"20210710022100",86.06574,23.6873,280.6466,364.6993,12.05257,159.1475,14.46645,8.298099,66.65947,101.054,1.384798,0.3031975,-1.116,-0.1560262,0.6824801,0.06055189,0.009665728,3.95,325
"20210710022120",86.15592,23.671,280.6143,364.8257,12.04712,159.2585,14.41356,8.272877,66.27319,101.05,1.386249,0.3029888,-1.116044,-0.1537107,0.682956,0.06033049,0.008823872,2.91,318
"20210710022140",86.27957,23.64804,280.6337,364.8668,12.04007,159.5449,14.4701,8.27256,66.1935,101.0505,1.388238,0.3026949,-1.115377,-0.1525425,0.6841841,0.06056714,0.00781107,4.58,311
"20210710022200",86.35219,23.67944,280.689,365.0648,12.03966,159.8196,14.5083,8.305004,65.82565,101.0507,1.389407,0.3030968,-1.1147,-0.1495533,0.6853623,0.06072704,0.008603573,4.19,305
"20210710022220",86.46163,23.74885,280.7659,365.1124,12.03624,159.9365,14.49889,8.329056,66.07039,101.0514,1.391168,0.3039853,-1.113577,-0.1485721,0.6858635,0.06068765,0.007423162,4.09,309
"20210710022240",86.49368,23.83884,280.6797,365.2141,12.03987,159.6308,14.44868,8.371616,65.06216,101.0501,1.391683,0.3051372,-1.114821,-0.1473376,0.6845526,0.06047749,0.01017714,3.55,311
"20210710022300",86.63211,23.86427,280.6982,365.17,12.04491,159.9997,14.4956,8.397594,65.08652,101.0554,1.393911,0.3054627,-1.114915,-0.1483917,0.6861343,0.0606739,0.005938053,3.61,309
"20210710022320",86.69422,23.8979,280.6495,365.1387,12.04289,160.0138,14.50794,8.428154,65.24146,101.0545,1.39491,0.3058931,-1.115364,-0.1487011,0.6861951,0.06072556,0.006743193,3.21,312
"20210710022340",86.70885,23.87969,280.7677,365.1831,12.0439,160.0143,14.51589,8.418983,65.04908,101.0505,1.395145,0.3056601,-1.114032,-0.1481169,0.686197,0.06075883,0.007821798,4.14,320
"20210710022400",86.73901,23.89803,280.629,365.1164,12.0445,160.2025,14.54832,8.413185,64.96969,101.0519,1.395631,0.3058948,-1.115708,-0.1491607,0.6870041,0.06089455,0.005831003,3.94,317
"20210710022420",86.9094,23.89036,280.6933,365.0308,12.03987,160.523,14.56221,8.440147,65.49699,101.0513,1.398372,0.3057966,-1.114661,-0.1500766,0.6883785,0.06095268,0.007676602,4.34,312
"20210710022440",87.07114,23.96475,280.6175,365.2188,12.04208,160.9534,14.62174,8.380459,65.09952,101.0523,1.400975,0.3067488,-1.115694,-0.1474426,0.6902243,0.06120188,0.00707078,4.46,306
"20210710022500",86.93869,23.94137,280.5652,365.1509,12.04128,160.8135,14.59888,8.409855,65.63093,101.0559,1.398844,0.3064496,-1.116262,-0.1483946,0.6896243,0.0611062,0.004838467,5.11,315
"20210710022520",86.96053,23.84811,280.5307,365.1664,12.04047,160.863,14.5542,8.387447,65.62797,101.0566,1.399195,0.3052558,-1.116619,-0.1480981,0.6898367,0.06091917,0.007022619,4.67,315
"20210710022540",87.01895,23.80323,280.5858,365.0991,12.03664,161.2096,14.55391,8.385353,65.34602,101.0519,1.400135,0.3046813,-1.11573,-0.1488043,0.691323,0.06091796,-0.001084566,5.85,315
"20210710022600",87.03622,23.83274,280.6613,365.1616,12.03543,161.1886,14.60197,8.358318,65.43032,101.052,1.400413,0.3050591,-1.114763,-0.1477738,0.6912327,0.06111911,0.006207704,5.51,321
"20210710022620",87.09116,23.87549,280.6057,365.1108,12.04027,161.5897,14.66629,8.335285,65.05298,101.0531,1.401297,0.3056063,-1.11572,-0.1489118,0.692953,0.06138833,0.005350351,4.98,314
"20210710022640",87.14953,23.82482,280.4297,365.023,12.03462,161.4816,14.64478,8.378303,65.38706,101.0556,1.402236,0.3049576,-1.11745,-0.1497826,0.6924892,0.06129832,0.006070137,3.94,311
"20210710022700",87.26457,23.8972,280.4251,365.0001,12.02878,161.8202,14.66382,8.351894,65.60095,101.0562,1.404087,0.3058842,-1.117139,-0.149665,0.6939414,0.06137802,0.003206015,4.32,318
"20210710022720",87.27162,23.94261,280.3274,364.9733,12.02898,161.799,14.69559,8.324703,66.0615,101.0623,1.4042,0.3064654,-1.118306,-0.1500816,0.6938506,0.061511,0.005423069,3.83,321
"20210710022740",87.23007,23.97613,280.2303,364.9165,12.02213,161.8939,14.7228,8.282418,66.10848,101.0592,1.403532,0.3068944,-1.119027,-0.1503902,0.6942573,0.06162488,0.007743358,4.09,318
"20210710022800",87.24584,23.91006,280.181,364.8475,12.01991,161.9105,14.66061,8.313046,66.17115,101.0597,1.403786,0.3060487,-1.119471,-0.1512455,0.6943286,0.06136456,0.006517887,3.51,326
"20210710022820",87.24538,23.88401,280.2479,364.7942,12.00983,162.0081,14.71205,8.262607,66.64638,101.0604,1.403778,0.3057153,-1.118055,-0.1512514,0.6947473,0.06157987,0.005849123,3.21,318
"20210710022840",87.36442,23.8999,280.1979,364.7758,12.00056,162.101,14.70038,8.253307,66.12033,101.0617,1.405694,0.3059187,-1.118069,-0.1507965,0.6951454,0.06153102,0.006928206,2.73,321
"20210710022900",87.34834,23.88087,280.3126,364.7354,11.99249,162.2414,14.66029,8.252781,66.46091,101.0624,1.405435,0.3056751,-1.116214,-0.1507681,0.6957478,0.06136325,0.006931782,3.29,317
"20210710022920",87.56002,23.86602,280.4609,364.7654,11.98322,162.4872,14.74267,8.247681,66.70681,101.066,1.408841,0.305485,-1.113887,-0.1495905,0.6968019,0.06170804,0.005951643,4.46,328
"20210710022940",87.50792,23.87218,280.3568,364.7967,11.98241,162.5859,14.70307,8.242912,66.26345,101.0656,1.408003,0.3055639,-1.115067,-0.1490601,0.6972248,0.06154228,0.009029389,3.26,329
"20210710023000",87.68586,23.90628,280.3422,364.6979,11.97657,162.6815,14.76802,8.285114,66.39758,101.067,1.410865,0.3060004,-1.114875,-0.1500768,0.6976347,0.06181414,0.007724762,2.92,326
"20210710023020",87.8177,23.90966,280.4029,364.6399,11.96991,163.0184,14.73595,8.261127,66.76947,101.0631,1.412987,0.3060436,-1.113746,-0.150421,0.6990798,0.06167992,0.006874085,3.04,333
"20210710023040",87.72734,23.88635,280.2212,364.6608,11.96226,162.9169,14.77782,8.275334,66.64179,101.0657,1.411533,0.3057453,-1.115416,-0.1495055,0.6986442,0.06185518,0.007791996,2.77,324
"20210710023100",87.75205,23.89857,280.243,364.6303,11.95863,162.7295,14.74182,8.228569,67.05336,101.0664,1.41193,0.3059017,-1.114933,-0.1496773,0.697841,0.0617045,0.007097721,2.92,321
"20210710023120",87.92393,23.98151,280.1211,364.6199,11.95036,163.1292,14.71413,8.230732,67.22475,101.067,1.414696,0.3069634,-1.11586,-0.1491823,0.6995548,0.0615886,0.008098126,2.23,323
"20210710023140",87.89864,24.0332,280.1596,364.5231,11.94371,163.3624,14.75584,8.216236,67.19864,101.0722,1.414289,0.307625,-1.114992,-0.1501068,0.7005546,0.06176316,0.009212494,2.59,315
"20210710023200",87.95059,24.09498,280.1049,364.4625,11.93282,163.4412,14.76968,8.193024,67.30108,101.072,1.415125,0.3084157,-1.114963,-0.1501595,0.7008926,0.06182111,0.00835681,2.32,312
"20210710023220",88.05439,24.16434,280.1402,364.4268,11.92456,163.4446,14.89091,8.212422,67.33259,101.0685,1.416795,0.3093035,-1.114033,-0.1500431,0.7009074,0.06232852,0.008223295,2.46,318
"20210710023240",88.10148,24.21469,280.1318,364.4618,11.91771,163.6158,14.77372,8.195236,67.2777,101.07,1.417553,0.309948,-1.113706,-0.1489818,0.7016414,0.06183802,0.00834179,2.65,309
"20210710023300",88.10131,24.23366,279.9496,364.461,11.91287,163.7098,14.80905,8.185574,67.17494,101.0695,1.41755,0.3101908,-1.115558,-0.1486142,0.7020444,0.06198588,0.009423018,2.38,327
"20210710023320",88.19746,24.30729,279.9443,364.4085,11.90682,164.1746,14.87978,8.14481,67.32552,101.0701,1.419097,0.3111333,-1.115247,-0.1489252,0.7040378,0.06228195,0.006658316,2.16,320
"20210710023340",88.35557,24.39682,280.1227,364.3449,11.89694,164.2654,14.86002,8.154129,67.12813,101.0722,1.421641,0.3122793,-1.112526,-0.1490991,0.704427,0.06219922,0.01065302,2.15,313
"20210710023400",88.53754,24.45344,280.0598,364.2816,11.88827,164.2999,14.90689,8.140457,67.40069,101.0734,1.424569,0.313004,-1.112732,-0.1493641,0.7045753,0.06239542,0.00668788,2.08,314
"20210710023420",88.46771,24.45049,279.8832,364.1877,11.87779,164.5872,14.89595,8.141807,67.8611,101.0695,1.423446,0.3129663,-1.114165,-0.1499433,0.7058074,0.06234965,0.00667882,1.61,322
"20210710023440",88.45319,24.43365,279.4991,363.8071,11.85965,164.6615,14.92449,8.155071,68.69986,101.0699,1.423212,0.3127507,-1.117579,-0.1542081,0.706126,0.06246909,0.001513243,1.41,27
"20210710023500",88.29867,24.37196,279.4675,363.3901,11.83647,164.7498,14.93519,8.079731,69.34111,101.0708,1.420726,0.3119611,-1.116514,-0.1586187,0.7065045,0.06251389,0.002031326,1.05,21
"20210710023520",88.44518,24.43698,279.4134,363.1658,11.80784,165.2499,14.95657,8.059937,69.61668,101.0712,1.423083,0.3127934,-1.115378,-0.1597244,0.708649,0.06260336,0.004197121,1.19,38
"20210710023540",88.28486,24.43882,279.5613,363.0904,11.77458,165.3343,14.90317,7.982189,69.61314,101.0712,1.420504,0.3128169,-1.11157,-0.1582432,0.7090112,0.06237986,0.004731655,0.77,33
"20210710023600",88.21894,24.47137,279.4639,363.0564,11.73366,165.427,14.99629,7.979546,69.82978,101.0757,1.419443,0.3132335,-1.110185,-0.155546,0.7094085,0.06276962,0.003735304,0.74,355
"20210710023620",88.11257,24.5258,279.4933,362.888,11.70947,165.1027,14.98231,7.932968,69.77277,101.0721,1.417731,0.3139302,-1.108342,-0.1561674,0.7080177,0.0627111,0.006084442,1.15,19
"20210710023640",88.15769,24.62379,279.5108,362.8224,11.68427,165.3376,14.97578,7.936398,69.74267,101.0713,1.418457,0.3151844,-1.106574,-0.1551736,0.7090252,0.06268379,0.003017426,1.27,19
"20210710023700",88.21233,24.71526,279.3365,362.5503,11.66371,165.6415,14.99466,7.912498,69.73786,101.0711,1.419336,0.3163553,-1.10736,-0.1576283,0.7103285,0.06276278,0.003181458,1.34,356
"20210710023720",88.35134,24.78284,279.4496,362.4889,11.63831,165.6315,14.9853,7.828289,70.59037,101.071,1.421573,0.3172203,-1.104452,-0.156558,0.7102855,0.06272362,0.004775524,1.55,6
"20210710023740",88.50019,24.78603,279.8144,362.6668,11.61513,166.2643,15.02331,7.768349,69.88705,101.0706,1.423968,0.3172612,-1.09871,-0.1520865,0.7129991,0.0628827,0.004173517,1.61,0.9999998
"20210710023800",88.7365,24.86379,280.0421,362.6176,11.60021,166.2022,14.98871,7.763226,70.26918,101.0736,1.42777,0.3182566,-1.095099,-0.1516548,0.7127331,0.06273788,0.008265495,2.24,344
"20210710023820",88.98002,24.93382,279.9521,363.0754,11.58872,166.44,15.04554,7.746307,69.58105,101.0734,1.431688,0.319153,-1.095451,-0.143916,0.7137528,0.06297575,0.01040983,1.84,346
"20210710023840",89.25134,25.00916,279.9631,363.2777,11.5869,166.4613,15.05124,7.79945,69.23537,101.0692,1.436054,0.3201172,-1.09521,-0.1407524,0.7138442,0.06299961,0.009030581,2.22,340
"20210710023900",89.53583,25.08838,279.9857,363.3213,11.58106,166.9013,15.08709,7.843788,69.07773,101.0697,1.440632,0.3211312,-1.094581,-0.139643,0.7157311,0.0631497,0.01176882,1.96,343
"20210710023920",89.58883,25.06461,280.1579,363.3551,11.58227,166.8577,15.07581,7.830967,68.89657,101.069,1.441484,0.3208271,-1.092622,-0.1392342,0.7155438,0.06310246,0.008814097,1.61,339
"20210710023940",89.74909,25.06127,280.2523,363.5495,11.58106,167.1235,15.12406,7.878734,68.34207,101.0688,1.444063,0.3207843,-1.091432,-0.1362346,0.7166838,0.06330442,0.009500265,1.76,325
"20210710024000",89.8821,25.061,280.2245,363.4722,11.58932,166.7983,15.06943,7.905937,67.86666,101.071,1.446203,0.3207808,-1.092272,-0.1380357,0.7152894,0.06307576,0.01235604,2.35,339
"20210710024020",89.93071,24.94273,280.1669,363.4006,11.60182,166.9923,15.07851,7.951222,67.57328,101.0732,1.446985,0.319267,-1.093723,-0.1400817,0.7161211,0.06311376,0.00900197,2.4,333
"20210710024040",90.30522,24.86942,280.1205,363.3894,11.61271,167.5022,15.00936,7.96072,67.6669,101.0696,1.453011,0.3183286,-1.094947,-0.141101,0.7183078,0.06282431,0.007922173,2.16,323
"20210710024100",90.20199,24.61005,280.2087,363.3106,11.61674,167.3117,14.95134,7.966374,68.57785,101.0681,1.45135,0.3150087,-1.094153,-0.1425943,0.7174908,0.06258149,0.00889802,2.28,324
"20210710024120",90.28895,24.52931,280.2747,363.5109,11.62803,167.4457,14.94096,7.990948,67.86487,101.0683,1.452749,0.3139752,-1.094073,-0.1404854,0.7180657,0.06253803,0.0107584,2.75,336
"20210710024140",90.60779,24.67336,280.2575,363.5584,11.64496,167.7227,14.99247,7.992306,67.15206,101.0691,1.457879,0.315819,-1.095323,-0.1411011,0.7192534,0.06275364,0.008719682,2.65,325
"20210710024200",90.61763,24.7452,280.3452,363.6071,11.6506,168.051,15.01272,8.032295,67.18015,101.0692,1.458038,0.3167385,-1.094636,-0.1408152,0.7206614,0.06283839,0.009459734,2.24,332
"20210710024220",90.72562,24.91625,280.4591,363.5908,11.65645,168.186,15.10378,8.040997,67.71644,101.0733,1.459775,0.318928,-1.093654,-0.1415175,0.7212401,0.06321954,0.009400368,2.26,332
"20210710024240",90.55133,24.92294,280.3822,363.5674,11.66169,168.3243,15.16271,8.043537,68.2211,101.0715,1.456971,0.3190137,-1.094886,-0.1422754,0.7218331,0.0634662,0.008368254,2.1,323
"20210710024300",90.76888,24.97908,280.2828,363.5625,11.66068,168.4005,15.15788,8.045711,68.3955,101.0704,1.460471,0.3197322,-1.095997,-0.1422694,0.7221602,0.06344597,0.008353234,2.37,322
"20210710024320",90.77602,24.95188,280.287,363.5541,11.66209,168.3424,15.16738,8.020912,68.30178,101.0705,1.460586,0.319384,-1.096034,-0.1425048,0.721911,0.06348576,0.007509231,2.93,323
"20210710024340",90.6657,24.90233,280.1788,363.5731,11.66129,168.4521,15.198,7.976474,68.20178,101.0711,1.458811,0.3187498,-1.097263,-0.1421588,0.7223812,0.0636139,0.00882864,2.54,323
"20210710024400",91.07844,24.98563,280.2956,363.5228,11.65988,169.0413,15.24992,7.919754,68.28967,101.0714,1.465452,0.3198161,-1.095797,-0.1428005,0.7249082,0.06383123,0.008203745,2.85,327
"20210710024420",91.09078,24.98144,280.2825,363.5098,11.65786,169.2135,15.29472,7.957974,68.57898,101.0775,1.465651,0.3197624,-1.095827,-0.1428367,0.7256464,0.06401877,0.007941246,2.63,328
"20210710024440",90.96251,24.90731,280.5534,363.6174,11.65383,169.0656,15.25942,7.920158,68.26843,101.0765,1.463587,0.3188136,-1.092377,-0.1409137,0.7250124,0.06387101,0.008201361,2.62,329
"20210710024500",91.77043,25.19877,280.7978,363.6873,11.65968,170.1098,15.37605,7.95245,68.31198,101.0726,1.476586,0.3225442,-1.089853,-0.1403267,0.7294902,0.06435919,0.01102281,3.11,333
"20210710024520",92.27787,25.43379,280.7206,363.7495,11.66673,170.4809,15.42161,7.967602,67.78138,101.0738,1.484751,0.3255526,-1.091201,-0.1399489,0.7310815,0.06454986,0.009903908,2.56,332
"20210710024540",92.76418,25.61887,280.651,363.7562,11.67096,170.8217,15.42117,7.947182,68.03953,101.0754,1.492576,0.3279215,-1.092284,-0.14018,0.732543,0.06454803,0.008015394,2.18,321
"20210710024600",93.27694,25.83224,280.4905,363.7467,11.67681,171.4482,15.53814,7.968178,67.94822,101.0755,1.500826,0.3306526,-1.094543,-0.1407813,0.7352298,0.06503762,0.008885861,2.61,322
"20210710024620",92.4143,25.50906,280.5257,363.8505,11.68205,169.6576,15.30728,8.003353,68.17219,101.0784,1.486946,0.326516,-1.094451,-0.1396401,0.7275508,0.06407132,0.008644104,2.79,331
"20210710024640",86.15495,23.26677,280.3592,363.7275,11.68266,160.1831,14.17474,7.990463,68.27891,101.0824,1.386233,0.2978147,-1.096454,-0.1415253,0.6869208,0.05933089,0.008732558,2.1,311
"20210710024700",80.51647,21.25339,280.2369,363.6601,11.67459,153.9256,13.43887,8.018509,68.49589,101.0788,1.29551,0.2720433,-1.0974,-0.1419011,0.6600864,0.05625077,0.008540154,2.45,313
"20210710024720",74.93677,19.16506,280.0915,363.5189,11.67076,146.4646,12.49376,7.985157,68.61854,101.0799,1.205733,0.2453128,-1.098882,-0.1437122,0.6280913,0.05229484,0.008768797,2.49,312
"20210710024740",70.00592,17.35294,279.9485,363.3358,11.66431,140.2779,11.71541,7.975853,68.89386,101.0809,1.126395,0.2221176,-1.100169,-0.1459411,0.6015606,0.04903693,0.008832693,2.85,301
"20210710024800",69.77178,17.30963,279.8307,363.2252,11.65927,143.3242,12.04916,7.975601,69.4169,101.0822,1.122628,0.2215632,-1.101249,-0.1471989,0.6146242,0.05043388,0.008834601,2.5,298
"20210710024820",74.7105,19.0705,279.8566,363.2688,11.64939,149.1468,12.78454,7.959492,69.93294,101.0825,1.202092,0.2441024,-1.100332,-0.1457738,0.6395933,0.05351194,0.009959698,3.33,294
"20210710024840",72.01121,18.03932,280.1016,363.6573,11.65504,143.0351,12.05616,7.96344,69.08409,101.0851,1.15866,0.2309033,-1.097787,-0.1404112,0.6133842,0.05046318,0.01196146,3.69,299
"20210710024900",67.23834,16.3581,280.093,363.7536,11.66189,138.2237,11.43399,7.981049,68.17235,101.0846,1.081865,0.2093836,-1.098314,-0.1395106,0.5927514,0.047859,0.01082659,3.61,301
"20210710024920",70.92468,17.75089,279.8904,363.9179,11.67681,146.1616,12.36991,8.048839,66.80524,101.0803,1.141178,0.2272115,-1.10163,-0.1382243,0.6267918,0.05177645,0.01137567,3.56,292
"20210710024940",77.45034,19.99261,279.8876,363.9132,11.6877,154.2981,13.33708,8.16309,66.90027,101.0809,1.246176,0.2559054,-1.102335,-0.1391455,0.661684,0.0558247,0.008562088,5.61,282
"20210710025000",85.73239,22.95,279.9581,364.085,11.7014,165.6993,14.56491,8.192654,66.73113,101.0838,1.379434,0.2937599,-1.102354,-0.137654,0.7105763,0.06096399,0.007344246,4.64,276
"20210710025020",90.83588,24.75445,279.9672,364.3591,11.71572,170.864,15.20734,8.23148,66.77622,101.0828,1.461549,0.3168569,-1.103132,-0.1346799,0.7327244,0.063653,0.009107828,5.14,267
"20210710025040",92.60086,25.34403,279.9254,364.4192,11.72539,172.2072,15.39177,8.22842,67.03787,101.0867,1.489948,0.3244036,-1.104224,-0.1345388,0.7384845,0.06442496,0.00912857,4.45,285
"20210710025100",92.79538,25.42893,280.1679,364.8514,11.74575,171.5236,15.36014,8.210754,66.06049,101.088,1.493078,0.3254904,-1.102621,-0.1296766,0.7355531,0.06429256,0.01127982,3.96,286
"20210710025120",92.85162,25.44267,280.05,364.7923,11.75966,172.3496,15.34736,8.274696,66.03211,101.0841,1.493983,0.3256661,-1.104875,-0.1316502,0.7390952,0.06423908,0.006781102,5.12,275
"20210710025140",92.45694,25.25176,279.9597,364.7161,11.77156,171.4268,15.31713,8.301582,66.24606,101.0858,1.487632,0.3232226,-1.106678,-0.1337199,0.735138,0.06411256,0.008627176,4.41,287
"20210710025200",92.00566,25.10814,279.9721,364.5534,11.77982,171.4685,15.32095,8.316174,66.61067,101.0872,1.480371,0.3213842,-1.107044,-0.1367986,0.7353167,0.06412854,0.006496668,3.9,289
"20210710025220",92.91218,25.50297,280.1161,364.4726,11.78788,172.8859,15.5322,8.276802,67.3559,101.0901,1.494957,0.326438,-1.105842,-0.138636,0.741395,0.06501276,0.008796692,3.52,297
"20210710025240",91.28202,24.94279,279.9731,364.399,11.79232,169.4911,15.11548,8.26152,67.60518,101.0919,1.468728,0.3192677,-1.107807,-0.1400862,0.7268368,0.06326851,0.006871938,3.15,297
"20210710025300",90.2717,24.59325,280.3629,364.6081,11.79917,169.5327,15.12551,8.206902,67.59961,101.0971,1.452472,0.3147936,-1.103628,-0.1374979,0.7270154,0.06331049,0.01029134,4.36,305
"20210710025320",90.4617,24.74813,280.2674,364.7564,11.81187,168.7307,15.01534,8.237602,67.07049,101.0977,1.455529,0.3167761,-1.105542,-0.1362781,0.7235762,0.06284937,0.008050918,3.44,310
"20210710025340",83.19986,22.06324,280.4138,364.7821,11.82558,157.7674,13.66308,8.276341,66.9849,101.099,1.338686,0.2824094,-1.104663,-0.13697,0.6765617,0.05718925,0.00880003,3.79,307
"20210710025400",83.58748,22.25666,280.5393,364.7934,11.83788,162.8106,14.26138,8.271606,66.3931,101.0982,1.344923,0.2848853,-1.103944,-0.1377658,0.6981887,0.05969351,0.01086259,4.38,305
"20210710025420",91.69816,25.10676,280.62,365.0902,11.85622,173.821,15.48929,8.3358,65.58035,101.0981,1.475423,0.3213666,-1.104129,-0.134771,0.7454048,0.06483317,0.006361961,5.04,295
"20210710025440",94.45166,26.06468,280.6468,365.5813,11.88727,175.0533,15.60793,8.372551,63.79974,101.0999,1.519727,0.333628,-1.105737,-0.1298688,0.7506894,0.06532973,0.01017046,3.98,307
"20210710025500",94.46669,26.15102,280.6506,365.484,11.91972,174.4802,15.66855,8.523246,64.23601,101.1033,1.519969,0.3347331,-1.107704,-0.1338686,0.748232,0.06558348,0.007106542,3.39,301
"20210710025520",94.07523,25.97352,280.8018,365.348,11.94613,174.0112,15.6273,8.535095,63.91955,101.1023,1.513671,0.3324611,-1.107559,-0.1379742,0.7462206,0.06541083,0.00905633,3.07,310
"20210710025540",94.31647,26.05721,280.7383,365.3008,11.97475,174.5616,15.62334,8.57251,63.93432,101.1002,1.517552,0.3335324,-1.110086,-0.1409273,0.7485807,0.06539424,0.007784366,3.21,319
"20210710025600",94.75512,26.14907,280.5764,365.3355,11.99854,175.0909,15.76232,8.618934,63.93622,101.1002,1.52461,0.334708,-1.113473,-0.1422766,0.7508506,0.06597596,0.009497166,2.53,315
"20210710025620",94.87178,26.18259,280.5742,365.2808,12.0187,175.556,15.77035,8.625023,64.18693,101.1014,1.526487,0.3351371,-1.114753,-0.1446789,0.7528454,0.06600958,0.008440018,2.72,307
"20210710025640",94.95123,26.18718,280.4217,365.2017,12.03503,175.9396,15.82268,8.620876,64.79049,101.1026,1.527765,0.3351959,-1.117568,-0.1471429,0.7544902,0.06622864,0.00846839,2.21,285
"20210710025700",94.91134,26.13894,280.254,365.2058,12.04833,175.8679,15.79466,8.595608,63.70217,101.1059,1.527124,0.3345784,-1.120376,-0.1481277,0.7541828,0.06611132,0.00864172,1.96,270
"20210710025720",94.31602,25.90746,280.209,365.074,12.05257,175.3271,15.71087,8.615638,64.28023,101.1077,1.517545,0.3316155,-1.121169,-0.1504281,0.7518637,0.06576064,0.006473541,1.71,261
"20210710025740",93.91234,25.68945,280.1854,364.8925,12.04974,175.3366,15.7302,8.5583,65.33088,101.1053,1.51105,0.3288249,-1.121273,-0.1529187,0.7519043,0.06584154,0.007882357,2.09,284
"20210710025800",94.12871,25.66194,280.0259,364.7544,12.04329,176.3812,15.84396,8.535549,65.56725,101.1065,1.514531,0.3284728,-1.122757,-0.1544763,0.756384,0.06631767,0.006006718,3.57,293
"20210710025820",94.81678,25.81289,280.0141,364.7336,12.03442,177.3064,15.91173,8.435852,64.95521,101.106,1.525602,0.330405,-1.122344,-0.1540899,0.7603515,0.06660135,0.005675316,4.22,286
"20210710025840",94.82066,25.84575,279.7107,364.551,12.01809,177.5355,15.9104,8.370578,65.38842,101.1067,1.525665,0.3308256,-1.124913,-0.1555344,0.7613342,0.06659579,0.007138252,3.76,285
"20210710025900",94.7647,25.80594,279.8815,364.5278,12.00056,177.7984,15.89262,8.28851,65.39547,101.1066,1.524764,0.330316,-1.121806,-0.1545022,0.7624614,0.06652136,0.007701635,3.4,278
"20210710025920",94.75084,25.73864,279.9281,364.5182,11.97717,178.0445,15.9918,8.268398,65.67306,101.1107,1.524541,0.3294546,-1.119804,-0.1528093,0.7635167,0.06693648,0.006824732,2.39,272
"20210710025940",94.64715,25.70659,279.9842,364.4971,11.95641,177.9281,15.97331,8.192226,65.92876,101.1064,1.522873,0.3290443,-1.117853,-0.1514945,0.7630178,0.06685911,0.007347346,2.62,260
"20210710030000",94.7295,25.70969,280.0075,364.4229,11.93544,178.2573,15.97597,8.156826,66.49351,101.1061,1.524198,0.3290841,-1.116276,-0.1509572,0.7644295,0.06687024,0.00962019,2.15,262
"20210710030020",94.84951,25.68349,280.1638,364.3923,11.91206,178.3916,15.97871,8.136738,66.83998,101.1082,1.526129,0.3287486,-1.112979,-0.1495771,0.7650054,0.06688169,0.00874281,2.81,268
"20210710030040",94.81027,25.64593,279.9304,364.3738,11.89472,178.3544,16.04227,8.132763,66.82397,101.1052,1.525497,0.3282678,-1.11466,-0.1484934,0.7648457,0.06714777,0.009785414,2.33,272
"20210710030100",94.92495,25.68439,279.9539,364.3413,11.87779,178.6396,16.04554,8.098801,66.58274,101.1061,1.527342,0.3287601,-1.113331,-0.1476493,0.7660687,0.06716142,0.009003401,2.3,272
"20210710030120",95.21406,25.82477,279.9805,364.3097,11.86207,178.9653,16.09125,8.071518,67.17371,101.1065,1.531994,0.3305571,-1.112043,-0.1468887,0.7674654,0.06735278,0.007161618,2.51,281
"20210710030140",95.42908,25.92677,279.937,364.2484,11.84433,179.0508,16.0899,8.054218,67.85191,101.1086,1.535454,0.3318627,-1.111457,-0.1464125,0.7678321,0.06734711,0.010324,3.32,291
"20210710030200",93.19865,25.1844,280.1797,364.4606,11.83747,174.1274,15.46631,8.027657,66.73406,101.111,1.499566,0.3223603,-1.108165,-0.1427053,0.7467188,0.06473697,0.009491921,2.83,291
"20210710030220",83.80486,21.90798,279.9081,364.3706,11.83324,159.5941,13.77982,8.044655,66.32151,101.113,1.34842,0.2804221,-1.111111,-0.1437196,0.6843952,0.05767788,0.01140428,2.14,286
"20210710030240",79.94339,20.48887,279.6541,363.992,11.81913,160.5967,13.8843,8.076233,67.19328,101.1084,1.286289,0.2622576,-1.113235,-0.1482675,0.6886948,0.05811518,0.01118755,1.85,298
"20210710030300",91.285,24.62782,279.8354,363.9727,11.81147,177.4659,15.79547,8.065686,67.25274,101.1091,1.468776,0.3152361,-1.110619,-0.1479547,0.7610356,0.06611472,0.01024556,1.89,303
"20210710030320",95.86158,26.36468,279.8979,364.1302,11.80845,180.3736,16.19285,8.052128,66.05852,101.1088,1.542413,0.3374679,-1.109694,-0.1453639,0.7735046,0.06777803,0.01033855,1.83,295
"20210710030340",96.35978,26.50728,279.5746,363.9988,11.80099,180.601,16.24219,8.041523,66.64827,101.1099,1.550429,0.3392932,-1.113051,-0.1467452,0.7744802,0.06798455,0.007367134,1.78,296
"20210710030400",96.3423,26.49863,279.7281,364.0108,11.79131,180.6407,16.21742,8.03751,67.53343,101.1105,1.550148,0.3391825,-1.110638,-0.1458059,0.7746502,0.06788088,0.0084095,1.53,294
"20210710030420",96.45974,26.58003,279.9427,364.117,11.78748,180.8603,16.23551,8.021164,66.79778,101.1125,1.552037,0.3402244,-1.107865,-0.1439191,0.7755921,0.06795661,0.01258016,1.93,305
"20210710030440",96.7581,26.6927,280.1864,364.2248,11.78768,180.6804,16.26583,8.040306,66.11842,101.109,1.556838,0.3416666,-1.105001,-0.1423249,0.7748204,0.06808352,0.01244879,2.05,304
"20210710030500",96.95238,26.82257,280.1651,364.2604,11.78829,181.323,16.31609,8.071373,65.50735,101.1097,1.559964,0.343329,-1.10529,-0.1418398,0.7775762,0.06829388,0.01325035,2.3,314
"20210710030520",97.12755,26.91598,280.9742,364.4995,11.80341,181.306,16.32346,8.103534,65.2766,101.1095,1.562782,0.3445245,-1.09667,-0.1394527,0.7775035,0.06832472,0.0110004,2.04,333
"20210710030540",97.51967,27.09574,281.1502,365.2304,11.83364,181.8153,16.40237,8.1572,63.90479,101.1085,1.569091,0.3468254,-1.096467,-0.1309049,0.7796875,0.06865502,0.01367688,3.1,343
"20210710030600",98.17153,27.33111,281.0889,365.3669,11.87154,182.378,16.39015,8.399315,63.27288,101.1079,1.57958,0.3498382,-1.09954,-0.1318381,0.7821004,0.06860385,0.01303315,2.64,325
"20210710030620",98.57254,27.44963,281.0253,365.4969,11.91367,182.7569,16.42402,8.507477,62.68133,101.1144,1.586032,0.3513553,-1.102904,-0.1332004,0.7837254,0.06874563,0.01229215,2.61,326
"20210710030640",98.60357,27.39748,280.684,365.2889,11.94593,182.3876,16.38135,8.631336,62.3111,101.1119,1.586532,0.3506878,-1.108937,-0.1388412,0.7821418,0.06856703,0.009412527,2.69,325
"20210710030700",98.64971,27.32909,280.6037,365.1395,11.97455,182.9962,16.52311,8.681725,62.59471,101.1099,1.587274,0.3498123,-1.111662,-0.1433203,0.7847514,0.06916038,0.008051634,2.92,320
"20210710030720",98.56974,27.24179,280.8107,365.1762,12.00197,182.9747,16.4522,8.63927,61.6241,101.1115,1.585987,0.348695,-1.11092,-0.1449245,0.7846591,0.06886359,0.008342505,2.46,314
"20210710030740",98.5673,27.19342,280.9583,365.2228,12.02898,182.846,16.47641,8.643768,61.87751,101.112,1.585948,0.3480758,-1.110856,-0.146353,0.7841076,0.06896492,0.008311749,2.57,316
"20210710030800",98.60417,27.12313,280.8569,365.1888,12.05418,183.0932,16.4025,8.643543,62.00566,101.1127,1.586541,0.3471761,-1.113617,-0.1488397,0.7851676,0.06865556,0.008312941,2.28,319
"20210710030820",98.43846,27.05819,281.1544,365.3535,12.07333,183.0733,16.45282,8.648289,62.48591,101.1148,1.583875,0.3463448,-1.111295,-0.1478863,0.7850822,0.0688662,0.01234365,2.72,328
"20210710030840",98.9067,27.21,281.33,365.8408,12.11143,183.958,16.48721,8.677952,60.94547,101.1166,1.591409,0.348288,-1.111589,-0.1436017,0.7888761,0.06901012,0.01112461,2.49,315
"20210710030900",99.28582,27.31182,280.6048,365.6911,12.14288,184.0434,16.53024,8.773678,61.33583,101.1136,1.597509,0.3495912,-1.122109,-0.1483128,0.7892422,0.06919023,0.008437395,2.26,340
"20210710030920",99.19341,27.22208,280.2908,365.2391,12.15336,184.3112,16.6,8.789597,62.80639,101.1121,1.596022,0.3484427,-1.126469,-0.1558895,0.7903905,0.06948222,0.006296873,2.54,336
"20210710030940",99.1253,27.05614,280.333,365.0271,12.15961,185.0029,16.62914,8.725262,63.18133,101.1126,1.594926,0.3463186,-1.12636,-0.1595486,0.7933571,0.06960419,0.007753372,2.2,333
"20210710031000",98.98914,26.90441,280.4394,365.1206,12.1592,185.1011,16.59464,8.635102,64.02277,101.1131,1.592735,0.3443764,-1.125079,-0.1581206,0.7937778,0.06945978,0.008371114,1.78,323
"20210710031020",99.07918,26.84984,280.2562,365.0304,12.15558,185.7225,16.63112,8.558758,64.58567,101.1136,1.594184,0.3436779,-1.127016,-0.159183,0.7964429,0.0696125,0.005847931,1.73,327
"20210710031040",98.97822,26.83674,280.3347,365.0154,12.14408,185.7201,16.59159,8.527042,65.51452,101.1169,1.59256,0.3435103,-1.125374,-0.1585005,0.7964326,0.06944704,0.00606513,1.15,325
"20210710031100",99.05558,26.94709,280.3386,364.8715,12.12937,186.0592,16.73543,8.45594,66.27729,101.1132,1.593804,0.3449227,-1.124413,-0.1594937,0.7978866,0.0700491,0.01061416,2.11,354
"20210710031120",99.20082,27.05509,280.4277,365.1009,12.11989,186.0404,16.74354,8.424366,64.71474,101.1149,1.596141,0.3463051,-1.122772,-0.155323,0.797806,0.07008305,0.009814978,2.24,338
"20210710031140",99.25898,27.15405,280.2691,365.167,12.11768,186.4179,16.75565,8.409405,64.4639,101.1139,1.597077,0.3475719,-1.124507,-0.15416,0.7994248,0.07013372,0.01093316,2.34,330
"20210710031200",99.31486,27.16339,280.0817,364.9647,12.1082,186.7568,16.75383,8.424877,65.39764,101.1137,1.597976,0.3476914,-1.126132,-0.1564375,0.8008781,0.07012613,0.009811878,2.33,338
"20210710031220",99.43811,27.1798,280.4959,365.1329,12.108,186.5832,16.79971,8.432636,64.78438,101.1147,1.599959,0.3479014,-1.121226,-0.1539081,0.8001337,0.07031814,0.01178908,2.49,323
"20210710031240",99.56594,27.26503,280.3708,365.1938,12.10982,186.6508,16.85371,8.415138,64.38698,101.1182,1.602016,0.3489924,-1.122816,-0.153139,0.8004238,0.07054418,0.01292443,2.04,311
"20210710031300",99.71014,27.31112,280.387,365.2104,12.10719,186.9706,16.80515,8.410595,64.59107,101.1186,1.604336,0.3495824,-1.122463,-0.1526885,0.8017951,0.0703409,0.01194048,2.01,322
"20210710031320",99.91667,27.39032,280.4293,365.2864,12.11183,187.1537,16.85165,8.402138,63.10973,101.115,1.607659,0.3505961,-1.12225,-0.1519154,0.8025804,0.07053555,0.01098299,1.94,328
"20210710031340",100.1248,27.48296,280.529,365.3651,12.1209,187.4068,16.89454,8.4506,62.03807,101.1154,1.611007,0.3517818,-1.121639,-0.1514545,0.8036658,0.07071506,0.0116663,1.95,338
"20210710031400",100.3586,27.57457,280.513,365.3714,12.13058,187.7214,16.88313,8.477169,61.48271,101.1154,1.61477,0.3529545,-1.122429,-0.1521206,0.8050146,0.07066733,0.01148439,1.53,332
"20210710031420",100.4978,27.58665,280.4885,365.3206,12.14086,187.6636,16.89065,8.555618,61.83815,101.1165,1.617009,0.3531091,-1.123357,-0.1536888,0.8047668,0.07069882,0.01196194,1.43,317
"20210710031440",100.4795,27.66272,280.4472,365.343,12.14812,187.8749,16.8676,8.558162,61.29346,101.1199,1.616716,0.3540828,-1.124295,-0.1539241,0.8056731,0.07060234,0.01092935,0.94,311
"20210710031500",100.6124,27.76216,280.4664,365.3123,12.15316,188.0092,16.91054,8.578926,61.11104,101.1214,1.618853,0.3553556,-1.124384,-0.1547812,0.8062491,0.07078204,0.01078701,1.12,307
"20210710031520",100.784,27.84013,280.4555,365.3348,12.16485,188.3437,16.93394,8.585312,61.35014,101.1179,1.621614,0.3563537,-1.12524,-0.1553646,0.8076834,0.07088002,0.01074362,1.13,321
"20210710031540",100.8744,27.84096,280.532,365.2829,12.16626,188.4696,16.93721,8.63345,62.07395,101.1183,1.62307,0.3563643,-1.124424,-0.1562512,0.8082232,0.07089367,0.009397983,2.45,310
"20210710031600",100.9312,27.80944,280.6499,365.458,12.17654,188.7826,17.02119,8.637661,61.71969,101.119,1.623984,0.3559609,-1.123671,-0.1544443,0.8095658,0.07124522,0.0103848,2.1,321
"20210710031620",101.1719,27.81014,280.4926,365.397,12.18239,189.148,17.04158,8.612938,61.50412,101.119,1.627856,0.3559698,-1.125891,-0.1558149,0.8111326,0.07133056,0.009538412,2.24,322
"20210710031640",101.386,27.76814,280.577,365.3286,12.184,189.5276,17.1023,8.603241,62.68441,101.1213,1.631301,0.3554322,-1.124996,-0.1569634,0.8127602,0.07158471,0.00960517,3.05,323
"20210710031700",101.4599,27.6805,280.542,365.4863,12.18843,189.6982,17.16959,8.595993,61.77016,101.1255,1.632489,0.3543104,-1.125687,-0.154958,0.8134922,0.07186636,0.01067019,2.71,331
"20210710031720",101.6421,27.78179,280.634,365.5951,12.19831,190.1069,17.17708,8.600746,61.388,101.1226,1.635422,0.3556069,-1.125212,-0.1541091,0.8152446,0.0718977,0.01165366,2.22,335
"20210710031740",101.9305,27.9126,280.9132,365.5616,12.20516,190.4062,17.16903,8.626938,60.98256,101.1214,1.640061,0.3572812,-1.122343,-0.1551495,0.816528,0.07186402,0.0124898,1.78,355
"20210710031800",102.079,28.00352,281.1642,365.7503,12.2229,190.6107,17.2586,8.654221,60.25332,101.1204,1.642452,0.3584451,-1.120483,-0.1537273,0.8174052,0.07223891,0.01331878,1.94,340
"20210710031820",102.3576,28.10467,281.3122,365.8532,12.24407,190.9716,17.28724,8.704376,60.45605,101.1202,1.646933,0.3597397,-1.120053,-0.1538564,0.8189526,0.0723588,0.01195979,2.3,354
"20210710031840",102.5042,28.18945,281.266,365.8158,12.26604,190.9641,17.23319,8.765167,60.6304,101.1209,1.649292,0.360825,-1.121967,-0.1561475,0.8189204,0.07213258,0.01154351,2.76,343
"20210710031900",102.8195,28.30224,281.3155,365.9544,12.29285,191.3751,17.31377,8.801567,60.32464,101.1247,1.654365,0.3622686,-1.123051,-0.1561871,0.8206832,0.07246986,0.0112946,2.52,354
"20210710031920",103.0425,28.33293,281.0835,365.9696,12.32229,191.5132,17.24502,8.84132,61.16097,101.1253,1.657954,0.3626615,-1.127626,-0.158282,0.8212752,0.07218207,0.01000643,2.77,346
"20210710031940",103.0321,28.25968,280.7599,365.7632,12.33418,191.8875,17.25502,8.8769,61.4922,101.1213,1.657786,0.3617239,-1.132187,-0.1623005,0.8228802,0.07222394,0.006714582,3.42,339
"20210710032000",103.0382,28.08419,280.9099,365.8281,12.3491,192.5236,17.26836,8.837265,62.13696,101.1207,1.657884,0.3594776,-1.131347,-0.1625074,0.8256084,0.07227978,0.01003456,3.75,341
"20210710032020",103.0779,28.02318,280.5881,365.8157,12.35837,192.6983,17.26737,8.79607,62.11648,101.1211,1.658523,0.3586967,-1.135724,-0.163425,0.8263574,0.07227562,0.007268429,3.27,329
"20210710032040",102.8965,27.80786,280.6017,365.6895,12.35494,192.9608,17.24715,8.7094,62.922,101.1217,1.655605,0.3559406,-1.135351,-0.1650409,0.8274834,0.07219098,0.008877278,3.77,330
"20210710032100",102.9316,27.6685,280.6714,365.9187,12.3495,193.1785,17.28421,8.665222,62.47809,101.1239,1.656169,0.3541568,-1.134187,-0.1611862,0.8284168,0.07234611,0.01019645,3.62,330
"20210710032120",103.0371,27.68566,280.7182,366.0035,12.34789,193.3747,17.33449,8.641686,62.79452,101.1277,1.657867,0.3543765,-1.133536,-0.1597937,0.8292581,0.07255658,0.008325815,3.05,321
"20210710032140",103.1922,27.79735,280.5921,366.0733,12.34607,193.4648,17.28097,8.646259,62.27659,101.123,1.660362,0.3558061,-1.13491,-0.1586067,0.8296445,0.07233256,0.01032591,3.49,325
"20210710032200",103.3106,27.81212,280.5994,365.8931,12.33418,194.1758,17.42882,8.646526,62.7243,101.1236,1.662267,0.3559951,-1.134083,-0.1603598,0.8326934,0.0729514,0.006261349,3.5,324
"20210710032220",103.4148,27.83665,280.5615,365.9132,12.32833,194.4918,17.33395,8.575512,62.8763,101.1245,1.663944,0.3563091,-1.134167,-0.1596011,0.8340485,0.0725543,0.007763862,3.6,317
"20210710032240",103.6263,27.9048,280.5604,365.8214,12.31745,194.9276,17.41798,8.546162,63.58412,101.1258,1.667348,0.3571814,-1.133502,-0.1601136,0.8359174,0.07290605,0.008980751,4.56,327
"20210710032300",103.681,27.81735,280.5883,365.7682,12.30152,194.7859,17.46986,8.520607,63.54885,101.1236,1.668228,0.3560621,-1.132179,-0.1596516,0.8353098,0.07312317,0.008140087,4.48,318
"20210710032320",103.4848,27.78155,280.5385,366.0609,12.29265,194.8946,17.51204,8.485134,62.732,101.1302,1.665071,0.3556039,-1.132217,-0.1545817,0.835776,0.07329971,0.01041389,2.55,320
"20210710032340",103.6591,27.93756,280.3848,365.8116,12.27653,195.3991,17.44291,8.503266,63.17432,101.1303,1.667876,0.3576008,-1.133026,-0.157035,0.8379394,0.07301037,0.008259058,3.53,314
"20210710032400",103.6425,27.95732,280.3027,365.7275,12.26,195.0733,17.43779,8.482033,63.90253,101.1308,1.667608,0.3578537,-1.132967,-0.1569904,0.8365424,0.07298894,0.01043558,2.71,321
"20210710032420",103.7981,27.97818,280.273,365.6274,12.24568,195.6123,17.41826,8.478924,64.41747,101.132,1.670111,0.3581207,-1.132426,-0.1573587,0.8388536,0.07290722,0.006394863,2.51,341
"20210710032440",103.9012,27.93411,280.3085,365.5475,12.2229,195.9204,17.55867,8.453483,65.71793,101.1333,1.67177,0.3575566,-1.130588,-0.1567568,0.8401749,0.07349491,0.006569624,2.07,332
"20210710032500",103.968,28.00221,280.2581,365.4895,12.20154,196.0579,17.56804,8.369198,66.36313,101.1334,1.672844,0.3584283,-1.129854,-0.1559406,0.8407647,0.07353415,0.01019359,2.29,333
"20210710032520",104.1528,28.06718,280.3142,365.4592,12.18299,196.753,17.59719,8.319614,65.9326,101.1346,1.675818,0.3592599,-1.128037,-0.1549328,0.8437452,0.07365614,0.008503437,2.54,328
"20210710032540",104.3406,28.14399,280.4121,365.4848,12.16485,196.6211,17.61004,8.301502,65.38332,101.1354,1.678841,0.3602431,-1.125753,-0.1531241,0.8431797,0.07370994,0.009642601,2.16,329
"20210710032600",104.6133,28.28863,280.2523,365.5228,12.15598,197.0371,17.66648,8.296944,65.36233,101.1312,1.683227,0.3620945,-1.127087,-0.1518565,0.8449639,0.07394618,0.01068878,1.96,315
"20210710032620",104.8492,28.42758,280.1375,365.5013,12.13985,197.3246,17.64226,8.31094,66.18836,101.1325,1.687024,0.363873,-1.127441,-0.1509104,0.8461966,0.07384481,0.009577751,1.63,335
"20210710032640",104.981,28.49076,280.2762,365.4956,12.12594,197.6763,17.67807,8.272526,65.84394,101.133,1.689144,0.3646817,-1.124936,-0.1499011,0.847705,0.0739947,0.01085615,2.62,328
"20210710032700",105.0602,28.55008,280.4235,365.5739,12.11768,197.8691,17.6873,8.29483,65.67168,101.1335,1.690418,0.365441,-1.122683,-0.1480807,0.8485315,0.07403332,0.01070333,2.83,326
"20210710032720",105.5163,28.65143,280.13,365.6229,12.11163,198.6471,17.79862,8.343628,65.4284,101.1366,1.697757,0.3667384,-1.125774,-0.1468727,0.8518678,0.07449928,0.01138401,2.41,335
"20210710032740",105.7307,28.6728,280.1469,365.5246,12.10336,198.9148,17.79604,8.35941,65.14834,101.1399,1.701207,0.3670118,-1.12506,-0.1476901,0.8530161,0.07448846,0.008230448,3.02,344
"20210710032800",106.0042,28.74906,280.1044,365.5426,12.09994,199.154,17.78647,8.373775,65.09378,101.1359,1.705607,0.367988,-1.125349,-0.1471537,0.8540418,0.07444841,0.009147167,3.03,342
"20210710032820",106.1428,28.8028,280.0526,365.4954,12.09712,199.3491,17.84599,8.374702,65.4473,101.1375,1.707837,0.3686759,-1.125784,-0.1476362,0.8548784,0.07469754,0.01218653,2.49,335
"20210710032840",106.3765,28.95667,280.1616,365.5196,12.09308,200.0193,17.89525,8.377678,64.75707,101.1378,1.711599,0.3706454,-1.124247,-0.1469572,0.8577522,0.07490375,0.009120226,2.89,353
"20210710032900",106.816,29.11349,280.1405,365.5847,12.09651,200.3467,17.9263,8.345955,64.68964,101.1393,1.718669,0.3726527,-1.124709,-0.1462533,0.8591566,0.0750337,0.01238346,2.41,353
"20210710032920",106.8908,29.16725,280.0139,365.4208,12.09308,200.5526,17.94038,8.357758,65.44874,101.1395,1.719874,0.3733408,-1.125991,-0.148433,0.8600395,0.07509262,0.008241654,1.98,352
"20210710032940",107.0312,29.27363,279.885,365.3787,12.09308,200.9975,17.93958,8.383072,66.06416,101.1449,1.722131,0.3747025,-1.127513,-0.1490631,0.8619475,0.07508927,0.006037474,1.85,23
"20210710033000",107.084,29.31371,280.1508,365.2345,12.08966,201.0183,18.01047,8.354725,66.26176,101.1432,1.722981,0.3752155,-1.124162,-0.1509478,0.8620364,0.07538599,0.009277582,2.72,22
"20210710033020",107.3253,29.32159,280.1575,365.1882,12.08946,201.6018,18.06195,8.33921,66.32749,101.141,1.726865,0.3753163,-1.12407,-0.1516231,0.8645389,0.0756015,0.01039934,3.24,6
"20210710033040",107.4604,29.43373,280.0416,365.2718,12.08905,201.6648,18.04379,8.328998,66.2187,101.1415,1.729037,0.3767517,-1.125413,-0.1503434,0.8648089,0.07552545,0.01046896,3.07,15
"20210710033100",107.6988,29.50547,279.9761,365.2514,12.09248,201.7757,18.07705,8.315934,65.6632,101.1408,1.732873,0.37767,-1.1264,-0.1509156,0.8652846,0.0756647,0.009543419,2.82,356
"20210710033120",107.8632,29.50718,279.786,365.1966,12.0951,201.9992,18.06839,8.315182,65.54035,101.1426,1.735519,0.377692,-1.128808,-0.151942,0.866243,0.07562842,0.008533716,2.61,7
"20210710033140",107.8772,29.48998,279.5444,364.6151,12.08502,202.3054,18.09023,8.287071,66.52526,101.1477,1.735744,0.3774718,-1.131036,-0.159837,0.8675558,0.07571985,0.00466609,2.5,23
"20210710033200",107.684,29.25445,279.6794,364.3466,12.05902,202.8125,18.15655,8.253895,66.57581,101.1442,1.732635,0.374457,-1.127825,-0.1618046,0.8697307,0.07599746,0.00387907,1.71,30
"20210710033220",107.7363,29.28972,279.3892,364.271,12.04188,202.9172,18.21663,8.169914,66.233,101.1438,1.733477,0.3749084,-1.130187,-0.1615858,0.8701797,0.07624893,0.007500649,2.82,22
"20210710033240",107.7669,29.24035,279.2763,364.2552,12.01648,203.0318,18.22642,8.09528,66.53239,101.1435,1.733969,0.3742766,-1.129942,-0.1598255,0.8706714,0.07628989,0.005983353,2.55,14
"20210710033300",107.779,29.18554,279.2267,364.089,11.98181,203.1191,18.19233,8.006111,67.20254,101.1452,1.734164,0.3735749,-1.128376,-0.1595847,0.8710454,0.07614719,0.003552675,2.3,36
"20210710033320",107.8181,29.01484,278.9595,363.75,11.93786,203.9688,18.23498,7.914418,67.56184,101.1448,1.734792,0.37139,-1.128803,-0.1611995,0.8746894,0.0763257,0.005197287,1.68,36
"20210710033340",107.5868,28.81516,279.0166,363.7935,11.88283,203.9944,18.19999,7.847095,67.78981,101.1503,1.731071,0.368834,-1.124714,-0.1562305,0.874799,0.07617926,0.00667429,2.08,14
"20210710033400",107.429,28.81127,279.2755,363.4214,11.82235,204.2189,18.15998,7.747582,68.30282,101.151,1.728532,0.3687843,-1.117907,-0.1570451,0.8757616,0.07601178,0.00431633,1.68,36
"20210710033420",107.6096,28.87494,278.955,363.3859,11.77619,204.6623,18.20557,7.636158,68.29206,101.1475,1.731438,0.3695993,-1.11883,-0.1539559,0.8776633,0.07620263,0.007110834,1.99,17
"20210710033440",107.7114,28.9625,278.8217,362.9408,11.7137,204.8135,18.19185,7.56694,68.88422,101.1482,1.733077,0.3707199,-1.116535,-0.1557108,0.8783117,0.07614518,0.00150466,1.76,42
"20210710033500",107.6849,28.92631,278.8777,362.5377,11.63589,205.3257,18.24208,7.438915,69.89633,101.1482,1.73265,0.3702568,-1.111058,-0.1556406,0.8805083,0.07635545,0.003400564,1.97,30
"20210710033520",107.7733,29.06451,279.4401,362.9223,11.58227,205.4852,18.22957,7.304859,69.96619,101.1487,1.734072,0.3720258,-1.1011,-0.1456994,0.8811922,0.0763031,0.007364034,1.7,23
"20210710033540",108.3807,29.36434,279.3061,363.1432,11.55284,205.7035,18.27587,7.305771,70.12475,101.1528,1.743845,0.3758636,-1.100862,-0.1400953,0.8821283,0.07649687,0.01039767,1.89,16
"20210710033600",108.846,29.65008,279.0342,363.1477,11.52723,205.7506,18.28099,7.290428,70.41229,101.1535,1.751332,0.379521,-1.102491,-0.1380273,0.8823305,0.0765183,0.01151609,1.6,23
"20210710033620",109.0154,29.78347,278.7662,363.1943,11.50768,205.9269,18.27554,7.343067,70.55118,101.1491,1.754057,0.3812284,-1.104448,-0.1358039,0.8830862,0.07649549,0.01014066,1.73,7
"20210710033640",109.272,29.94876,278.9102,363.36,11.49538,206.1737,18.37436,7.384479,70.66373,101.1498,1.758186,0.3833441,-1.101988,-0.1323683,0.8841448,0.07690914,0.01086927,1.96,359
"20210710033700",109.6821,30.14856,278.9363,363.4162,11.48248,206.4401,18.39207,7.416325,70.91459,101.1503,1.764784,0.3859016,-1.100882,-0.1305187,0.8852872,0.07698326,0.01166415,2.17,0
"20210710033720",109.9349,30.32076,278.8922,363.5549,11.47845,206.5057,18.37513,7.463562,70.97854,101.1505,1.768853,0.3881058,-1.101155,-0.1281321,0.8855683,0.07691235,0.01133919,2.05,16
"20210710033740",110.1327,30.35723,279.0148,363.6066,11.47099,207.1217,18.47762,7.476242,70.4717,101.1518,1.772035,0.3885725,-1.099245,-0.1267761,0.8882101,0.07734136,0.01125193,2.28,21
"20210710033800",110.4539,30.43073,278.5349,363.4704,11.46777,207.1926,18.5092,7.507599,70.20317,101.1564,1.777204,0.3895134,-1.104715,-0.1285595,0.8885141,0.07747354,0.006981611,1.95,45.99999
"20210710033820",110.4537,30.2965,278.9862,362.9205,11.43793,207.6536,18.49043,7.484261,69.82086,101.1525,1.7772,0.3877952,-1.097542,-0.1344455,0.890491,0.07739495,0.01018333,3.37,20
"20210710033840",110.7299,30.32315,279.2973,363.6026,11.43995,208.1807,18.53001,7.500065,69.04034,101.1522,1.781643,0.3881364,-1.093993,-0.1244115,0.8927514,0.07756061,0.01311541,2.45,24
"20210710033900",111.287,30.4682,279.2903,363.6314,11.44156,208.3384,18.5755,7.572475,68.9717,101.1524,1.790608,0.389993,-1.094175,-0.124108,0.8934277,0.07775104,0.01464534,2.31,14
"20210710033920",111.5686,30.57072,279.2968,363.7501,11.44801,208.9282,18.62238,7.614002,68.71707,101.1524,1.795139,0.3913052,-1.094496,-0.1228364,0.8959571,0.07794724,0.01131868,2.39,24
"20210710033940",111.8759,30.65048,279.1841,363.8187,11.4589,208.7065,18.60882,7.691002,68.74252,101.1534,1.800084,0.3923262,-1.0965,-0.1226639,0.8950064,0.0778905,0.01180363,2,17
"20210710034000",112.1597,30.7093,279.4359,364.2486,11.47261,209.4858,18.68203,7.689286,67.94857,101.1581,1.804649,0.393079,-1.094371,-0.11731,0.898348,0.07819694,0.01485729,1.7,25
"20210710034020",112.5405,30.89272,279.1629,364.3116,11.49438,209.8383,18.66213,7.812351,66.89972,101.1586,1.810777,0.3954268,-1.098941,-0.1180721,0.8998598,0.07811362,0.01299882,1.18,27
"20210710034040",112.8643,31.01589,278.9258,364.2936,11.51333,209.8635,18.66809,7.887814,66.69528,101.1556,1.815987,0.3970034,-1.102912,-0.1198217,0.899968,0.07813861,0.01045179,1.21,13
"20210710034100",113.0129,31.08504,278.7823,364.1756,11.53127,210.0533,18.68122,7.933319,66.8532,101.1553,1.818378,0.3978886,-1.105717,-0.1229873,0.9007816,0.07819352,0.01013923,1.95,28
"20210710034120",112.8577,31.00655,278.8266,364.0302,11.53973,210.5721,18.70714,7.972278,67.27862,101.1557,1.81588,0.3968839,-1.105716,-0.1258211,0.9030066,0.07830203,0.009871722,1.24,34
"20210710034140",113.0711,30.98174,279.0337,364.0474,11.54538,210.9921,18.73908,7.91856,67.93138,101.155,1.819314,0.3965663,-1.103618,-0.1260049,0.9048075,0.07843573,0.009226561,1.72,38
"20210710034200",113.2139,30.94913,279.2034,364.1666,11.55384,211.4899,18.75872,7.977658,67.94455,101.1565,1.821612,0.3961489,-1.102137,-0.1248856,0.9069426,0.07851795,0.01084971,2.17,34
"20210710034220",113.3842,30.9362,279.3105,364.2024,11.55989,211.701,18.70772,7.980766,67.35581,101.1609,1.824352,0.3959834,-1.101247,-0.1248258,0.9078478,0.07830446,0.01082826,2.02,34
"20210710034240",113.436,30.92204,279.2125,364.3132,11.56513,211.7482,18.75078,7.962299,67.30322,101.1596,1.825186,0.3958022,-1.102728,-0.1235789,0.9080502,0.07848469,0.01095486,0.88,16
"20210710034300",113.6192,31.03219,278.9971,364.3308,11.5732,212.2663,18.74273,8.019542,67.40435,101.1608,1.828133,0.397212,-1.10577,-0.1239457,0.910272,0.078451,0.01056218,1,55
"20210710034320",113.6094,31.10015,278.9548,364.326,11.57763,212.5184,18.74853,8.031826,66.87192,101.1615,1.827976,0.3980819,-1.106544,-0.1243661,0.9113532,0.07847528,0.009463072,0.86,80.99999
"20210710034340",113.8069,31.201,278.9317,364.2575,11.57844,213.0279,18.75785,8.055733,66.53716,101.1603,1.831152,0.3993729,-1.106866,-0.1254516,0.9135379,0.07851431,0.008284807,0.86,92.99999
"20210710034400",114.0031,31.27034,279.0424,364.2604,11.57743,213.2181,18.84716,8.088451,67.53502,101.1612,1.83431,0.4002603,-1.105497,-0.1253282,0.9143536,0.0788881,0.00603056,1.09,10
"20210710034420",114.1291,31.30981,279.3793,364.2954,11.57824,213.4999,18.82789,8.078502,67.73734,101.1614,1.836337,0.4007656,-1.101569,-0.1248702,0.9155618,0.07880746,0.01015759,1.77,28
"20210710034440",114.3293,31.32937,279.8033,364.4905,11.5869,213.9693,18.83806,8.127426,67.56692,101.1578,1.839559,0.4010159,-1.097097,-0.1226334,0.917575,0.07885005,0.01185155,1.72,39
"20210710034500",114.8126,31.47787,279.9362,364.6873,11.60545,214.3158,18.93819,8.122032,66.11911,101.1572,1.847334,0.4029167,-1.096674,-0.1211425,0.9190609,0.07926914,0.01188803,1.78,30
"20210710034520",115.1459,31.53202,280.1418,364.989,11.62903,214.1391,19.00126,8.183529,65.30574,101.1568,1.852697,0.4036099,-1.095704,-0.1184808,0.918303,0.07953314,0.01146674,1.73,31
"20210710034540",115.5516,31.63621,279.6312,364.7988,11.65665,214.7,18.99713,8.236222,65.48286,101.1584,1.859226,0.4049434,-1.103443,-0.123484,0.9207082,0.07951585,0.01110506,2.24,30
"20210710034600",115.672,31.60877,279.553,364.7615,11.67016,215.4444,19.06983,8.253201,65.69122,101.1578,1.861163,0.4045923,-1.105203,-0.1251,0.9239009,0.07982015,0.01098895,1.96,21
"20210710034620",115.7189,31.54992,279.5463,364.781,11.68588,215.6525,19.01531,8.316818,66.41037,101.1634,1.861917,0.403839,-1.106255,-0.1260384,0.924793,0.07959195,0.009537935,1.9,42
"20210710034640",115.7897,31.46668,279.6601,364.8127,11.69818,215.9817,19.03075,8.274765,67.02547,101.164,1.863056,0.4027736,-1.105673,-0.1265291,0.926205,0.07965657,0.008810758,2.09,39
"20210710034700",116.0157,31.43208,279.6158,364.9061,11.70826,216.1863,19.10191,8.27644,66.90154,101.1603,1.866693,0.4023306,-1.106819,-0.1259223,0.9270821,0.07995441,0.008799553,1.88,44
"20210710034720",116.098,31.4574,279.5078,364.825,11.71531,216.4013,19.15392,8.262626,66.17094,101.1611,1.868016,0.4026547,-1.108531,-0.1276863,0.9280042,0.08017212,0.008894205,1.77,38
"20210710034740",116.14,31.48378,279.5972,364.8668,11.72035,217.0563,19.14225,8.217301,66.59437,101.1613,1.868693,0.4029924,-1.107789,-0.127458,0.9308129,0.08012327,0.01021981,1.67,30
"20210710034800",116.3353,31.5037,279.4941,364.9091,11.72378,217.1931,19.12058,8.206677,67.02907,101.1625,1.871835,0.4032473,-1.109219,-0.1270941,0.9313998,0.08003256,0.009278298,1.51,30
"20210710034820",116.4732,31.54155,279.5379,364.9352,11.72701,217.7062,19.24085,8.190358,67.00328,101.1638,1.874054,0.4037318,-1.108901,-0.1269579,0.9336,0.08053598,0.009389878,1.34,36
"20210710034840",116.6374,31.62505,279.4427,364.9496,11.72942,217.8731,19.27055,8.190818,67.27478,101.1665,1.876696,0.4048006,-1.110174,-0.1269307,0.9343158,0.08066028,0.008371591,0.8,34
"20210710034900",116.7163,31.68064,279.448,364.9759,11.73124,218.1371,19.21766,8.161648,67.44555,101.1635,1.877965,0.4055122,-1.110224,-0.1266792,0.9354477,0.0804389,0.00958705,1.06,36.99999
"20210710034920",116.6931,31.77409,279.3571,365.0337,11.73225,218.4704,19.19461,8.204475,68.08926,101.1626,1.877592,0.4067084,-1.111359,-0.1258947,0.9368772,0.08034242,0.009293318,1.05,22
"20210710034940",116.9898,31.87781,279.3983,365.1284,11.73104,219.0092,19.33086,8.220692,68.99045,101.1629,1.882366,0.4080359,-1.110799,-0.1243864,0.9391877,0.08091272,0.007151842,1.02,41
"20210710035000",117.2753,31.97571,279.5711,365.1412,11.73406,219.5461,19.3526,8.219631,69.40211,101.1639,1.88696,0.4092891,-1.108945,-0.1244307,0.9414901,0.08100374,0.008173942,1.02,15
"20210710035020",117.4068,32.07757,279.5677,365.188,11.74737,219.3155,19.33926,8.258278,69.61888,101.1659,1.889075,0.4105929,-1.109809,-0.1247741,0.9405013,0.0809479,0.01095414,0.88,10
"20210710035040",117.7086,32.22301,279.5229,365.3278,11.7651,219.8292,19.38027,8.25697,70.02797,101.1707,1.893932,0.4124546,-1.111438,-0.1240767,0.9427042,0.08111952,0.0109632,0.76,12
"20210710035100",118.0745,32.35517,279.5079,365.4532,11.78466,220.2435,19.44364,8.276013,69.95206,101.1699,1.899819,0.4141462,-1.112826,-0.1237347,0.9444808,0.08138479,0.007787466,0.9,331
"20210710035120",118.2366,32.35545,279.6011,365.5504,11.79655,220.8118,19.47014,8.313305,68.49745,101.168,1.902426,0.4141498,-1.112461,-0.1232137,0.9469179,0.08149572,0.01057696,1.02,344
"20210710035140",118.5285,32.42607,279.7307,365.6566,11.81167,220.994,19.52485,8.319343,67.68025,101.1681,1.907123,0.4150538,-1.111868,-0.1228134,0.9476992,0.08172469,0.01155019,1.37,299
"20210710035200",118.5708,32.46405,279.809,365.809,11.82981,221.1606,19.50583,8.309029,65.37607,101.1691,1.907805,0.4155398,-1.112068,-0.1219588,0.9484139,0.0816451,0.011621,1.2,298
"20210710035220",118.8281,32.5541,279.7701,365.8422,11.84433,221.5165,19.56605,8.312176,64.97724,101.1701,1.911943,0.4166925,-1.113428,-0.1226026,0.9499401,0.08189715,0.01159978,1.17,260
"20210710035240",118.9349,32.58316,279.756,365.9266,11.86429,221.7809,19.58507,8.357456,65.41793,101.1751,1.913663,0.4170645,-1.114832,-0.1229064,0.9510738,0.08197675,0.01230431,1.06,277
"20210710035300",119.0109,32.63549,279.701,365.914,11.87618,221.5974,19.60899,8.355011,64.80732,101.1757,1.914886,0.4177343,-1.116219,-0.1240283,0.950287,0.08207688,0.012321,1.09,276
"20210710035320",119.1032,32.6223,279.5639,365.894,11.88807,221.9717,19.63638,8.385002,65.29354,101.1727,1.91637,0.4175655,-1.118575,-0.1252594,0.9518922,0.08219154,0.01008511,1.4,249
"20210710035340",119.1136,32.58472,279.5445,365.7782,11.88948,222.2622,19.65286,8.398213,65.25317,101.1728,1.916537,0.4170844,-1.118893,-0.1271001,0.9531379,0.08226051,0.007964134,1.4,231
"20210710035400",119.2529,32.58192,279.5187,365.803,11.89613,222.8417,19.69026,8.339077,65.10888,101.1737,1.91878,0.4170486,-1.11961,-0.1272526,0.9556226,0.08241706,0.0104003,1.44,229
"20210710035420",119.4437,32.55302,279.5242,365.7854,11.89634,223.0064,19.70614,8.324314,65.5048,101.1747,1.921849,0.4166786,-1.119557,-0.1275303,0.9563294,0.08248354,0.01151633,1.22,233
"20210710035440",119.4249,32.55978,279.482,365.8095,11.89573,223.1828,19.69201,8.279526,65.35428,101.1758,1.921547,0.4167653,-1.120018,-0.1271226,0.9570855,0.08242438,0.008778572,0.97,246
"20210710035500",119.4879,32.57521,279.3746,365.8533,11.89331,223.3076,19.67519,8.27705,66.32537,101.1802,1.92256,0.4169626,-1.121136,-0.1262781,0.957621,0.08235399,0.009810448,1.35,248
"20210710035520",119.5991,32.56954,279.342,365.7437,11.88505,223.8056,19.79704,8.253647,67.18896,101.1767,1.92435,0.4168901,-1.121008,-0.127267,0.9597566,0.08286398,0.008955955,1.28,241
"20210710035540",119.6772,32.57379,279.2893,365.682,11.87356,224.1478,19.85087,8.282658,67.2991,101.1785,1.925607,0.4169445,-1.120919,-0.1272884,0.9612239,0.08308931,0.008756876,1.32,247
"20210710035600",119.6422,32.56129,279.2334,365.6342,11.86066,224.384,19.84451,8.250645,67.83572,101.178,1.925042,0.4167846,-1.120778,-0.1269909,0.962237,0.08306271,0.008976698,1.46,246
"20210710035620",119.77,32.51069,279.2676,365.6436,11.84574,224.6839,19.89847,8.186756,68.67134,101.1785,1.927099,0.4161368,-1.119449,-0.1256786,0.963523,0.08328855,0.009414911,1.37,235
"20210710035640",120.0713,32.57066,279.3013,365.698,11.83405,225.2144,19.87691,8.152649,68.67788,101.1792,1.931947,0.4169044,-1.118327,-0.1239487,0.9657977,0.08319834,0.007619142,1.17,233
"20210710035700",120.3531,32.67576,279.338,365.6975,11.82094,225.7072,19.9942,8.087372,68.4375,101.1842,1.936481,0.4182498,-1.117082,-0.1229309,0.967911,0.08368924,0.01009679,1.46,219
"20210710035720",120.5121,32.68682,279.2946,365.6762,11.80744,225.9209,20.02361,8.088192,68.20322,101.1839,1.93904,0.4183914,-1.116757,-0.1221897,0.9688278,0.08381235,0.01009107,1.08,200
"20210710035740",120.6598,32.74367,279.2525,365.6914,11.79635,226.2225,20.00452,8.073174,69.1556,101.1805,1.941416,0.419119,-1.116566,-0.1210933,0.9701209,0.08373246,0.01120901,1.17,224
"20210710035800",120.8719,32.83591,279.1997,365.7026,11.78446,226.6299,20.08517,8.041694,69.63769,101.1807,1.944828,0.4202996,-1.116453,-0.1199928,0.9718682,0.08407004,0.01041031,1.16,219
"20210710035820",121.0439,32.94366,279.1792,365.6829,11.77478,226.7236,20.08648,8.07386,70.56878,101.1808,1.947597,0.4216789,-1.116096,-0.1195282,0.9722697,0.08407553,0.009174586,0.92,226
"20210710035840",121.2618,33.10419,279.124,365.7529,11.76551,227.2906,20.09344,8.029957,70.66678,101.1813,1.951102,0.4237336,-1.116173,-0.1177556,0.9747015,0.08410465,0.01049089,0.62,222
"20210710035900",121.4476,33.23116,279.2156,365.7368,11.75281,227.3508,20.07203,8.040249,71.15668,101.1846,1.954091,0.4253589,-1.114305,-0.117002,0.9749596,0.08401505,0.01042008,0.86,219
"20210710035920",121.5302,33.31229,279.3142,365.676,11.74394,227.6792,20.14193,8.026577,70.78788,101.1852,1.95542,0.4263974,-1.11259,-0.1172133,0.9763678,0.08430762,0.01051402,1.17,211
"20210710035940",121.8017,33.39471,279.2187,365.6807,11.73426,228.0473,20.13319,8.026539,70.33728,101.1818,1.95979,0.4274523,-1.113119,-0.1163854,0.9779461,0.08427102,0.009499311,0.6,214
"20210710040000",122.0893,33.56008,279.1967,365.6796,11.72418,228.6624,20.19446,8.000794,69.95269,101.1823,1.964417,0.4295691,-1.112755,-0.1156139,0.9805842,0.08452749,0.01069093,0.58,209
"20210710040020",122.3779,33.67318,279.1886,365.6927,11.71854,228.8014,20.1949,7.975197,70.16823,101.187,1.96906,0.4310166,-1.112501,-0.1149756,0.9811802,0.08452934,0.0088377,0.5,198
"20210710040040",122.4755,33.76551,279.1136,365.6453,11.71289,229.3617,20.21938,8.005378,70.87844,101.1833,1.970631,0.4321985,-1.113038,-0.1152419,0.9835827,0.08463178,0.0106597,0.63,209
"20210710040100",122.772,33.8563,279.0991,365.6454,11.70947,229.447,20.24586,8.028088,70.98098,101.1837,1.975401,0.4333606,-1.112997,-0.1149719,0.9839486,0.08474263,0.01050353,0.5,214
"20210710040120",122.9079,33.95492,279.1321,365.6759,11.70705,229.7836,20.30239,7.997802,70.92465,101.1839,1.977588,0.434623,-1.112457,-0.1143273,0.9853923,0.08497924,0.01172566,0.5,231
"20210710040140",123.2427,34.07379,279.1309,365.7174,11.70886,230.3285,20.37311,7.993408,71.28105,101.1845,1.982976,0.4361446,-1.112583,-0.1138496,0.9877288,0.08527526,0.01277065,0.35,248
"20210710040200",123.475,34.18819,279.1518,365.7551,11.71168,230.9705,20.4182,8.041718,71.6535,101.1851,1.986713,0.4376089,-1.11251,-0.1135047,0.9904822,0.08546398,0.01041031,0.69,224
"20210710040220",123.7543,34.22286,279.0619,365.7095,11.70785,231.2809,20.41457,8.037541,71.49911,101.1898,1.991206,0.4380526,-1.113336,-0.1138874,0.991813,0.08544878,0.01145339,0.92,258
"20210710040240",123.7971,34.2835,279.0284,365.7395,11.70201,231.269,20.50204,8.059258,71.4169,101.1875,1.991896,0.4388288,-1.113369,-0.1129808,0.9917623,0.08581489,0.01028967,0.82,264
"20210710040300",123.8272,34.27121,279.0516,365.7438,11.69294,231.6536,20.52141,8.044094,71.04694,101.1872,1.99238,0.4386715,-1.112533,-0.1122067,0.9934113,0.08589599,0.01242304,0.93,268
"20210710040320",124.0705,34.35577,279.0063,365.8156,11.68649,232.1498,20.52488,8.020111,71.21047,101.1877,1.996294,0.4397538,-1.112671,-0.1106302,0.9955394,0.0859105,0.01055813,0.89,272
"20210710040340",124.3859,34.42674,279.0921,365.8508,11.67721,232.6688,20.59446,8.048828,71.71845,101.1886,2.001369,0.4406623,-1.111082,-0.1093769,0.9977648,0.08620177,0.0103612,1.05,262
"20210710040400",124.5025,34.48286,279.1607,365.8415,11.67076,233.0063,20.63375,8.01271,70.93282,101.1896,2.003246,0.4413806,-1.109874,-0.1090121,0.9992122,0.0863662,0.01060891,0.95,258
"20210710040420",124.788,34.56664,279.1992,365.8791,11.66109,233.4148,20.65622,7.988739,70.4499,101.194,2.007838,0.4424529,-1.108819,-0.1076911,1.000964,0.08646025,0.0107739,0.93,249
"20210710040440",124.9698,34.63994,279.2306,365.8848,11.65524,233.73,20.69016,7.985195,70.38374,101.1945,2.010765,0.4433912,-1.108087,-0.1071488,1.002316,0.08660234,0.008768797,0.88,255
"20210710040500",125.06,34.6628,279.3212,365.8896,11.64819,233.8532,20.71196,7.989567,70.61925,101.1942,2.012216,0.4436838,-1.106581,-0.1065254,1.002844,0.08669356,0.01076794,0.72,238
"20210710040520",125.4057,34.69047,279.3585,365.9512,11.63952,234.4223,20.72852,7.972114,70.35859,101.194,2.017778,0.4440381,-1.105605,-0.1049276,1.005284,0.08676287,0.008858681,0.75,237
"20210710040540",125.5678,34.65944,279.3809,365.9922,11.63528,234.6202,20.72555,7.995209,71.12305,101.1937,2.020386,0.4436408,-1.105078,-0.1039825,1.006133,0.08675044,0.009714365,0.69,237
"20210710040600",125.956,34.73842,279.4687,366.0025,11.63347,235.1492,20.81231,8.012211,70.71862,101.1944,2.026632,0.4446517,-1.103929,-0.1036885,1.008402,0.08711361,0.01061249,0.58,229
"20210710040620",126.2152,34.80937,279.4035,365.9945,11.63468,235.6126,20.79854,7.97971,69.82545,101.194,2.030803,0.44556,-1.104772,-0.1039001,1.010389,0.08705598,0.01083565,0.54,219
"20210710040640",126.5016,34.83662,279.4715,365.9462,11.63226,235.6924,20.88311,7.981709,69.63379,101.1954,2.035411,0.4459087,-1.10382,-0.1044335,1.010731,0.08740994,0.01183629,0.56,230
"20210710040700",126.6605,34.85102,279.5597,365.9908,11.63952,236.0465,20.84994,7.984451,69.31952,101.1907,2.037967,0.4460931,-1.103229,-0.1043364,1.01225,0.08727109,0.01080298,0.53,228
"20210710040720",126.9323,34.88084,279.4805,365.9596,11.64536,236.3657,20.90036,8.005913,68.9734,101.1912,2.042341,0.4464747,-1.104523,-0.1052578,1.013619,0.08748214,0.01268458,0.38,249
"20210710040740",127.151,34.92131,279.4739,365.953,11.6504,236.7207,20.96762,7.976452,68.77501,101.1914,2.04586,0.4469928,-1.104913,-0.1057503,1.015141,0.0877637,0.012887,0.4,255
"20210710040800",127.5182,34.99044,279.4968,366.0068,11.65665,237.2234,21.02324,8.002724,69.035,101.1901,2.051768,0.4478777,-1.10503,-0.1054364,1.017297,0.0879965,0.01169229,0.46,266
"20210710040820",127.7069,34.99115,279.5001,366.014,11.66976,237.6971,21.01104,7.994503,68.62914,101.1901,2.054804,0.4478866,-1.105804,-0.1063563,1.019328,0.08794542,0.01174831,0.54,287
"20210710040840",127.9685,35.02267,279.5106,366.1204,11.67459,237.9865,21.05837,7.989357,68.89529,101.1936,2.059014,0.4482902,-1.105978,-0.1051436,1.020569,0.08814354,0.01178384,0.56,288
"20210710040900",128.2387,35.04532,279.5203,366.0936,11.68689,238.5602,21.11298,8.059154,69.00843,101.1922,2.063361,0.4485801,-1.106625,-0.1065062,1.023029,0.0883721,0.01130509,0.6,316
"20210710040920",128.4775,35.03706,279.5158,366.1574,11.69616,239.0051,21.16443,8.064949,67.91663,101.189,2.067203,0.4484744,-1.107252,-0.1062804,1.024937,0.08858746,0.01126504,0.71,314
"20210710040940",128.6987,35.07082,279.4777,366.1114,11.70483,239.2724,21.19137,8.085483,66.57848,101.1885,2.070762,0.4489065,-1.108239,-0.1076463,1.026083,0.08870023,0.01213884,0.99,309
"20210710041000",128.8722,35.06308,279.4362,366.0707,11.7141,239.4914,21.22981,8.086262,67.60389,101.1887,2.073554,0.4488074,-1.109303,-0.1089813,1.027023,0.08886114,0.01111865,1.25,315
"20210710041020",129.0376,35.07306,279.4369,366.0552,11.72217,239.9505,21.21354,8.095734,67.10647,101.1888,2.076214,0.4489351,-1.109794,-0.1098448,1.028991,0.08879301,0.0110538,1.42,312
"20210710041040",129.1625,35.08374,279.4616,366.1571,11.72801,240.4982,21.22144,8.111763,66.81185,101.1924,2.078225,0.449072,-1.109864,-0.108781,1.03134,0.08882607,0.01094413,1.47,313
"20210710041100",129.1685,35.08371,279.4097,366.1629,11.72559,240.5042,21.28397,8.049137,66.87344,101.1933,2.078321,0.4490715,-1.110327,-0.1085031,1.031366,0.08908782,0.01035905,1.57,311
"20210710041120",129.3738,35.11028,279.3812,366.1946,11.72761,241.1405,21.28583,8.053039,66.94635,101.1884,2.081625,0.4494116,-1.110788,-0.1081864,1.034094,0.08909561,0.01033211,1.45,307
"20210710041140",129.594,35.17241,279.3651,366.2415,11.72519,241.7975,21.33075,8.039906,67.36763,101.1879,2.085167,0.4502069,-1.110829,-0.107298,1.036912,0.08928362,0.01245141,1.49,318
"20210710041200",129.7607,35.20206,279.3539,366.3159,11.72297,242.0412,21.39197,8.024891,68.13396,101.1882,2.087849,0.4505865,-1.110823,-0.1060113,1.037957,0.08953989,0.01052547,1.59,309
"20210710041220",130.0671,35.22988,279.4027,366.3592,11.72197,242.6085,21.43646,8.00713,68.71166,101.1887,2.092779,0.4509424,-1.110184,-0.105286,1.04039,0.0897261,0.0106473,1.42,313
"20210710041240",130.1823,35.2782,279.4479,366.3713,11.72055,242.6369,21.49136,7.985077,68.81879,101.1884,2.094634,0.451561,-1.109564,-0.1049955,1.040512,0.08995587,0.01181316,1.73,312
"20210710041300",130.3184,35.29413,279.5209,366.3912,11.7133,243.1524,21.49264,8.004558,69.20199,101.1916,2.096823,0.4517649,-1.108252,-0.104129,1.042722,0.08996123,0.01066494,1.64,315
"20210710041320",130.5667,35.32405,279.5406,366.4424,11.71068,243.5101,21.51742,7.954132,68.9727,101.1882,2.100819,0.4521478,-1.107856,-0.1031595,1.044256,0.09006498,0.01202536,1.55,311
"20210710041340",130.735,35.3379,279.556,366.4551,11.70624,243.753,21.49959,7.986854,69.39414,101.1884,2.103526,0.4523252,-1.1074,-0.1026212,1.045298,0.08999034,0.01078653,1.46,311
"20210710041400",130.9901,35.43245,279.5588,366.4551,11.70201,244.5014,21.58387,7.989281,69.32886,101.188,2.107631,0.4535354,-1.107104,-0.10229,1.048507,0.09034309,0.01076984,1.67,310
"20210710041420",131.2014,35.53299,279.6369,366.483,11.69657,244.7983,21.61597,7.936516,69.33302,101.1896,2.111031,0.4548223,-1.105846,-0.1014466,1.04978,0.09047745,0.01113224,1.38,309
"20210710041440",131.5358,35.62121,279.7729,366.6007,11.69798,245.607,21.69471,7.952652,70.08614,101.1893,2.116411,0.4559516,-1.104326,-0.09979866,1.053248,0.09080703,0.01203585,1.4,315
"20210710041500",131.8469,35.69273,279.6557,366.5723,11.69697,245.767,21.7095,7.940682,70.33094,101.1941,2.121416,0.456867,-1.105649,-0.1001443,1.053935,0.09086893,0.01110363,1.28,320
"20210710041520",132.03,35.67892,279.7312,366.6342,11.69657,246.0749,21.7594,7.935848,70.26714,101.1944,2.124363,0.4566901,-1.104733,-0.09918766,1.055255,0.09107782,0.01316547,1.18,319
"20210710041540",132.2369,35.74068,279.6043,366.7208,11.69515,246.608,21.83283,8.015225,70.80046,101.1903,2.127692,0.4574807,-1.106144,-0.09778465,1.057541,0.09138515,0.01160598,1.02,319
"20210710041600",132.5455,35.76631,279.6326,366.7655,11.69415,247.0914,21.87581,8.025047,71.00968,101.1917,2.132658,0.4578088,-1.105747,-0.09703737,1.059614,0.09156506,0.01255345,1.21,325
"20210710041620",132.9713,35.84913,279.7274,366.7798,11.69919,247.6774,21.92881,8.035091,70.98772,101.193,2.139508,0.4588689,-1.10494,-0.09721855,1.062127,0.0917869,0.01147008,1.24,320
"20210710041640",133.1562,35.84249,279.668,366.8259,11.69999,247.923,21.96058,8.015362,71.14199,101.1932,2.142483,0.4587838,-1.10569,-0.09659214,1.06318,0.09191989,0.01262021,1.06,325
"20210710041700",133.3837,35.88941,279.7262,366.8486,11.70342,248.3863,22.04851,8.06728,71.18385,101.195,2.146143,0.4593844,-1.105217,-0.09652346,1.065167,0.09228792,0.01124883,0.93,324
"20210710041720",133.6168,35.89406,279.6311,366.8826,11.71068,248.5274,22.00098,8.062854,71.31023,101.1975,2.149895,0.4594441,-1.106788,-0.0965811,1.065772,0.09208898,0.01127911,1.15,337
"20210710041740",133.7953,35.90883,279.6402,366.9646,11.71592,249.2977,22.0839,8.080532,71.50649,101.1941,2.152767,0.4596331,-1.107006,-0.09576859,1.069076,0.09243606,0.0121727,1.03,322
"20210710041800",134.1077,35.96032,279.5179,366.9141,11.72015,249.4796,22.17859,8.114628,71.21961,101.1953,2.157793,0.4602921,-1.108712,-0.09685507,1.069856,0.0928324,0.00990963,1.06,338
"20210710041820",134.4345,36.03272,279.5103,366.8341,11.72116,250.1275,22.16216,8.084774,70.47217,101.196,2.163051,0.4612188,-1.108865,-0.09812913,1.072634,0.09276362,0.01011443,0.98,339
"20210710041840",134.6492,36.09171,279.4867,366.9198,11.72701,250.4713,22.25404,8.09143,70.3293,101.1966,2.166506,0.4619739,-1.109506,-0.09730712,1.074108,0.09314823,0.009053946,0.82,350
"20210710041900",135.0095,36.14213,279.5094,367.0153,11.74051,251.0484,22.26866,8.112262,70.58475,101.1983,2.172303,0.4626192,-1.110073,-0.09693718,1.076583,0.09320942,0.01094055,0.83,342
"20210710041920",135.3759,36.28082,279.3451,367.051,11.74878,251.6594,22.32325,8.078571,70.64966,101.2023,2.178198,0.4643946,-1.112525,-0.0970523,1.079203,0.09343791,0.01117182,0.63,0.9999998
"20210710041940",135.7203,36.38809,279.3639,367.1394,11.76289,252.0674,22.399,8.146572,70.97218,101.2008,2.183739,0.4657675,-1.113177,-0.09683659,1.080953,0.09375496,0.01273465,0.62,346
"20210710042000",136.0818,36.49305,279.3642,367.0979,11.78224,252.7513,22.47356,8.155735,71.36934,101.2004,2.189556,0.4671111,-1.114372,-0.09897273,1.083886,0.09406706,0.01267171,0.36,334
"20210710042020",136.3568,36.56855,279.4146,367.2002,11.80341,253.043,22.48308,8.216026,71.64941,101.2011,2.193981,0.4680774,-1.11509,-0.0991043,1.085137,0.0941069,0.01022887,0.44,3
"20210710042040",136.5002,36.61947,279.2814,367.1676,11.8157,253.3477,22.44145,8.223358,71.18142,101.2025,2.196288,0.4687292,-1.117425,-0.1005564,1.086443,0.09393265,0.01119328,0.39,314
"20210710042100",136.5483,36.67394,279.3314,367.1709,11.83203,253.459,22.53155,8.243267,71.59725,101.2037,2.197062,0.4694264,-1.117846,-0.1017872,1.086921,0.09430978,0.0110569,0.37,276
"20210710042120",136.789,36.76287,279.3156,367.0456,11.83828,254.1202,22.51475,8.245388,70.86287,101.2089,2.200936,0.4705647,-1.118421,-0.1041488,1.089756,0.09423946,0.01002741,0.72,264
"20210710042140",136.9092,36.76634,279.3006,367.0811,11.84614,254.407,22.51835,8.211418,69.79023,101.2094,2.202868,0.4706091,-1.119084,-0.1042336,1.090986,0.09425453,0.01229024,0.92,215
"20210710042200",137.0258,36.7004,279.1553,367.1024,11.8532,254.6389,22.56056,8.249138,70.64143,101.206,2.204745,0.4697652,-1.121239,-0.1044705,1.09198,0.09443121,0.005941868,1.25,218
"20210710042220",137.1332,36.63346,279.075,366.9963,11.84896,255.0358,22.61106,8.258538,71.08222,101.2066,2.206473,0.4689083,-1.121924,-0.1057232,1.093682,0.09464258,0.007907152,1.12,214
"20210710042240",137.2072,36.60733,279.1445,367.1024,11.84392,255.3989,22.59852,8.16903,70.49557,101.2076,2.207664,0.4685738,-1.120792,-0.1037434,1.09524,0.09459009,0.009536266,1.13,218
"20210710042300",137.2447,36.61488,279.1192,367.1014,11.83687,255.6117,22.58161,8.127434,70.58134,101.2074,2.208268,0.4686704,-1.120653,-0.1032044,1.096152,0.0945193,0.01083636,1.13,208
"20210710042320",137.4999,36.64081,279.1129,367.0118,11.82598,256.1947,22.63966,8.096794,69.87998,101.2077,2.212373,0.4690024,-1.120052,-0.1036896,1.098652,0.0947623,0.01003194,1.19,197
"20210710042340",137.5652,36.60708,279.063,367.1041,11.81772,256.424,22.69072,8.07983,70.46529,101.2108,2.213424,0.4685706,-1.120128,-0.1016627,1.099636,0.09497599,0.01014853,0.97,194
"20210710042400",137.8033,36.69396,279.0367,367.0671,11.81026,256.8723,22.72041,8.046848,70.98824,101.2067,2.217256,0.4696826,-1.119979,-0.1016313,1.101558,0.09510028,0.008345604,1.11,198
"20210710042420",138.0311,36.73383,279.0818,367.1269,11.80199,257.1985,22.76965,8.044209,71.00827,101.207,2.22092,0.470193,-1.118932,-0.1000898,1.102957,0.09530638,0.0103929,0.86,213
"20210710042440",138.1977,36.79043,279.0673,367.1271,11.79312,257.6972,22.73609,7.989922,69.66214,101.2061,2.223601,0.4709175,-1.118554,-0.09939023,1.105095,0.09516591,0.01076531,0.91,194
"20210710042500",138.6015,36.91979,279.1016,367.1803,11.7897,258.2393,22.74223,7.97752,70.27521,101.2061,2.230099,0.4725734,-1.117937,-0.09832732,1.10742,0.0951916,0.01186538,0.98,198
"20210710042520",138.6725,37.00589,278.9709,367.1404,11.78083,258.388,22.78493,7.970222,70.58522,101.2065,2.23124,0.4736754,-1.118929,-0.09822754,1.108058,0.09537034,0.007857322,0.86,199
"20210710042540",139.0923,37.09614,279.0082,367.1738,11.78123,259.1228,22.77973,8.001061,69.81937,101.2103,2.237994,0.4748306,-1.118515,-0.0977603,1.111209,0.09534859,0.00967431,0.92,186
"20210710042600",139.3659,37.15134,279.0423,367.1305,11.77639,259.4798,22.85178,7.987911,69.73978,101.21,2.242397,0.4755372,-1.117813,-0.09802801,1.11274,0.09565017,0.01179385,0.86,198
"20210710042620",139.6564,37.21268,279.0083,367.1452,11.77418,260.2018,22.86359,7.96138,70.28884,101.2066,2.247071,0.4763224,-1.118076,-0.09763366,1.115836,0.09569958,0.011976,1.46,195
"20210710042640",140.0473,37.19898,279.0031,366.9727,11.76853,260.8223,22.92547,7.989189,69.57906,101.2067,2.253361,0.476147,-1.117788,-0.09976887,1.118497,0.09595859,0.0107708,1.53,196
"20210710042700",140.2288,37.1462,278.8731,366.791,11.75825,261.112,22.96942,7.920482,68.20093,101.2079,2.256281,0.4754714,-1.118686,-0.1016782,1.119739,0.09614255,0.01022768,1.4,191
"20210710042720",140.4066,37.10629,278.782,366.808,11.75261,261.343,22.97807,7.92891,67.79722,101.2095,2.259142,0.4749605,-1.119412,-0.1009814,1.12073,0.09617876,0.01118422,1.19,185
"20210710042740",140.6895,37.09454,278.8196,366.8005,11.74737,261.8702,22.98742,7.885402,68.65311,101.2121,2.263695,0.4748101,-1.118644,-0.1006843,1.122991,0.0962179,0.01046825,1.26,193
"20210710042800",140.8956,37.10083,278.7518,366.8732,11.74293,262.3965,23.07097,7.872402,69.31181,101.2129,2.26701,0.4748906,-1.11917,-0.09924885,1.125248,0.09656762,0.01055741,1.63,184
"20210710042820",141.1899,37.06807,278.6945,366.7153,11.73346,262.7725,23.1005,7.873966,69.21592,101.21,2.271745,0.4744713,-1.11926,-0.1008663,1.12686,0.09669123,0.01054716,1.69,194
"20210710042840",141.5241,37.10546,278.7324,366.7624,11.72701,263.2112,23.13435,7.89444,69.96956,101.2115,2.277122,0.47495,-1.118415,-0.09965938,1.128741,0.09683292,0.01040649,1.6,197
"20210710042900",141.7081,37.08133,278.6417,366.782,11.71934,263.6881,23.16774,7.880863,70.18259,101.2115,2.280084,0.474641,-1.119009,-0.09876365,1.130786,0.09697268,0.01151395,1.45,191
"20210710042920",141.8473,36.96158,278.0948,366.4062,11.70866,264.0783,23.29308,7.884563,71.25272,101.2123,2.282323,0.4731082,-1.124807,-0.1035419,1.13246,0.09749728,0.006416798,2.67,179
"20210710042940",141.9587,36.76677,277.8932,365.9644,11.68629,264.6995,23.19757,7.86496,72.79406,101.2124,2.284115,0.4706147,-1.125802,-0.1083887,1.135124,0.0970975,0.006551742,2.54,166
"20210710043000",142.0462,36.5879,277.9955,365.8936,11.66391,265.1712,23.29402,7.75322,73.82438,101.2161,2.285523,0.4683251,-1.12321,-0.1076963,1.137147,0.09750122,0.008333922,2.46,175
"20210710043020",142.2843,36.51054,278.1027,365.9616,11.64053,265.6939,23.32819,7.704926,74.62514,101.2122,2.289355,0.4673349,-1.120498,-0.1048503,1.139388,0.09764426,0.007651806,1.99,175
"20210710043040",142.3462,36.42637,278.1539,366.1,11.61654,265.7862,23.36712,7.622769,75.73722,101.2169,2.29035,0.4662576,-1.11841,-0.1009064,1.139784,0.09780719,0.009230614,1.98,163
"20210710043100",142.6409,36.45223,278.118,366.1611,11.59174,266.1325,23.40058,7.58297,76.40857,101.2161,2.295092,0.4665885,-1.117299,-0.09805163,1.141269,0.09794726,0.01153183,2.11,172
"20210710043120",142.8968,36.5726,278.0918,366.1482,11.56654,266.8182,23.37153,7.561378,76.2649,101.213,2.29921,0.4681293,-1.116049,-0.09627269,1.14421,0.09782568,0.009653091,1.67,171
"20210710043140",143.195,36.72416,278.1256,366.3144,11.54558,267.1547,23.45298,7.52018,76.21354,101.2119,2.304007,0.4700692,-1.114355,-0.09215141,1.145652,0.0981666,0.01095033,1.13,181
"20210710043200",143.3904,36.9842,278.1433,366.5499,11.5361,267.5511,23.47241,7.483467,77.04827,101.2121,2.307152,0.4733978,-1.113561,-0.08789241,1.147353,0.09824791,0.01221561,1.22,176
"20210710043220",143.6881,37.26684,278.1123,366.5744,11.52018,267.8861,23.48191,7.51987,77.45994,101.2118,2.311941,0.4770155,-1.112943,-0.08628177,1.148789,0.09828767,0.01196575,1.39,165
"20210710043240",144.2678,37.48311,277.9989,366.5743,11.50506,268.8731,23.53719,7.498024,77.52671,101.2143,2.32127,0.4797838,-1.113348,-0.08510155,1.153022,0.09851906,0.01312947,1.62,171
"20210710043300",144.5066,37.56795,277.9635,366.575,11.49478,269.1934,23.59745,7.496311,77.17146,101.2164,2.325111,0.4808698,-1.113131,-0.08428824,1.154395,0.09877129,0.01111412,1.67,180
"20210710043320",144.6956,37.61787,277.8634,366.4596,11.47341,269.7003,23.65399,7.477394,76.35863,101.2118,2.328153,0.4815087,-1.112994,-0.08434257,1.156569,0.09900796,0.01225781,1.89,188
"20210710043340",145.0025,37.64454,277.8801,366.4001,11.45688,269.9597,23.75434,7.488254,76.1696,101.2138,2.33309,0.4818502,-1.111775,-0.08393946,1.157681,0.09942796,0.01116943,1.81,189
"20210710043400",145.2437,37.6464,277.8923,366.3844,11.44075,270.4608,23.84021,7.446056,75.87926,101.2137,2.336971,0.481874,-1.110636,-0.08291649,1.15983,0.09978739,0.01145935,1.7,191
"20210710043420",145.4171,37.63603,277.9142,366.3415,11.42422,270.5802,23.86049,7.389759,75.40806,101.2136,2.339761,0.4817412,-1.109356,-0.08226522,1.160342,0.09987228,0.01184654,1.73,190
"20210710043440",145.4737,37.64822,277.9654,366.3283,11.40588,270.9699,23.94633,7.378197,75.79545,101.2145,2.340671,0.4818972,-1.10762,-0.08102998,1.162013,0.1002316,0.01192594,1.88,196
"20210710043500",145.8452,37.71686,277.9692,366.366,11.39116,271.3883,23.93918,7.406902,75.57756,101.2191,2.346649,0.4827759,-1.106667,-0.07931912,1.163808,0.1002017,0.011729,1.64,193
"20210710043520",146.1654,37.88484,277.9335,366.53,11.38088,272.2158,23.96088,7.399067,75.67818,101.217,2.351801,0.484926,-1.106454,-0.07606527,1.167356,0.1002925,0.01178265,1.45,187
"20210710043540",146.528,38.0252,277.9072,366.4896,11.3708,272.4478,24.01425,7.40641,75.50197,101.2167,2.357636,0.4867226,-1.106144,-0.07588334,1.168351,0.1005159,0.0117321,1.14,183
"20210710043600",146.8158,38.15828,277.9052,366.5371,11.36597,272.7684,24.0294,7.414166,75.92198,101.2168,2.362266,0.488426,-1.105868,-0.07479414,1.169726,0.1005793,0.01167917,1.18,180
"20210710043620",146.8544,38.30303,277.9186,366.5509,11.36314,273.179,24.11307,7.450417,75.9713,101.2174,2.362886,0.4902788,-1.105534,-0.07436743,1.171487,0.1009295,0.01244283,1.23,175
"20210710043640",147.3808,38.46968,277.9389,366.5466,11.35669,274.1891,24.16231,7.418034,76.01452,101.2175,2.371357,0.492412,-1.104897,-0.07392812,1.175818,0.1011356,0.01266575,1.28,173
"20210710043700",147.7816,38.5977,277.9319,366.5668,11.35831,274.5662,24.22047,7.450894,76.34483,101.222,2.377805,0.4940506,-1.10508,-0.07375356,1.177436,0.101379,0.01142621,1.32,169
"20210710043720",148.1995,38.61492,277.9782,366.5499,11.35609,275.055,24.15207,7.450012,75.87201,101.2233,2.384529,0.494271,-1.104395,-0.07383216,1.179532,0.1010928,0.01244569,1.34,158
"20210710043740",148.2376,38.6325,277.9719,366.574,11.35609,275.3304,24.22785,7.480534,75.85057,101.2201,2.385144,0.494496,-1.104471,-0.07347274,1.180713,0.1014099,0.01020885,1.45,161
"20210710043800",148.4779,38.67576,277.9595,366.5056,11.35125,275.996,24.15162,7.476506,75.1639,101.2219,2.389009,0.4950497,-1.104319,-0.07411726,1.183567,0.1010909,0.01125026,1.41,161
"20210710043820",148.8855,38.73327,278.0397,366.6087,11.35387,276.6071,24.16086,7.496201,74.79278,101.2233,2.395568,0.4957859,-1.103533,-0.07278214,1.186188,0.1011295,0.01212859,1.56,154
"20210710043840",149.151,38.75992,278.0943,366.6876,11.35911,276.8453,24.1942,7.504478,74.81286,101.2243,2.399839,0.4961269,-1.103211,-0.0720111,1.187209,0.1012691,0.01308489,1.45,151
"20210710043900",149.5721,38.81301,278.081,366.7511,11.36113,277.6447,24.18963,7.509785,74.88205,101.2271,2.406615,0.4968065,-1.103492,-0.07121822,1.190637,0.10125,0.01102114,1.44,151
"20210710043920",149.8756,38.81416,278.0609,366.8242,11.37141,277.9464,24.16339,7.552719,74.89928,101.2309,2.411498,0.4968213,-1.104363,-0.07092866,1.191931,0.1011401,0.01376772,1.52,162
"20210710043940",149.9323,38.86766,278.0102,366.8787,11.37463,278.0801,24.17673,7.573738,75.13195,101.2292,2.41241,0.4975062,-1.105163,-0.07036827,1.192504,0.101196,0.013623,1.41,164
"20210710044000",150.0916,38.86829,277.963,366.8043,11.3823,278.2869,24.1545,7.579533,74.91214,101.2307,2.414974,0.4975142,-1.106192,-0.07207742,1.193391,0.1011029,0.01155543,1.87,160
"20210710044020",150.1759,38.77111,277.8824,366.7874,11.38774,278.8016,24.19576,7.607891,74.02222,101.232,2.416331,0.4962702,-1.107479,-0.07275337,1.195598,0.1012756,0.01338863,1.79,161
"20210710044040",150.562,38.87927,277.9485,366.7128,11.39137,279.3789,24.20095,7.580234,73.62343,101.2329,2.422543,0.4976546,-1.106923,-0.07415154,1.198074,0.1012974,0.01357865,1.66,165
"20210710044100",150.779,38.93906,277.9766,366.7102,11.39379,279.701,24.30678,7.642406,73.41338,101.2348,2.426034,0.4984199,-1.106742,-0.07438111,1.199456,0.1017403,0.01213741,1.65,160
"20210710044120",151.1769,39.04485,278.0204,366.8596,11.40467,280.3774,24.42805,7.61945,73.25951,101.2397,2.432437,0.4997741,-1.106895,-0.07299735,1.202356,0.1022479,0.014323,2,157
"20210710044140",151.5354,39.06084,277.8554,366.8416,11.40709,280.884,24.50039,7.649582,73.94384,101.2388,2.438205,0.4999788,-1.108992,-0.07345357,1.204528,0.1025507,0.0120883,2.73,150
"20210710044200",151.7664,39.03044,277.8307,366.5134,11.40991,281.5927,24.54101,7.635258,73.93715,101.2356,2.441922,0.4995896,-1.109459,-0.07857818,1.207568,0.1027207,0.01218677,3.02,151
"20210710044220",151.971,38.86852,277.8475,366.3964,11.41132,281.8232,24.55162,7.671032,73.82724,101.2369,2.445214,0.497517,-1.109347,-0.08043683,1.208556,0.1027652,0.01194096,2.64,152
"20210710044240",151.9521,38.62991,277.9384,366.4413,11.41294,282.0465,24.50864,7.625011,74.45688,101.2378,2.444909,0.4944629,-1.108374,-0.07989234,1.209514,0.1025852,0.01225662,2.06,136
"20210710044300",152.3594,38.6326,278.0184,366.6446,11.4206,282.8176,24.55061,7.629646,75.60918,101.2379,2.451463,0.4944973,-1.107902,-0.07745352,1.21282,0.1027609,0.01222491,1.69,144
"20210710044320",152.6184,38.7737,278.0117,366.7642,11.42523,283.1711,24.48904,7.663216,76.20093,101.2409,2.45563,0.4963034,-1.108267,-0.07602866,1.214337,0.1025032,0.0130086,1.81,140
"20210710044340",152.9569,38.85165,277.8937,366.7478,11.42967,283.6988,24.49535,7.641987,75.58852,101.2414,2.461076,0.4973012,-1.109933,-0.07661948,1.216599,0.1025296,0.01112628,2.21,140
"20210710044400",152.8173,38.80886,277.8376,366.869,11.43632,283.4416,24.49327,7.673702,75.1065,101.2373,2.458831,0.4967534,-1.111006,-0.07532802,1.215496,0.1025209,0.0109086,2.35,146
"20210710044420",153.3158,38.8565,277.8124,366.72,11.44136,284.4012,24.48631,7.666046,74.2599,101.2373,2.466851,0.4973632,-1.111616,-0.07794778,1.219612,0.1024918,0.01298904,1.93,137
"20210710044440",153.5844,38.91692,277.776,366.7504,11.44579,285.0242,24.46894,7.672188,74.58001,101.2381,2.471173,0.4981366,-1.112321,-0.07784079,1.222283,0.1024191,0.01193285,2.55,140
"20210710044500",153.9542,38.98423,277.5507,366.6184,11.44741,285.4842,24.55105,7.662121,74.20149,101.2377,2.477123,0.4989981,-1.115081,-0.0799395,1.224256,0.1027627,0.00997448,2.74,140
"20210710044520",153.9883,38.79627,277.4253,366.1138,11.43672,285.7529,24.5306,7.620258,72.37268,101.2367,2.477672,0.4965923,-1.115903,-0.08664426,1.225408,0.1026771,0.01026177,3.13,132
"20210710044540",154.2546,38.63737,277.3511,365.9178,11.43007,286.7255,24.53427,7.586136,71.23583,101.2423,2.481956,0.4945584,-1.116369,-0.08905304,1.229579,0.1026925,0.008468628,2.44,135
"20210710044600",154.6337,38.62672,277.3858,366.0204,11.41878,287.3241,24.63372,7.500744,71.83679,101.239,2.488056,0.494422,-1.115261,-0.08663768,1.232146,0.1031088,0.01006985,2.33,142
"20210710044620",154.7902,38.6027,277.4053,366.0042,11.40286,287.8473,24.56844,7.524212,71.79122,101.2386,2.490573,0.4941145,-1.114048,-0.0856361,1.234389,0.1028355,0.01092219,2.28,139
"20210710044640",154.9141,38.66741,277.4607,366.0584,11.39157,288.3721,24.59202,7.485489,71.86582,101.2385,2.492567,0.4949428,-1.112697,-0.08394506,1.23664,0.1029343,0.01118803,1.98,143
"20210710044700",155.1005,38.8372,277.4927,366.1616,11.3825,288.4088,24.64776,7.428513,72.72001,101.2391,2.495567,0.4971162,-1.11176,-0.08169546,1.236798,0.1031676,0.01158023,2.13,121
"20210710044720",155.4279,38.96471,277.4794,366.233,11.37484,289.3148,24.70103,7.43127,73.71265,101.24,2.500835,0.4987483,-1.111444,-0.08003021,1.240683,0.1033905,0.0105474,2.5,129
"20210710044740",155.6494,38.94576,277.385,366.0769,11.36294,289.4644,24.6593,7.434845,73.44176,101.2437,2.504398,0.4985058,-1.111825,-0.08143434,1.241324,0.1032158,0.009509563,2.85,126
"20210710044800",155.7268,38.87495,277.3058,365.7302,11.34581,289.8533,24.7455,7.392963,72.58703,101.2453,2.505645,0.4975994,-1.111702,-0.08527527,1.242992,0.1035767,0.01081061,2.35,125
"20210710044820",155.8813,38.82851,277.2057,365.835,11.3323,290.1986,24.70016,7.380703,72.591,101.2411,2.50813,0.4970049,-1.112053,-0.08265715,1.244473,0.1033869,0.01089501,2.07,124
"20210710044840",156.2097,38.88449,277.1617,365.8736,11.32323,290.9899,24.76515,7.351944,72.93314,101.2421,2.513414,0.4977214,-1.112013,-0.08137367,1.247866,0.1036589,0.01109314,2.29,119
"20210710044900",156.6626,38.9741,277.1725,365.9102,11.30912,291.4663,24.75027,7.351474,73.33197,101.2432,2.520701,0.4988685,-1.111014,-0.0797255,1.249909,0.1035966,0.01210976,2.59,131
"20210710044920",156.8163,39.0114,277.1031,365.9956,11.29884,291.7891,24.77478,7.350426,73.55632,101.2448,2.523174,0.499346,-1.1112,-0.07764695,1.251293,0.1036992,0.01313043,2.2,136
"20210710044940",156.8956,39.12977,277.1021,366.1009,11.29158,291.9836,24.76357,7.329723,73.83981,101.2454,2.52445,0.500861,-1.110766,-0.0755097,1.252128,0.1036523,0.01327276,2.02,136
"20210710045000",157.2485,39.16815,276.9313,365.9148,11.28211,292.3294,24.82771,7.326038,74.1378,101.2488,2.530128,0.5013523,-1.112199,-0.07755057,1.25361,0.1039208,0.01025772,2.29,130
"20210710045020",157.4279,39.15613,276.8709,365.7643,11.27404,292.4799,24.74022,7.362728,73.66122,101.2487,2.533015,0.5011985,-1.112415,-0.07917021,1.254256,0.1035545,0.01101899,3.36,139
"20210710045040",157.6089,39.09501,276.8043,365.5636,11.25772,293.2065,24.87214,7.344551,73.02694,101.2497,2.535928,0.5004162,-1.112195,-0.08089624,1.257371,0.1041067,0.01114392,3.01,130
"20210710045100",157.7662,39.08967,276.7365,365.3669,11.24844,293.4602,24.88446,7.363709,72.1353,101.2496,2.538458,0.5003477,-1.112425,-0.08311256,1.25846,0.1041583,0.009999037,2.86,136
"20210710045120",158.0786,39.0976,276.8103,365.4648,11.23695,294.0779,24.85524,7.294689,72.85882,101.2503,2.543485,0.5004493,-1.110844,-0.08075139,1.261109,0.104036,0.01047397,2.1,135
"20210710045140",158.4517,39.16551,276.7348,365.4348,11.22486,294.7821,24.91999,7.31239,73.20618,101.2514,2.549488,0.5013185,-1.110991,-0.08025938,1.264129,0.104307,0.009338856,3.07,144
"20210710045200",158.704,39.20625,276.6355,365.3441,11.21095,294.7015,24.94507,7.278134,72.45408,101.2533,2.553548,0.50184,-1.111307,-0.0805294,1.263783,0.104412,0.01160097,3.77,144
"20210710045220",158.8386,39.16831,276.5964,365.1389,11.19623,295.4688,24.96507,7.295063,72.00714,101.2489,2.555712,0.5013543,-1.110862,-0.08244926,1.267073,0.1044957,0.0124979,3.77,136
"20210710045240",159.1777,39.16454,276.6241,364.9942,11.18091,296.3738,25.04389,7.266891,72.70637,101.2477,2.56117,0.5013062,-1.109592,-0.08341791,1.270954,0.1048256,0.009651899,2.92,134
"20210710045300",159.5687,39.19943,276.4901,364.9448,11.16035,297.5033,25.1314,7.212223,72.97205,101.2488,2.567461,0.5017527,-1.109909,-0.08255394,1.275798,0.1051919,0.0110414,4.22,140
"20210710045320",159.768,39.15696,276.3772,364.8867,11.14362,297.6767,25.11984,7.173839,72.71715,101.2487,2.570668,0.5012091,-1.110213,-0.08211983,1.276542,0.1051435,0.01029229,4.13,138
"20210710045340",159.8903,39.15798,276.4521,364.819,11.12205,297.6134,25.16005,7.146893,72.83664,101.25,2.572634,0.5012221,-1.108001,-0.08145145,1.27627,0.1053118,0.01250386,3.7,137
"20210710045400",160.3272,39.20702,276.4081,364.9828,11.10975,297.8591,25.17428,7.087055,73.10927,101.254,2.579665,0.5018499,-1.107763,-0.07804762,1.277324,0.1053714,0.01291561,3.82,151
"20210710045420",160.5085,39.243,276.2955,364.7102,11.08697,298.4434,25.15634,7.09291,72.56914,101.2552,2.582581,0.5023104,-1.107692,-0.08034763,1.279829,0.1052963,0.009836435,3.04,137
"20210710045440",160.6846,39.2763,276.1954,364.5342,11.06883,298.7456,25.24084,7.079937,71.71128,101.2501,2.585415,0.5027366,-1.107758,-0.08156527,1.281125,0.10565,0.01093912,3.63,141
"20210710045500",161.0207,39.33817,276.1698,364.4767,11.04807,299.8615,25.2475,7.043674,71.42769,101.25,2.590822,0.5035286,-1.106785,-0.08080991,1.285911,0.1056779,0.009162665,3.17,149
"20210710045520",161.4186,39.37684,276.1436,364.467,11.0267,300.445,25.31069,7.005673,72.42638,101.2487,2.597225,0.5040236,-1.10578,-0.07929345,1.288413,0.1059424,0.01145053,3.69,152
"20210710045540",161.758,39.37546,276.2111,364.485,11.00432,301.1219,25.3082,6.977642,72.6959,101.2502,2.602686,0.5040059,-1.103608,-0.07728535,1.291316,0.105932,0.009618044,2.97,152
"20210710045600",162.0158,39.43744,276.226,364.708,10.9882,300.9947,25.30985,6.987404,73.30037,101.2516,2.606833,0.5047992,-1.10244,-0.07269847,1.29077,0.1059388,0.01258898,3.2,145
"20210710045620",162.5118,39.60827,276.2128,364.7918,10.97288,301.7922,25.3863,7.001568,73.63229,101.2535,2.614815,0.5069859,-1.101655,-0.07025662,1.29419,0.1062588,0.01147866,3.37,146
"20210710045640",162.8632,39.76468,276.131,364.7334,10.95756,302.3283,25.45245,6.970379,73.69594,101.2501,2.620468,0.5089879,-1.10168,-0.06993714,1.296489,0.1065357,0.01169348,3.25,160
"20210710045700",163.2269,39.90121,276.1623,364.8106,10.94586,302.7736,25.4511,7.037231,74.14874,101.2502,2.626321,0.5107355,-1.100592,-0.06787535,1.298399,0.1065301,0.01325846,3.14,149
"20210710045720",163.516,40.02573,276.0172,364.6807,10.93155,303.1706,25.47351,6.994736,72.76993,101.2498,2.630973,0.5123294,-1.101428,-0.06870588,1.300101,0.1066239,0.01152587,3.27,143
"20210710045740",163.4819,40.18569,276.0757,364.6073,10.92208,303.0327,25.54341,6.977108,72.24487,101.2496,2.630424,0.5143768,-1.100155,-0.06906733,1.29951,0.1069164,0.01265979,3.89,150
"20210710045800",163.7832,40.2597,276.0261,364.567,10.9128,303.6455,25.57124,6.974724,72.2487,101.2498,2.635271,0.5153242,-1.100172,-0.06894861,1.302138,0.1070329,0.01166344,4.12,155
"20210710045820",164.1812,40.32269,275.9683,364.577,10.90534,304.3796,25.57057,6.961941,72.3469,101.2543,2.641675,0.5161304,-1.100395,-0.06821712,1.305286,0.1070301,0.01175165,3.78,167
"20210710045840",164.4881,40.33483,275.5872,364.5017,10.89406,305.3079,25.67239,6.987446,73.34294,101.2523,2.646613,0.5162858,-1.104202,-0.06846712,1.309267,0.1074563,0.009550333,4.52,164
"20210710045900",164.8647,40.3297,275.4406,364.0581,10.8743,306.1079,25.78145,6.995071,73.5719,101.2497,2.652673,0.5162202,-1.104722,-0.07356058,1.312697,0.1079128,0.009497642,4.78,156
"20210710045920",164.8924,40.18046,275.5037,363.9043,10.85354,306.3966,25.7726,6.912922,73.14031,101.25,2.653119,0.5143099,-1.102704,-0.07424731,1.313935,0.1078758,0.01006389,4.08,159
"20210710045940",164.7851,40.00881,275.5333,363.7395,10.82894,306.4287,25.79357,6.860126,72.7198,101.2505,2.651392,0.5121127,-1.100846,-0.07480122,1.314073,0.1079636,0.01144028,4.24,162
"20210710050000",164.9893,39.96538,275.4529,363.6927,10.80314,306.921,25.75975,6.767639,73.26146,101.2511,2.654678,0.5115569,-1.100211,-0.07349681,1.316184,0.107822,0.01106548,4.68,160
"20210710050020",165.1403,39.94732,275.4445,363.6454,10.77593,307.5007,25.85563,6.71297,73.80004,101.2509,2.657107,0.5113256,-1.098643,-0.07209452,1.31867,0.1082233,0.01245427,3.16,147
"20210710050040",165.4432,40.00688,275.4457,363.5736,10.75113,307.8185,25.91642,6.690361,74.4003,101.25,2.661982,0.5120881,-1.097107,-0.07124339,1.320033,0.1084778,0.01260996,3.04,145
"20210710050100",165.8101,40.14183,275.4844,363.826,10.72876,308.4297,25.88597,6.673336,75.17978,101.2544,2.667885,0.5138154,-1.09528,-0.06573852,1.322654,0.1083503,0.01171517,3.84,146
"20210710050120",166.1542,40.27193,275.4592,363.871,10.709,308.5426,25.95122,6.671421,75.36358,101.2565,2.673421,0.5154806,-1.094368,-0.0635354,1.323138,0.1086234,0.01274037,3.38,143
"20210710050140",166.3612,40.38886,275.423,364.0619,10.6959,309.0099,25.92882,6.69799,75.76327,101.2525,2.676752,0.5169774,-1.093992,-0.05966716,1.325142,0.1085297,0.01255727,2.96,146
"20210710050200",166.8019,40.55462,275.3767,364.111,10.68159,309.4391,25.91971,6.697121,75.6447,101.2534,2.683843,0.5190991,-1.093661,-0.0578232,1.326983,0.1084915,0.01256323,4,144
"20210710050220",167.2715,40.7472,275.3015,364.0249,10.67392,310.2098,26.03422,6.718811,75.0637,101.2512,2.691398,0.5215641,-1.09408,-0.05851652,1.330288,0.1089708,0.01140165,4.12,136
"20210710050240",167.7852,40.91648,275.1317,363.8641,10.66526,310.6487,26.08699,6.724098,74.70425,101.2553,2.699664,0.523731,-1.095555,-0.06024782,1.33217,0.1091917,0.01136541,3.9,142
"20210710050300",167.9795,40.99888,275.2254,363.7518,10.66062,311.5504,26.13884,6.71059,74.47307,101.257,2.70279,0.5247856,-1.094164,-0.0615669,1.336037,0.1094087,0.01247048,4.14,133
"20210710050320",168.3229,41.08638,275.0898,363.8733,10.65256,311.921,26.17905,6.749771,74.96485,101.2619,2.708315,0.5259057,-1.095273,-0.05912712,1.337626,0.109577,0.01220036,3.88,142
"20210710050340",168.5175,41.1798,275.1901,363.8902,10.64591,312.4713,26.2236,6.733158,74.53816,101.2605,2.711446,0.5271015,-1.093681,-0.05835831,1.339986,0.1097635,0.01231527,3.36,138
"20210710050400",168.8332,41.32292,275.05,364.0105,10.64449,313.0017,26.26717,6.76257,75.28142,101.2586,2.716526,0.5289335,-1.095249,-0.05645276,1.342261,0.1099459,0.01211214,4.8,132
"20210710050420",169.1063,41.33171,274.8235,363.6776,10.64006,313.5069,26.33878,6.784485,75.25535,101.2596,2.72092,0.5290459,-1.097651,-0.06108141,1.344427,0.1102456,0.00993681,4.45,129
"20210710050440",169.4756,41.28561,274.8271,363.4223,10.62978,314.3393,26.38703,6.735611,75.0427,101.2626,2.726863,0.5284557,-1.096981,-0.06410124,1.347997,0.1104476,0.0102737,4.43,128
"20210710050500",170.0123,41.23646,274.7077,363.5422,10.61809,315.5799,26.46498,6.722374,75.46585,101.2625,2.735497,0.5278268,-1.097674,-0.06140312,1.353317,0.1107738,0.01036501,4.61,148
"20210710050520",169.9823,41.32721,274.7379,363.4427,10.60236,316.1177,26.50041,6.682762,74.6272,101.2687,2.735016,0.5289884,-1.096356,-0.06167332,1.355623,0.1109221,0.01165032,4.68,134
"20210710050540",170.102,41.32022,274.5999,363.3074,10.58825,315.919,26.50053,6.640862,75.02714,101.2688,2.736941,0.5288988,-1.097123,-0.06260223,1.354771,0.1109226,0.009915114,4.07,131
"20210710050600",170.1875,41.2229,274.5539,363.0388,10.56749,316.2496,26.56083,6.629749,73.87405,101.2654,2.738317,0.5276531,-1.096395,-0.06500718,1.356189,0.1111751,0.01100349,4.58,132
"20210710050620",170.3563,41.16236,274.6403,363.1695,10.55318,317.0179,26.53898,6.596916,74.51314,101.2665,2.741034,0.5268782,-1.094499,-0.06194646,1.359483,0.1110836,0.01426601,3.91,124
"20210710050640",171.1332,41.35144,274.4871,363.2662,10.53604,318.1809,26.69454,6.567238,75.75079,101.2664,2.753533,0.5292985,-1.095261,-0.05917724,1.364471,0.1117347,0.01143503,4.13,132
"20210710050700",171.473,41.42189,274.436,363.1074,10.52112,318.8375,26.72437,6.578674,75.8595,101.2673,2.759,0.5302002,-1.094952,-0.06039578,1.367286,0.1118596,0.00933218,4.14,137
"20210710050720",171.6122,41.40959,274.3575,363.2156,10.50419,319.1913,26.70536,6.531948,75.89833,101.2698,2.76124,0.5300427,-1.094844,-0.0574699,1.368804,0.11178,0.01066685,4.63,133
"20210710050740",171.9599,41.45121,274.213,362.9757,10.48181,319.7736,26.81003,6.494762,75.64551,101.2713,2.766835,0.5305756,-1.095182,-0.05932418,1.371301,0.1122181,0.01294661,4.45,138
"20210710050800",172.3733,41.51572,274.3278,362.9404,10.46145,320.995,26.8131,6.499687,75.19142,101.2674,2.773487,0.5314012,-1.092583,-0.05827816,1.376539,0.112231,0.0119009,3.62,130
"20210710050820",172.796,41.66854,274.3149,363.2777,10.44956,320.8078,26.94066,6.514389,75.78706,101.2687,2.780288,0.5333574,-1.092008,-0.0523186,1.375736,0.1127649,0.01382303,3.79,140
"20210710050840",173.0078,41.73822,274.4058,363.1812,10.43162,321.6581,26.96786,6.490944,75.81622,101.2679,2.783695,0.5342492,-1.089838,-0.05237342,1.379382,0.1128788,0.01196122,2.88,125
"20210710050900",173.4565,41.82854,274.4918,363.4601,10.42194,321.9387,27.10259,6.477669,76.22107,101.2692,2.790915,0.5354054,-1.088232,-0.04745906,1.380585,0.1134427,0.01609969,3.07,138
"20210710050920",173.7037,41.93112,274.4676,363.2592,10.40965,322.3005,27.11192,6.502788,75.64237,101.2687,2.794892,0.5367183,-1.087767,-0.04950984,1.382137,0.1134817,0.01289129,3.64,129
"20210710050940",174.3683,42.12092,274.3077,363.374,10.4038,323.3285,27.14975,6.53445,75.91997,101.2726,2.805585,0.5391478,-1.089299,-0.04734559,1.386545,0.1136401,0.01368499,4.09,134
"20210710051000",174.3994,42.23482,274.1859,362.9384,10.38989,323.4548,27.24957,6.488064,74.49215,101.269,2.806086,0.5406057,-1.089887,-0.05277896,1.387087,0.1140579,0.01198077,4.67,129
"20210710051020",174.6122,42.27312,274.1819,362.8743,10.38082,324.1776,27.26651,6.472344,73.90082,101.2679,2.80951,0.541096,-1.089382,-0.05303586,1.390186,0.1141288,0.01107788,4.52,132
"20210710051040",174.9018,42.28451,274.1535,362.6692,10.3649,324.8078,27.25912,6.465378,73.60945,101.2667,2.814171,0.5412417,-1.088744,-0.0548692,1.392889,0.1140978,0.0131495,4.48,130
"20210710051100",175.2641,42.29888,274.1674,362.692,10.35099,325.5522,27.19038,6.421414,73.72158,101.2666,2.82,0.5414256,-1.087731,-0.05345475,1.396081,0.1138101,0.01142931,3.49,127
"20210710051120",175.777,42.44827,274.3901,362.98,10.34212,326.0189,27.27392,6.420067,73.90425,101.268,2.828253,0.5433379,-1.084559,-0.04846553,1.398083,0.1141598,0.01346159,4.04,132
"20210710051140",176.2399,42.64075,274.4871,363.3194,10.34554,326.8283,27.24294,6.421276,75.13529,101.2715,2.8357,0.5458016,-1.083624,-0.0436615,1.401554,0.1140301,0.01041842,2.97,106
"20210710051200",176.6208,42.79921,274.2697,362.9939,10.33526,327.4677,27.28979,6.463654,74.54606,101.2714,2.84183,0.5478299,-1.085564,-0.04773039,1.404296,0.1142262,0.01316118,3.83,129
"20210710051220",177.0862,42.85595,274.2173,362.8813,10.32881,328.0887,27.33217,6.495369,74.30768,101.2652,2.849316,0.5485562,-1.08579,-0.04891647,1.406959,0.1144036,0.01193047,4.3,124
"20210710051240",177.3439,42.92358,274.2242,362.847,10.32438,328.6768,27.40105,6.459896,73.57638,101.2669,2.853463,0.5494218,-1.085436,-0.04908466,1.409481,0.1146919,0.01217532,4.47,132
"20210710051300",177.7044,42.98222,274.2808,362.8928,10.31873,329.12,27.40323,6.403702,72.955,101.2678,2.859264,0.5501724,-1.084424,-0.04796481,1.411381,0.1147011,0.01357484,3.94,126
"20210710051320",177.9191,43.11625,274.3369,363.2163,10.32014,329.1628,27.4265,6.461182,73.83675,101.2675,2.862718,0.551888,-1.083846,-0.04324035,1.411565,0.1147985,0.01216626,2.88,131
"20210710051340",178.409,43.27954,274.3428,363.3673,10.32276,330.1002,27.4372,6.49678,74.33342,101.2694,2.870602,0.5539782,-1.083937,-0.04118614,1.415585,0.1148433,0.01293254,2.88,134
"20210710051400",178.9607,43.49719,274.3605,363.4574,10.32035,330.9048,27.45453,6.510738,74.66296,101.2729,2.879478,0.5567641,-1.083581,-0.03965387,1.419035,0.1149158,0.01283622,2.7,123
"20210710051420",179.1729,43.67861,274.4083,363.4991,10.3268,331.2835,27.5185,6.507256,74.37739,101.2684,2.882892,0.5590862,-1.083409,-0.03952781,1.420659,0.1151835,0.01488423,2.56,120
"20210710051440",179.4851,43.80992,274.5117,363.8247,10.33708,331.7748,27.50258,6.550205,73.89944,101.269,2.887916,0.560767,-1.082816,-0.03545822,1.422766,0.1151169,0.01458812,2.7,138
"20210710051500",180.0528,44.00185,274.4667,363.9619,10.34675,332.7014,27.59775,6.563801,73.9636,101.2682,2.89705,0.5632238,-1.083937,-0.03415481,1.42674,0.1155153,0.01145864,4.09,142
"20210710051520",180.3492,44.00856,274.4941,363.7499,10.35361,332.6632,27.57142,6.550953,72.80615,101.2677,2.901819,0.5633096,-1.084033,-0.03785201,1.426576,0.115405,0.01255918,2.7,156
"20210710051540",180.6197,44.0768,274.6265,363.7363,10.3659,333.6172,27.63622,6.610726,72.92328,101.2688,2.906171,0.564183,-1.083221,-0.03900553,1.430667,0.1156763,0.01518297,3.92,144
"20210710051600",181.0525,44.15287,274.6351,363.7763,10.3778,333.9096,27.65253,6.650928,73.02581,101.2734,2.913134,0.5651568,-1.083846,-0.03932643,1.431921,0.1157446,0.01186967,3.15,136
"20210710051620",181.1879,44.21288,274.562,363.5823,10.38505,334.726,27.72686,6.645973,72.10098,101.2716,2.915313,0.5659248,-1.08515,-0.04278294,1.435422,0.1160557,0.01291585,3.82,135
"20210710051640",181.5015,44.23046,274.6387,363.4751,10.39312,335.0567,27.78171,6.670978,71.23573,101.269,2.920359,0.5661498,-1.084738,-0.04501009,1.43684,0.1162853,0.01071954,4.63,142
"20210710051700",181.7424,44.19484,274.5455,363.4424,10.40461,335.687,27.76738,6.671104,71.09213,101.2707,2.924236,0.565694,-1.086539,-0.0463848,1.439543,0.1162253,0.01274276,3.99,139
"20210710051720",181.9852,44.20487,274.5797,363.5309,10.40803,336.2313,27.81675,6.661556,70.72281,101.2721,2.928143,0.5658224,-1.086344,-0.04532597,1.441877,0.1164319,0.01280856,3.01,153
"20210710051740",182.5259,44.3208,274.6377,363.9077,10.42295,337.0062,27.89771,6.68243,71.70886,101.2725,2.936842,0.5673063,-1.086571,-0.04085022,1.4452,0.1167708,0.01165247,3.24,134
"20210710051800",182.5462,44.36042,274.5438,363.7496,10.42981,337.001,27.85565,6.666294,71.4192,101.276,2.937168,0.5678134,-1.088099,-0.04374344,1.445178,0.1165947,0.01075172,3.18,125
"20210710051820",182.9841,44.43072,274.5208,363.7662,10.43303,338.0896,27.90741,6.687348,71.39712,101.2783,2.944215,0.5687132,-1.088568,-0.0437457,1.449846,0.1168114,0.01263046,3.33,140
"20210710051840",183.1948,44.47926,274.4302,363.8562,10.4419,338.035,27.91197,6.704933,72.28302,101.272,2.947604,0.5693344,-1.090179,-0.04308409,1.449612,0.1168305,0.01250958,3.37,123
"20210710051900",183.3523,44.47328,274.5809,363.8048,10.44996,338.7034,27.93763,6.746891,73.09626,101.2733,2.950138,0.5692579,-1.088892,-0.04447467,1.452478,0.1169379,0.01323271,3.01,138
"20210710051920",183.5709,44.50245,274.5668,364.043,10.46307,338.8335,27.93564,6.727528,74.39582,101.274,2.953655,0.5696314,-1.089859,-0.04192972,1.453036,0.1169296,0.01336622,4.3,140
"20210710051940",183.8294,44.54229,274.6262,364.0483,10.46851,339.5336,28.04954,6.694538,74.01754,101.2759,2.957814,0.5701414,-1.08949,-0.04227124,1.456038,0.1174063,0.01359344,3.43,130
"20210710052000",184.3076,44.62365,274.5891,364.3055,10.47919,340.2185,28.1264,6.74953,74.6411,101.276,2.965509,0.5711827,-1.09058,-0.03925333,1.458976,0.117728,0.01220202,2.71,133
"20210710052020",184.6895,44.67119,274.552,363.9386,10.48665,340.87,28.11327,6.75013,73.85881,101.2799,2.971653,0.5717912,-1.091476,-0.04531354,1.461769,0.117673,0.01017404,3.43,144
"20210710052040",184.7829,44.60973,274.5208,363.7948,10.48867,341.2184,28.1181,6.692467,72.85198,101.2793,2.973158,0.5710046,-1.091967,-0.04761705,1.463263,0.1176933,0.01259565,3.76,140
"20210710052100",185.0145,44.60618,274.6109,363.9398,10.4931,341.6157,28.19892,6.706951,72.1046,101.2787,2.976883,0.570959,-1.091174,-0.04579241,1.464967,0.1180316,0.01350832,3.39,134
"20210710052120",185.467,44.71262,274.6078,364.0846,10.49915,342.5256,28.20001,6.69624,71.74118,101.2805,2.984164,0.5723215,-1.091579,-0.04409728,1.468869,0.1180361,0.01358199,3.47,139
"20210710052140",185.7782,44.78825,274.6765,364.2563,10.50379,342.517,28.24841,6.761127,71.76922,101.281,2.989172,0.5732896,-1.091052,-0.04189107,1.468833,0.1182387,0.01212215,4.03,134
"20210710052200",185.8766,44.8363,274.6011,364.0195,10.50742,343.727,28.29248,6.740635,71.32576,101.2797,2.990754,0.5739047,-1.092165,-0.04570976,1.474021,0.1184232,0.01125121,3.94,130
"20210710052220",186.4503,44.86814,274.7168,364.1149,10.51145,344.4648,28.31583,6.713913,70.64915,101.2817,2.999985,0.5743122,-1.091045,-0.04459656,1.477185,0.1185209,0.01244783,3.29,144
"20210710052240",186.5438,44.89809,274.5774,364.2466,10.5181,344.6109,28.35198,6.736755,71.00167,101.2804,3.001489,0.5746955,-1.093097,-0.04314196,1.477812,0.1186722,0.01127815,2.09,138
"20210710052300",186.6121,44.96634,274.5703,363.9636,10.52052,344.5124,28.32596,6.762066,71.81658,101.2771,3.002589,0.5755692,-1.093329,-0.04755693,1.477389,0.1185633,0.008066654,3.87,127
"20210710052320",186.7149,44.78323,274.5567,363.8411,10.51467,345.7744,28.40739,6.72728,71.86842,101.2761,3.004243,0.5732252,-1.093133,-0.0489369,1.482801,0.1189041,0.01033139,3.14,128
"20210710052340",187.1039,44.79731,274.6408,364.0716,10.51064,346.4357,28.41957,6.69622,73.21356,101.278,3.010501,0.5734055,-1.091893,-0.04518122,1.485637,0.1189551,0.01256967,3.24,126
"20210710052400",187.4956,44.8637,274.5317,364.1444,10.50842,346.6309,28.521,6.649616,74.14015,101.2784,3.016805,0.5742554,-1.093046,-0.0439208,1.486474,0.1193797,0.01086688,3.08,125
"20210710052420",187.7754,44.92959,274.5799,364.2348,10.50399,347.7045,28.58687,6.671578,74.06746,101.2813,3.021307,0.5750988,-1.092206,-0.04222855,1.491078,0.1196554,0.01172757,3.7,132
"20210710052440",188.0585,44.97376,274.624,364.0678,10.49693,348.0718,28.58136,6.636372,74.18795,101.2825,3.025862,0.5756642,-1.091253,-0.04417567,1.492653,0.1196323,0.01197004,3.21,124
"20210710052500",188.3894,44.99546,274.5591,364.1915,10.48786,348.569,28.66022,6.598412,74.1067,101.2783,3.031186,0.5759419,-1.091465,-0.04162671,1.494785,0.1199624,0.014256,3.41,131
"20210710052520",188.4742,45.03771,274.5247,364.0746,10.47899,349.0361,28.66877,6.631882,74.25776,101.279,3.032549,0.5764827,-1.09133,-0.0426895,1.496789,0.1199982,0.009977102,3.46,126
"20210710052540",188.8804,45.03521,274.5755,364.0042,10.4675,349.9948,28.7846,6.57793,73.90994,101.2789,3.039085,0.5764508,-1.090027,-0.04285172,1.5009,0.120483,0.01136088,3.2,116
"20210710052600",189.1641,45.12203,274.6722,364.1998,10.46025,350.3787,28.76633,6.538216,74.4057,101.2795,3.04365,0.577562,-1.088441,-0.03936748,1.502546,0.1204066,0.013659,2.7,124
"20210710052620",189.6093,45.28501,274.8002,364.4468,10.46045,351.4753,28.82613,6.516716,74.63106,101.2785,3.050814,0.5796481,-1.086942,-0.03569362,1.507249,0.1206569,0.01279497,2.53,125
"20210710052640",190.0519,45.49561,274.8999,364.6518,10.45783,351.7641,28.8643,6.553802,74.97998,101.2838,3.057935,0.5823438,-1.085605,-0.03242823,1.508487,0.1208166,0.01456356,2.77,135
"20210710052700",190.5661,45.71122,274.9039,364.7366,10.46428,352.2924,28.92145,6.562348,74.88919,101.279,3.066209,0.5851036,-1.085951,-0.03166002,1.510753,0.1210558,0.0124805,2.75,127
"20210710052720",190.9583,45.93279,274.9744,364.9118,10.46569,352.9727,29.01821,6.591324,73.86793,101.2793,3.072519,0.5879397,-1.085206,-0.02915305,1.51367,0.1214608,0.01632834,2.46,126
"20210710052740",191.4438,46.14619,275.0131,365.1311,10.47718,353.3434,28.98672,6.634308,74.03531,101.2805,3.080332,0.5906712,-1.085451,-0.02676398,1.51526,0.1213291,0.0129962,2.58,135
"20210710052800",192.0032,46.41697,275.012,365.4532,10.49633,354.2159,29.05478,6.663311,74.05353,101.2803,3.089331,0.5941372,-1.086635,-0.02343245,1.519001,0.1216139,0.01482058,2.48,137
"20210710052820",192.4266,46.5554,275.0895,365.7381,10.50863,354.2616,29.1077,6.72189,74.24756,101.281,3.096143,0.5959092,-1.08647,-0.02012762,1.519197,0.1218354,0.01239252,2.74,133
"20210710052840",192.8586,46.67109,275.1073,365.8034,10.52616,355.2204,29.08283,6.740036,74.02398,101.286,3.103094,0.5973899,-1.087332,-0.02050748,1.523309,0.1217313,0.01631713,1.75,137
"20210710052900",192.9209,46.79582,275.0685,365.8085,10.5431,355.3507,29.23626,6.799473,74.79593,101.2842,3.104097,0.5989866,-1.088826,-0.02174069,1.523868,0.1223735,0.01287079,2.75,126
"20210710052920",193.1693,46.77326,275.1433,365.4406,10.5566,355.8263,29.23747,6.835217,73.10079,101.2798,3.108095,0.5986978,-1.088769,-0.0282828,1.525907,0.1223786,0.01161194,2.65,124
"20210710052940",193.6146,46.79567,275.1736,365.3874,10.56789,357.4314,29.27077,6.790359,72.15498,101.2812,3.115258,0.5989846,-1.089103,-0.0299523,1.53279,0.122518,0.01293349,2.1,129
"20210710053000",193.8389,46.86805,275.1598,365.594,10.57999,357.1202,29.26354,6.789791,73.25262,101.2814,3.118868,0.5999111,-1.090004,-0.0278016,1.531456,0.1224877,0.01496172,2.25,128
"20210710053020",194.172,46.82909,275.2827,365.6328,10.58301,358.1986,29.30112,6.797325,73.40757,101.2814,3.124227,0.5994123,-1.088737,-0.02745521,1.536081,0.122645,0.01187277,2,119
"20210710053040",194.6087,46.97065,275.4699,366.0072,10.59914,359.3877,29.26811,6.807907,73.3423,101.2862,3.131255,0.6012243,-1.087515,-0.02311073,1.54118,0.1225069,0.01281261,2.13,121
"20210710053100",194.9857,47.2439,275.3926,366.3581,10.61889,359.5685,29.24277,6.80912,73.32668,101.2866,3.13732,0.6047219,-1.089637,-0.01939753,1.541955,0.1224008,0.01482916,1.73,144
"20210710053120",195.3549,47.36063,275.3392,366.4492,10.63643,360.0774,29.21114,6.837342,74.66778,101.2837,3.143261,0.6062161,-1.09134,-0.01939539,1.544137,0.1222684,0.01564694,1.94,142
"20210710053140",195.7104,47.4154,275.1339,366.3301,10.64752,360.4493,29.22764,6.85905,73.91533,101.2841,3.14898,0.6069172,-1.094444,-0.02203223,1.545732,0.1223375,0.01246071,2.1,147
"20210710053200",195.8927,47.41716,275.2826,366.2795,10.65921,360.9206,29.2001,6.873554,73.69629,101.285,3.151913,0.6069396,-1.093403,-0.02369344,1.547754,0.1222222,0.01641011,1.96,135
"20210710053220",196.1721,47.45628,275.3197,366.5278,10.66949,361.5344,29.20003,6.846718,73.69933,101.2856,3.15641,0.6074404,-1.093595,-0.02078021,1.550385,0.1222219,0.01254511,1.72,144
"20210710053240",196.5708,47.50661,275.2896,366.5764,10.683,362.6546,29.24543,6.871204,74.04531,101.2898,3.162823,0.6080846,-1.094777,-0.02110019,1.555189,0.1224119,0.01338911,2.48,146
"20210710053300",196.9707,47.56321,275.3795,366.4833,10.68884,363.3411,29.30076,6.831798,73.40762,101.2913,3.169258,0.6088092,-1.094074,-0.02294395,1.558133,0.1226435,0.01568556,2.14,148
"20210710053320",197.3505,47.66216,275.2347,366.543,10.70336,363.7158,29.32396,6.894775,74.16886,101.2884,3.175369,0.6100756,-1.096673,-0.02317888,1.55974,0.1227406,0.01322651,2.1,144
"20210710053340",197.6316,47.69206,275.2635,366.679,10.71061,364.7644,29.36626,6.917492,74.28727,101.2875,3.179892,0.6104584,-1.096776,-0.02170709,1.564237,0.1229177,0.01509547,2.13,134
"20210710053400",198.1219,47.76108,275.3601,367.036,10.72311,365.6924,29.40335,6.899048,74.87762,101.2901,3.187781,0.6113418,-1.096403,-0.01734279,1.568216,0.1230729,0.01319742,2.21,158
"20210710053420",198.2023,47.77005,275.197,366.935,10.73239,365.3334,29.3567,6.890404,75.06598,101.2893,3.189075,0.6114567,-1.098897,-0.01957023,1.566677,0.1228776,0.01123118,2.29,147
"20210710053440",198.641,47.79981,275.3446,366.9043,10.74206,366.3728,29.42829,6.922935,74.36738,101.291,3.196134,0.6118376,-1.097747,-0.02077978,1.571134,0.1231773,0.014045,2.13,152
"20210710053500",198.883,47.83303,275.2486,366.8704,10.74226,366.8192,29.47487,6.91494,74.11044,101.2945,3.200027,0.6122628,-1.098892,-0.02130022,1.573048,0.1233723,0.01207542,2.36,143
"20210710053520",199.2121,47.87934,275.3393,366.7256,10.74589,367.544,29.53691,6.91903,73.29398,101.2911,3.205323,0.6128556,-1.098043,-0.02374433,1.576157,0.123632,0.007996559,1.85,147
"20210710053540",199.4815,47.99206,275.4807,366.8634,10.7475,367.9458,29.52193,6.886994,72.57387,101.2903,3.209657,0.6142985,-1.096472,-0.02181218,1.57788,0.1235693,0.009229898,1.75,144
"20210710053600",199.7133,48.10651,275.5742,367.0666,10.75113,368.3294,29.54513,6.880764,73.38376,101.2918,3.213387,0.6157634,-1.095591,-0.01905813,1.579525,0.1236664,0.01433563,1.88,131
"20210710053620",200.1303,48.26441,275.5576,367.1047,10.75355,369.5647,29.60624,6.884625,73.31485,101.292,3.220097,0.6177844,-1.095935,-0.01867494,1.584822,0.1239222,0.01532149,1.87,123
"20210710053640",200.3075,48.38508,275.7081,367.3621,10.76343,369.5803,29.60066,6.874497,73.76214,101.2916,3.222948,0.619329,-1.094763,-0.01559634,1.584889,0.1238988,0.01336622,1.29,115
"20210710053700",200.7877,48.59321,275.6749,367.6837,10.78036,370.2473,29.70786,6.894863,74.5705,101.2975,3.230674,0.6219931,-1.096194,-0.01210513,1.58775,0.1243475,0.01322603,1.67,130
"20210710053720",200.8924,48.68674,275.6361,367.5652,10.78722,370.7669,29.67982,6.910843,74.0537,101.2971,3.232359,0.6231903,-1.097071,-0.01440541,1.589978,0.1242301,0.007040262,1.56,134
"20210710053740",201.5301,48.8246,275.5684,367.4775,10.79669,371.8352,29.7986,6.922169,74.32463,101.2943,3.24262,0.6249548,-1.098452,-0.01645224,1.594559,0.1247273,0.007975102,1.93,131
"20210710053800",201.9619,48.99057,275.6201,367.6932,10.8112,372.4784,29.80249,6.970047,74.29322,101.2939,3.249568,0.6270794,-1.098732,-0.01435696,1.597317,0.1247436,0.01372099,1.74,132
"20210710053820",202.1671,49.03894,275.6788,367.8245,10.82753,373.1259,29.84827,6.949386,74.15646,101.2951,3.252869,0.6276985,-1.09904,-0.01366219,1.600094,0.1249352,0.01386309,1.89,128
"20210710053840",202.4505,48.99628,275.7777,367.9696,10.84185,373.2337,29.82568,6.983787,74.43437,101.2946,3.257428,0.6271523,-1.09875,-0.01260454,1.600556,0.1248406,0.01666427,1.9,134
"20210710053900",202.8792,49.08476,275.7801,367.8794,10.85777,374.4607,29.95782,7.005043,74.1954,101.297,3.264325,0.6282849,-1.099698,-0.01518596,1.605818,0.1253937,0.01145458,1.55,135
"20210710053920",203.0892,49.11013,275.8205,367.6842,10.86906,374.615,29.9336,7.022366,72.93802,101.2979,3.267706,0.6286096,-1.099913,-0.01897987,1.60648,0.1252924,0.01538658,1.83,126
"20210710053940",203.4186,49.14172,275.8915,367.9064,10.88599,375.144,29.92452,7.041081,73.10031,101.294,3.273006,0.629014,-1.100114,-0.01697551,1.608748,0.1252544,0.01019359,1.64,121
"20210710054000",203.945,49.29556,275.9123,368.1589,10.90393,376.1886,30.0281,7.081002,73.97816,101.2946,3.281474,0.6309832,-1.10097,-0.01459544,1.613228,0.1256879,0.008905888,1.7,115
"20210710054020",204.3177,49.37162,276.0334,368.3543,10.92167,376.8196,30.06086,7.090206,74.07434,101.2951,3.287473,0.6319568,-1.100629,-0.01305436,1.615934,0.125825,0.01086831,1.25,131
"20210710054040",204.6886,49.51107,276.0511,368.5474,10.93982,377.2774,30.07362,7.125835,74.4387,101.2949,3.29344,0.6337416,-1.101534,-0.01157934,1.617897,0.1258784,0.01163578,1.48,135
"20210710054100",204.8208,49.53943,276.0031,368.458,10.95473,377.6826,30.13298,7.11655,73.52841,101.2964,3.295567,0.6341047,-1.103019,-0.01407479,1.619635,0.1261269,0.01676464,1.93,132
"20210710054120",205.0434,49.58273,276.2068,368.542,10.97429,377.9241,30.10165,7.141487,72.6143,101.3,3.299149,0.6346589,-1.101812,-0.01433723,1.62067,0.1259958,0.01355434,1.45,136
"20210710054140",205.7444,49.77536,276.1943,368.7491,10.99404,378.9233,30.22352,7.177109,72.45594,101.2976,3.310427,0.6371246,-1.103175,-0.01278008,1.624955,0.1265059,0.01027012,1.27,149
"20210710054200",206.0318,49.84516,276.4379,369.1102,11.01763,379.942,30.21282,7.179111,72.50066,101.2972,3.315051,0.6380181,-1.101748,-0.009219389,1.629324,0.1264611,0.01329517,0.95,156
"20210710054220",206.3268,50.0217,276.4163,369.3644,11.04424,380.0026,30.2137,7.208554,73.15456,101.2971,3.319798,0.6402779,-1.103639,-0.007490109,1.629584,0.1264648,0.0141058,1.28,139
"20210710054240",206.8021,50.21081,276.3092,369.3408,11.06863,380.3486,30.22631,7.238468,72.84386,101.2983,3.327446,0.6426984,-1.106403,-0.009740217,1.631067,0.1265175,0.01390028,1.35,144
"20210710054300",207.4094,50.28106,276.2343,369.2886,11.08939,382.0068,30.32602,7.247738,71.57714,101.2991,3.337217,0.6435976,-1.108564,-0.01213474,1.638178,0.1269349,0.01484942,1.34,151
"20210710054320",207.6529,50.33724,276.3488,369.3973,11.11257,382.4985,30.36142,7.266213,71.56332,101.3035,3.341135,0.6443166,-1.108638,-0.01231577,1.640287,0.1270831,0.01573587,1.3,150
"20210710054340",207.877,50.40303,276.4254,369.6912,11.13334,382.6031,30.38251,7.306938,72.37005,101.3036,3.34474,0.6451588,-1.109011,-0.009540178,1.640736,0.1271714,0.01849556,1.54,170
"20210710054400",208.5438,50.47892,276.1816,369.4536,11.15571,383.9166,30.46819,7.382729,72.68575,101.2999,3.35547,0.6461302,-1.113266,-0.01483085,1.646368,0.12753,0.01594877,2.89,178
"20210710054420",208.5138,50.17342,276.1096,369.1197,11.16378,383.5337,30.46548,7.378486,71.98797,101.3007,3.354987,0.6422198,-1.114615,-0.0204494,1.644726,0.1275186,0.01293755,2.53,162
"20210710054440",208.5994,50.02186,276.1565,368.9463,11.17023,384.353,30.46087,7.366451,70.88242,101.3002,3.356365,0.6402797,-1.114457,-0.02354114,1.64824,0.1274993,0.01302052,2.85,166
"20210710054500",208.9264,50.02568,276.2686,368.7541,11.17547,385.0228,30.55693,7.342953,70.60951,101.3002,3.361625,0.6403286,-1.113456,-0.02682129,1.651112,0.1279014,0.01419497,1.96,162
"20210710054520",209.2389,49.9834,276.1743,368.9094,11.17829,385.7208,30.5607,7.304768,71.00458,101.3038,3.366654,0.6397876,-1.114743,-0.02471965,1.654105,0.1279172,0.01344419,1.65,168
"20210710054540",209.5735,50.09939,276.2281,368.9371,11.18232,386.6062,30.58228,7.280606,69.99943,101.3066,3.372038,0.6412722,-1.114356,-0.02461922,1.657902,0.1280075,0.01259708,2.01,170
"20210710054600",209.8316,50.10928,276.2672,369.1639,11.18514,386.8268,30.59207,7.29208,70.69456,101.304,3.376191,0.6413987,-1.114069,-0.02145285,1.658848,0.1280485,0.01657128,1.98,164
"20210710054620",210.3526,50.11961,275.9095,368.8846,11.18373,387.7638,30.63995,7.274506,71.63302,101.3039,3.384574,0.641531,-1.118206,-0.02551639,1.662866,0.1282489,0.01365209,2.14,175
"20210710054640",210.5831,50.11467,276.0996,368.9869,11.18111,388.6515,30.7431,7.241192,71.2122,101.3038,3.388283,0.6414678,-1.1158,-0.02378297,1.666673,0.1286807,0.01388168,1.79,170
"20210710054700",210.7416,50.27752,276.3606,369.4686,11.18071,388.9792,30.72362,7.253574,71.79222,101.3032,3.390832,0.6435523,-1.112691,-0.01655266,1.668078,0.1285992,0.01582289,0.88,139
"20210710054720",211.0375,50.59981,276.4753,369.6438,11.18212,389.9359,30.74828,7.218354,71.81051,101.3044,3.395594,0.6476776,-1.111424,-0.0140474,1.672181,0.1287024,0.01707816,0.99,143
"20210710054740",211.5323,50.94574,276.2522,369.7966,11.1791,390.5319,30.81806,7.241982,71.4002,101.3093,3.403554,0.6521054,-1.113874,-0.01152958,1.674737,0.1289944,0.01691532,1.33,148
"20210710054800",211.9057,51.16357,276.2044,369.8891,11.18232,391.1831,30.89205,7.228905,71.67462,101.307,3.409562,0.6548937,-1.114635,-0.01039689,1.677529,0.1293041,0.01396608,1.1,142
"20210710054820",212.0683,51.47689,276.3379,370.3474,11.18958,391.799,30.86168,7.260551,71.70636,101.3058,3.412178,0.6589042,-1.113506,-0.004116019,1.68017,0.129177,0.01780105,1.1,165
"20210710054840",212.6419,51.9972,276.2534,370.3557,11.19764,392.4322,30.91019,7.271057,71.52277,101.3067,3.421408,0.6655642,-1.115,-0.004619561,1.682886,0.1293801,0.01570272,1.04,184
"20210710054900",213.1961,52.7861,276.2581,370.4814,11.20712,392.9018,30.97516,7.265698,71.59038,101.3082,3.430326,0.6756621,-1.115529,-0.003481307,1.6849,0.129652,0.01776576,0.92,180
"20210710054920",213.2446,53.56933,276.251,370.528,11.2182,393.0884,30.94744,7.29869,72.19189,101.3083,3.431106,0.6856874,-1.116295,-0.003647973,1.6857,0.129536,0.01449919,1,169
"20210710054940",213.4014,54.28442,276.3719,370.472,11.22647,393.5984,31.00852,7.29134,71.46936,101.3128,3.433629,0.6948406,-1.115377,-0.005127753,1.687887,0.1297916,0.01150966,1.32,168
"20210710055000",213.978,55.12215,276.4881,370.8418,11.2432,394.1136,31.02654,7.340572,71.51998,101.3134,3.442906,0.7055635,-1.115035,-0.0009076698,1.690097,0.1298671,0.01421118,1.04,159
"20210710055020",214.4094,55.88907,276.3241,370.3014,11.25288,395.331,31.07192,7.36932,70.7831,101.3106,3.449847,0.7153802,-1.117568,-0.009734561,1.695317,0.130057,0.01300049,1.74,151
"20210710055040",214.8397,56.2273,276.2768,370.292,11.26417,396.0148,31.1048,7.384327,71.30676,101.3112,3.456771,0.7197094,-1.118822,-0.0107557,1.698249,0.1301946,0.01087022,1.82,150
"20210710055100",215.2533,56.35851,276.2344,369.9981,11.26981,396.5804,31.18079,7.357041,70.60038,101.3117,3.463426,0.721389,-1.119671,-0.01558642,1.700675,0.1305127,0.01511169,1.59,145
"20210710055120",215.3564,56.23924,276.2836,370.0137,11.27546,397.3021,31.19315,7.377446,70.49186,101.3121,3.465085,0.7198622,-1.119438,-0.01579394,1.70377,0.1305644,0.0109179,1.28,136
"20210710055140",215.5476,56.30562,276.4059,370.3902,11.27989,397.3538,31.20521,7.363346,69.869,101.3126,3.468161,0.7207118,-1.118266,-0.01051419,1.703991,0.1306149,0.01608157,0.66,157
"20210710055200",215.7429,56.09354,276.3955,370.6702,11.28674,397.8874,31.22947,7.353115,70.33196,101.3167,3.471304,0.7179973,-1.118812,-0.006866223,1.70628,0.1307164,0.01311183,1.25,146
"20210710055220",216.1141,55.68614,276.4502,370.6724,11.29481,398.6872,31.25727,7.360318,69.95371,101.3126,3.477276,0.7127827,-1.118662,-0.007461889,1.70971,0.1308328,0.01610231,1.09,153
"20210710055240",216.4342,55.04763,276.569,370.8019,11.30267,399.2745,31.33981,7.38639,69.7975,101.3132,3.482427,0.7046096,-1.117745,-0.00614079,1.712228,0.1311783,0.008829832,0.7,159
"20210710055300",216.63,54.46474,276.6533,371.1274,11.31214,399.7278,31.35184,7.361496,70.07264,101.3142,3.485577,0.6971487,-1.117333,-0.002016388,1.714172,0.1312287,0.01812124,0.98,163
"20210710055320",217.1957,54.15072,276.6755,371.2036,11.32746,400.1737,31.44898,7.369514,71.25963,101.3154,3.494678,0.6931291,-1.118015,-0.002071608,1.716084,0.1316353,0.01603937,1.07,163
"20210710055340",217.6233,53.85684,276.61,371.1401,11.34178,400.9949,31.44167,7.43341,71.44376,101.3156,3.501559,0.6893675,-1.119671,-0.004137856,1.719606,0.1316046,0.01154661,1.25,162
"20210710055400",217.7943,53.48578,276.6497,371.0988,11.35427,401.0675,31.44669,7.454533,71.2409,101.3203,3.504311,0.6846179,-1.119974,-0.005731509,1.719917,0.1316257,0.016469,1.55,168
"20210710055420",218.0773,53.12389,276.5341,370.9603,11.36697,402.179,31.4821,7.474953,71.11675,101.3195,3.508864,0.6799858,-1.122122,-0.008789867,1.724684,0.1317739,0.0122745,1.65,166
"20210710055440",218.0548,52.7646,276.6178,370.9944,11.37302,401.8484,31.47722,7.475223,70.74822,101.3159,3.508502,0.6753869,-1.121507,-0.008752043,1.723266,0.1317534,0.01429963,1.47,169
"20210710055500",218.5076,52.71243,276.6634,371.133,11.38129,402.7678,31.52627,7.467384,70.32257,101.3172,3.515787,0.6747191,-1.121478,-0.007327687,1.727208,0.1319588,0.01232624,1.36,157
"20210710055520",219.0218,52.72076,276.7607,371.3043,11.39076,403.8763,31.58376,7.462463,71.03294,101.3165,3.524061,0.6748257,-1.120913,-0.005506893,1.731962,0.1321994,0.01134682,1.48,150
"20210710055540",219.5756,52.83534,276.8427,371.2466,11.39822,404.9066,31.64793,7.40435,70.33547,101.3167,3.532971,0.6762923,-1.120406,-0.006953296,1.736381,0.132468,0.01884055,1.55,150
"20210710055600",219.9447,52.80957,276.7848,371.2134,11.41132,405.482,31.6828,7.450661,70.07628,101.3193,3.53891,0.6759625,-1.121898,-0.008470898,1.738848,0.1326139,0.01345515,2.07,143
"20210710055620",220.2935,52.73705,276.6736,371.0238,11.41576,406.1658,31.7452,7.445961,69.48921,101.3218,3.544522,0.6750342,-1.123486,-0.01165052,1.741781,0.1328751,0.01450086,1.85,151
"20210710055640",220.7233,52.84676,276.6766,371.111,11.4212,406.961,31.84632,7.403706,68.2449,101.3206,3.551437,0.6764385,-1.123786,-0.01077259,1.745191,0.1332984,0.01479125,1.35,150
"20210710055700",220.7362,52.90667,276.797,371.5098,11.4339,406.8312,31.87087,7.479145,69.2044,101.3195,3.551645,0.6772054,-1.123148,-0.005805036,1.744634,0.1334011,0.01427293,1.7,149
"20210710055720",221.3956,52.9642,276.7906,371.3586,11.44479,408.0666,31.93146,7.501274,70.20994,101.3205,3.562255,0.6779418,-1.123896,-0.008914774,1.749932,0.1336548,0.01513457,1.86,147
"20210710055740",221.5729,52.82841,276.6047,371.1306,11.4464,408.6202,31.95884,7.531227,71.45286,101.3196,3.565108,0.6762036,-1.126192,-0.01244846,1.752306,0.1337694,0.01188755,2.01,159
"20210710055800",221.6715,52.75394,276.6012,370.8923,11.44942,408.8196,31.97251,7.52005,70.26946,101.3189,3.566694,0.6752504,-1.126419,-0.01624449,1.753161,0.1338266,0.0119648,1.43,161
"20210710055820",222.0894,52.9671,276.6777,371.1072,11.44942,409.5715,31.98442,7.491108,69.7797,101.3199,3.573419,0.6779789,-1.125515,-0.01303341,1.756385,0.1338764,0.01013613,1.02,168
"20210710055840",222.2595,53.12155,276.9196,371.5316,11.45124,410.5071,32.04327,7.444656,69.79674,101.3161,3.576155,0.6799558,-1.122771,-0.006834162,1.760397,0.1341228,0.01552296,1.28,164
"20210710055900",222.9253,53.38642,276.9114,371.9604,11.45991,410.9393,32.13729,7.487885,69.99828,101.3149,3.586868,0.6833462,-1.123402,-0.001104979,1.762251,0.1345163,0.01826692,0.92,178
"20210710055920",223.3502,53.57477,276.856,372.0758,11.46978,411.3819,32.16869,7.463878,70.37529,101.3151,3.593704,0.6857571,-1.124667,-0.0001531154,1.764149,0.1346477,0.01640463,0.87,180
"20210710055940",223.7805,53.77441,276.976,372.3206,11.4841,412.2722,32.25292,7.471638,70.52438,101.3144,3.600628,0.6883124,-1.124134,0.002386538,1.767967,0.1350003,0.01837897,1.13,160
"20210710060000",223.9727,53.79862,276.9542,372.2494,11.49942,412.2341,32.33864,7.479782,68.9733,101.3152,3.60372,0.6886223,-1.125338,0.000125405,1.767804,0.1353591,0.01629591,1.1,160
"20210710060020",224.2098,53.90204,277.0133,372.3165,11.51494,413.3357,32.46064,7.484298,67.96123,101.3148,3.607536,0.6899461,-1.125597,-8.394038e-05,1.772527,0.1358698,0.01727819,0.99,156
"20210710060040",224.8792,54.11326,276.7995,372.2375,11.53248,413.9851,32.57754,7.604042,69.21826,101.3152,3.618307,0.6926498,-1.129207,-0.002636234,1.775312,0.136359,0.00935936,1.14,147
"20210710060100",225.0152,54.07147,276.872,372.0646,11.54497,414.6585,32.58075,7.603726,69.64452,101.3164,3.620495,0.6921148,-1.129124,-0.006198543,1.7782,0.1363725,0.009361744,1.01,157
"20210710060120",225.3591,54.19612,276.9464,372.0598,11.55767,415.3564,32.64375,7.593162,70.08301,101.3162,3.626029,0.6937104,-1.12903,-0.007262254,1.781193,0.1366362,0.01146197,0.93,152
"20210710060140",225.6348,54.29342,277.0547,372.422,11.56231,416.0041,32.59919,7.601795,70.58371,101.3171,3.630464,0.6949558,-1.128038,-0.002213699,1.783971,0.1364497,0.01545787,1.15,168
"20210710060200",225.9045,54.32361,277.0977,372.5115,11.5738,416.2701,32.62644,7.577713,71.14641,101.3215,3.634803,0.6953422,-1.128239,-0.001773366,1.785111,0.1365637,0.01359582,1.52,162
"20210710060220",226.2109,54.28223,276.9402,372.6854,11.58892,417.2382,32.60056,7.619625,70.72854,101.3196,3.639733,0.6948125,-1.131035,-0.0003584148,1.789263,0.1364554,0.01634932,1.41,161
"20210710060240",226.5799,54.25679,276.8188,372.4119,11.59678,418.2228,32.6111,7.655857,70.52968,101.3185,3.645671,0.6944869,-1.132954,-0.005058968,1.793485,0.1364995,0.01204491,1.69,174
"20210710060300",227.0169,54.22708,276.7313,372.0207,11.59557,418.7859,32.65121,7.611767,68.9291,101.3193,3.652702,0.6941066,-1.133913,-0.01081049,1.7959,0.1366674,0.01234794,1.19,184
"20210710060320",227.2851,54.29134,276.83,372.1276,11.59436,419.2041,32.69351,7.569748,68.4956,101.3194,3.657017,0.6949291,-1.132673,-0.009117126,1.797693,0.1368445,0.01263666,1.2,180
"20210710060340",227.6061,54.40279,276.7785,372.2232,11.58932,420.3882,32.74686,7.546684,68.6695,101.3197,3.662182,0.6963557,-1.132969,-0.007295824,1.802771,0.1370678,0.009753942,0.87,194
"20210710060400",227.8819,54.55204,276.8829,372.6429,11.58872,420.7292,32.74246,7.502102,69.11514,101.3244,3.666619,0.6982662,-1.131698,-0.0009774489,1.804233,0.1370494,0.0141151,0.85,174
"20210710060420",228.4073,54.715,276.8865,372.8341,11.58711,421.4606,32.82903,7.495712,70.10109,101.3253,3.675073,0.700352,-1.131556,0.002004756,1.80737,0.1374117,0.005036354,0.53,116
"20210710060440",228.5448,54.83511,276.9103,372.8808,11.58711,422.1018,32.8803,7.489807,70.48154,101.3217,3.677285,0.7018894,-1.131275,0.002702977,1.81012,0.1376263,0.001022339,0.5,85.99999
"20210710060500",228.9905,55.05546,276.9105,373.0325,11.58912,422.5455,32.87607,7.512287,70.70082,101.3225,3.684458,0.7047098,-1.131397,0.004812709,1.812023,0.1376086,0.007963181,0.45,159
"20210710060520",229.2507,55.17165,276.8956,372.9394,11.58993,423.2355,32.91858,7.536869,70.4408,101.3229,3.688645,0.7061971,-1.131624,0.003356296,1.814981,0.1377865,0.008807421,0.4,205
"20210710060540",229.5164,55.31031,277.0076,373.0581,11.59356,423.4863,32.97434,7.531338,69.83186,101.3239,3.692919,0.7079719,-1.130526,0.004845881,1.816057,0.1380199,0.01796889,0.32,198
"20210710060600",229.7161,55.44436,277.0443,373.1335,11.59114,423.9546,32.95588,7.541519,69.82836,101.3248,3.696133,0.7096878,-1.129942,0.006163541,1.818065,0.1379427,0.01384425,0.4,195
"20210710060620",229.8791,55.567,277.1285,373.2257,11.59335,424.6144,32.98231,7.530281,70.0445,101.3284,3.698755,0.7112576,-1.129084,0.007366616,1.820895,0.1380533,0.008853435,0.43,213
"20210710060640",230.2722,55.6405,277.2472,373.2449,11.60202,425.3143,33.03322,7.585709,70.42022,101.324,3.705079,0.7121984,-1.128219,0.006975939,1.823896,0.1382664,0.01252699,0.42,183
"20210710060700",230.8982,55.74869,277.324,373.3492,11.61452,425.6011,33.0718,7.597134,70.33698,101.3242,3.715152,0.7135832,-1.128085,0.007555734,1.825126,0.1384279,0.01954508,0.37,224
"20210710060720",231.4119,55.8399,277.2879,373.3657,11.62964,427.0868,33.06516,7.581768,70.6042,101.3246,3.723417,0.7147506,-1.129447,0.006619041,1.831497,0.1384001,0.0155952,0.46,203
"20210710060740",231.6777,55.92353,277.1549,373.3086,11.63549,426.7051,33.10287,7.589451,70.04645,101.3252,3.727694,0.7158211,-1.13138,0.005308057,1.82986,0.1385579,0.01452875,0.58,200
"20210710060800",231.8865,55.97589,277.1909,373.3197,11.63145,427.4774,33.09952,7.596897,70.21362,101.3254,3.731054,0.7164914,-1.130703,0.00579046,1.833172,0.1385439,0.01650548,0.46,205
"20210710060820",232.1383,56.02343,277.313,373.4866,11.63186,428.1127,33.15716,7.611698,70.01187,101.3292,3.735105,0.7170999,-1.129288,0.008251627,1.835896,0.1387851,0.01234841,0.52,204
"20210710060840",232.5302,56.09615,277.4147,373.5322,11.6369,428.8884,33.17132,7.607128,69.14603,101.3281,3.741412,0.7180307,-1.128399,0.008539248,1.839223,0.1388444,0.01440787,0.53,235
"20210710060900",232.7472,56.16052,277.3879,373.7125,11.64254,429.2054,33.18869,7.654251,70.18006,101.3251,3.744903,0.7188546,-1.129064,0.01079097,1.840582,0.1389171,0.01611185,0.43,226
"20210710060920",233.2459,56.28777,277.3014,373.7068,11.64315,429.8587,33.27337,7.660374,69.67901,101.3258,3.752926,0.7204835,-1.130123,0.01065758,1.843384,0.1392716,0.0140419,0.67,251
"20210710060940",233.2467,56.34352,277.2649,373.7565,11.64254,429.7596,33.20914,7.614273,69.36528,101.3251,3.75294,0.721197,-1.130517,0.01144773,1.842959,0.1390027,0.01233053,0.73,236
"20210710061000",233.267,56.33836,277.3716,373.8192,11.64436,429.9195,33.22601,7.66233,68.72591,101.3251,3.753265,0.721131,-1.129368,0.01224304,1.843645,0.1390733,0.01200032,0.48,248
"20210710061020",233.5916,56.38218,277.6681,373.97,11.64657,430.6998,33.29897,7.642154,68.635,101.3292,3.758488,0.7216919,-1.126005,0.01432213,1.846991,0.1393787,0.01213908,1.01,226
"20210710061040",234.3656,56.4545,277.628,374.0012,11.65927,431.5874,33.33928,7.629028,69.42796,101.3304,3.770944,0.7226176,-1.127263,0.01379462,1.850797,0.1395474,0.01324344,0.77,218
"20210710061100",234.8492,56.47884,277.6108,374.0956,11.66472,432.1121,33.36701,7.691346,69.19664,101.325,3.778724,0.7229292,-1.127802,0.01477884,1.853047,0.1396635,0.01281548,0.64,215
"20210710061120",235.3143,56.52639,277.6076,374.1231,11.67379,433.5746,33.47436,7.705379,69.81172,101.3257,3.786206,0.7235378,-1.128403,0.01447867,1.859319,0.1401128,0.01677489,0.5,215
"20210710061140",235.914,56.60761,277.6298,374.3358,11.68749,434.189,33.50137,7.763146,69.43358,101.3258,3.795856,0.7245774,-1.128989,0.01658334,1.861954,0.1402259,0.01435065,0.7,257
"20210710061200",236.1679,56.65688,277.6781,374.255,11.68709,434.1759,33.50854,7.741272,68.84218,101.3262,3.799941,0.7252081,-1.128394,0.01540686,1.861898,0.1402559,0.01450062,1.05,254
"20210710061220",236.2169,56.57914,277.6291,374.2037,11.69213,435.1322,33.50255,7.741108,69.70246,101.3254,3.800731,0.724213,-1.129284,0.01424677,1.865998,0.1402309,0.00537467,1.12,251
"20210710061240",236.3402,56.61315,277.5167,373.9854,11.69132,435.5298,33.55759,7.789043,69.85357,101.3303,3.802714,0.7246483,-1.130562,0.01104966,1.867704,0.1404612,0.00403142,1.25,264
"20210710061300",236.7068,56.57109,277.4778,374.0192,11.69173,436.018,33.55331,7.803684,69.28753,101.3279,3.808612,0.72411,-1.131047,0.01152134,1.869797,0.1404433,0.01305819,1.18,274
"20210710061320",236.993,56.59399,277.6739,374.2574,11.69636,436.9636,33.66466,7.801518,68.86622,101.3266,3.813218,0.724403,-1.129017,0.01471876,1.873852,0.1409094,0.01104474,1.17,263
"20210710061340",237.3755,56.61486,277.6978,374.253,11.69818,437.0003,33.62697,7.800762,69.67856,101.327,3.819373,0.7246703,-1.128847,0.01450932,1.87401,0.1407516,0.01206398,1.13,278
"20210710061400",237.7305,56.62771,277.6999,374.321,11.70443,438.1774,33.70412,7.786075,69.22778,101.3276,3.825084,0.7248347,-1.129209,0.01503521,1.879058,0.1410746,0.0141933,1.04,281
"20210710061420",237.9873,56.5913,277.6693,374.2496,11.70342,438.6686,33.65428,7.750454,68.24175,101.3284,3.829216,0.7243686,-1.129509,0.01404704,1.881164,0.1408659,0.01240945,1.04,264
"20210710061440",238.3684,56.74452,277.5696,374.3648,11.69798,439.2051,33.73631,7.751823,67.55257,101.3324,3.835348,0.7263298,-1.130348,0.01619692,1.883465,0.1412093,0.02051258,0.55,292
"20210710061500",238.8522,56.94556,277.7337,374.505,11.7014,440.7548,33.77272,7.742134,67.88914,101.3332,3.843133,0.7289031,-1.128624,0.01802085,1.89011,0.1413617,0.01753688,0.58,295
"20210710061520",239.3144,57.15418,277.5905,374.5842,11.70181,441.0776,33.85282,7.769138,67.61694,101.33,3.850568,0.7315734,-1.130339,0.01917396,1.891495,0.141697,0.0153234,0.54,281
"20210710061540",239.7881,57.30307,277.6776,374.619,11.70463,441.7367,33.86732,7.737255,67.40774,101.3303,3.85819,0.7334793,-1.129485,0.01947402,1.894321,0.1417576,0.01148605,0.49,261
"20210710061600",240.2249,57.4618,277.7247,374.7,11.71229,442.5432,33.92446,7.759338,67.63561,101.331,3.865218,0.735511,-1.129403,0.02008273,1.897779,0.1419968,0.01336241,0.72,298
"20210710061620",240.8104,57.65661,277.8772,374.9364,11.71995,443.1628,33.96532,7.730946,68.08789,101.3299,3.87464,0.7380046,-1.128076,0.02301509,1.900437,0.1421678,0.01964164,0.55,305
"20210710061640",240.9626,57.76404,277.6762,374.9704,11.73305,443.356,33.98206,7.783138,68.25755,101.3309,3.877088,0.7393797,-1.131262,0.02249588,1.901265,0.1422379,0.01725578,0.45,221
"20210710061700",241.5057,57.91336,277.8602,374.9096,11.74394,445.0367,34.0028,7.800064,67.61768,101.3357,3.885826,0.741291,-1.129762,0.02073637,1.908473,0.1423247,0.009026527,0.68,289
"20210710061720",241.7422,57.98572,277.8012,374.9347,11.75402,445.0114,34.03313,7.784409,67.51033,101.3343,3.889632,0.7422173,-1.131084,0.02032021,1.908364,0.1424517,0.01420474,0.27,254
"20210710061740",242.2174,58.17192,277.7699,374.9303,11.76329,446.1332,34.09254,7.811493,67.01514,101.335,3.897278,0.7446006,-1.132027,0.01952834,1.913175,0.1427003,0.01604724,0.6,249
"20210710061800",242.5584,58.25962,277.8439,374.9491,11.77458,445.91,34.06487,7.795441,67.02239,101.3355,3.902765,0.745723,-1.131853,0.01892438,1.912218,0.1425845,0.01412892,0.63,224
"20210710061820",242.8562,58.33333,277.9983,374.8868,11.79151,447.132,34.15746,7.86309,66.79457,101.3351,3.907557,0.7466666,-1.131078,0.01666719,1.917458,0.1429721,0.01366448,0.33,193
"20210710061840",243.3335,58.48058,278.014,374.9252,11.80562,448.0406,34.24403,7.851334,66.59537,101.3352,3.915236,0.7485514,-1.131769,0.01613301,1.921354,0.1433344,0.00563097,0.21,250
"20210710061900",243.6064,58.49404,278.0387,375.1882,11.81268,448.2902,34.23536,7.848881,66.78825,101.3357,3.919626,0.7487237,-1.131914,0.01950963,1.922425,0.1432981,0.01376224,0.54,269
"20210710061920",244.0594,58.65465,278.1526,375.382,11.82921,449.543,34.24836,7.901905,67.40299,101.3359,3.926916,0.7507795,-1.131593,0.02110944,1.927797,0.1433526,0.01238394,0.6,236
"20210710061940",244.1789,58.7229,278.1336,375.3618,11.83808,449.9196,34.29952,7.914116,66.83363,101.3321,3.928838,0.7516532,-1.132367,0.02011217,1.929412,0.1435667,0.02041507,0.69,237
"20210710062000",244.6793,58.91702,278.0722,375.5226,11.84715,450.6842,34.30763,7.896118,66.6525,101.3322,3.93689,0.7541378,-1.133654,0.02180352,1.932691,0.1436007,0.01445198,0.61,228
"20210710062020",245.1467,59.11338,278.0576,375.3966,11.8534,451.4548,34.38411,7.921524,65.9928,101.3324,3.94441,0.7566513,-1.134215,0.01942953,1.935996,0.1439208,0.01529265,0.25,165
"20210710062040",245.6862,59.28391,278.086,375.3046,11.86912,452.47,34.34874,7.876454,65.65816,101.3316,3.953091,0.7588341,-1.134853,0.01682334,1.940349,0.1437727,0.01661587,0.04,0
"20210710062100",246.1581,59.40869,278.1382,375.3447,11.88001,453.1322,34.39006,7.946564,65.49663,101.3344,3.960684,0.7604313,-1.134913,0.01656707,1.943189,0.1439457,0.01512098,0.32,288
"20210710062120",246.4803,59.48788,278.2837,375.401,11.89674,453.6942,34.43076,7.938889,65.15417,101.3355,3.965868,0.761445,-1.134232,0.01609527,1.945599,0.144116,0.01213026,0.24,224
"20210710062140",246.8357,59.54747,278.2914,375.4819,11.90682,454.5404,34.42832,7.962078,65.04524,101.3306,3.971586,0.7622076,-1.134768,0.01651092,1.949227,0.1441058,0.01805782,0.51,241
"20210710062200",247.1458,59.5827,278.3845,375.8527,11.93302,454.7624,34.4769,8.022717,66.29072,101.3315,3.976576,0.7626586,-1.135293,0.01999535,1.95018,0.1443092,0.01561356,0.89,174
"20210710062220",247.7844,59.55768,278.2809,375.8971,11.95117,455.9938,34.45059,8.029472,66.00092,101.3312,3.986852,0.7623383,-1.137643,0.01923341,1.95546,0.144199,0.01759624,0.44,189
"20210710062240",248.1993,59.5972,278.3501,375.9781,11.9677,456.7548,34.51112,8.065559,64.98671,101.3307,3.993526,0.7628442,-1.13785,0.01914796,1.958724,0.1444524,-0.004973412,0.45,126
"20210710062300",248.7529,59.60916,278.5639,376.1912,11.99149,457.4782,34.52457,8.077522,65.01373,101.3309,4.002435,0.7629973,-1.136805,0.02046026,1.961826,0.1445087,0.01320815,0.93,166
"20210710062320",249.1935,59.56485,278.6083,376.2476,12.01588,458.0121,34.58827,8.133228,65.21224,101.3354,4.009523,0.7624301,-1.137793,0.01938864,1.964116,0.1447753,0.01790023,1.13,174
"20210710062340",249.6175,59.43538,278.7895,376.3408,12.04027,458.3722,34.51888,8.128704,65.31595,101.3323,4.016345,0.7607729,-1.137168,0.01886366,1.96566,0.1444849,0.01996112,1.13,143
"20210710062400",249.8721,59.36118,279.1045,376.4758,12.0697,459.2269,34.56114,8.231194,66.4291,101.3304,4.020442,0.7598231,-1.135278,0.01856603,1.969325,0.1446617,0.0182445,1.4,164
"20210710062420",250.2914,59.28268,278.8018,376.511,12.09974,459.7018,34.57261,8.308086,66.29093,101.33,4.027188,0.7588184,-1.14072,0.01673026,1.971362,0.1447098,0.01771832,1.32,201
"20210710062440",250.8797,59.30462,278.8179,376.6013,12.12493,460.9815,34.65338,8.323719,65.11201,101.3303,4.036655,0.7590991,-1.142098,0.01609717,1.976849,0.1450478,0.01253557,1.17,178
"20210710062500",251.3651,59.27102,278.7809,376.6189,12.14691,461.6957,34.71456,8.358196,64.3991,101.3302,4.044464,0.758669,-1.143901,0.01463216,1.979912,0.1453039,0.01026917,1.11,192
"20210710062520",251.4921,59.31878,278.7973,376.5963,12.16707,462.3932,34.72458,8.317341,63.29997,101.3342,4.046508,0.7592804,-1.14496,0.01270913,1.982903,0.1453459,0.01359415,0.88,196
"20210710062540",251.786,59.36895,278.8653,376.7596,12.18097,462.7802,34.74149,8.322033,62.98256,101.3357,4.051238,0.7599226,-1.145023,0.01405217,1.984563,0.1454166,0.01254702,0.62,213
"20210710062600",252.1624,59.47882,279.0201,377.067,12.20174,463.4378,34.84002,8.32003,63.8769,101.3316,4.057292,0.7613289,-1.144487,0.01700949,1.987383,0.1458291,0.01763606,0.42,177
"20210710062620",252.543,59.5808,279.1206,377.2581,12.22593,464.0206,34.82572,8.380638,63.96033,101.3313,4.063418,0.7626342,-1.144805,0.01796197,1.989882,0.1457692,0.0162065,0.65,164
"20210710062640",253.1056,59.7453,279.0064,377.2509,12.24951,465.3924,34.95708,8.384266,63.83576,101.332,4.07247,0.7647398,-1.147622,0.01599686,1.995765,0.1463191,0.01922727,1.19,162
"20210710062700",253.5369,59.79425,278.7895,377.005,12.26725,466.3337,34.89153,8.389187,61.97848,101.3328,4.079409,0.7653664,-1.151288,0.01092607,1.999801,0.1460447,0.01411748,0.54,142
"20210710062720",253.6111,59.81432,278.7836,377.1715,12.28479,466.5895,34.98409,8.407257,61.19817,101.3329,4.080603,0.7656233,-1.152451,0.01203055,2.000898,0.1464321,0.006886721,0.33,135
"20210710062740",253.831,59.88554,278.963,377.243,12.2983,467.0845,34.95828,8.423973,60.84684,101.3379,4.084141,0.766535,-1.151174,0.01203388,2.003021,0.1463241,0.01489449,0.26,176
"20210710062800",253.9514,59.89931,279.1274,377.3506,12.31543,467.4163,35.00001,8.460014,62.38498,101.3347,4.086078,0.7667111,-1.150299,0.01229228,2.004444,0.1464987,0.01464772,0.71,176
"20210710062820",254.2313,59.95052,279.3497,377.4949,12.33236,467.9856,35.00363,8.484764,62.43708,101.3334,4.090581,0.7673666,-1.148729,0.01311265,2.006885,0.1465139,0.01650906,0.69,211
"20210710062840",254.3854,59.95953,279.2785,377.5332,12.34426,468.6611,35.0737,8.478294,62.17234,101.335,4.093061,0.7674821,-1.150311,0.01274635,2.009782,0.1468072,0.01249194,0.89,204
"20210710062900",254.8967,59.9039,279.4759,377.6198,12.35696,469.6904,35.17505,8.495686,62.14736,101.3363,4.101288,0.7667699,-1.148772,0.01303832,2.014196,0.1472314,0.01846552,1.47,196
"20210710062920",255.054,59.78314,279.3054,377.6422,12.37369,469.6259,35.1073,8.520946,62.81748,101.3375,4.103819,0.7652241,-1.151829,0.0120544,2.01392,0.1469478,0.01118445,1.81,184
"20210710062940",255.5551,59.56546,279.0439,377.0018,12.38337,470.5996,35.1441,8.549099,62.14241,101.341,4.111881,0.7624379,-1.155519,0.001724614,2.018095,0.1471018,0.0008361339,1.98,186
"20210710063000",255.9824,59.39028,278.9132,376.5998,12.39002,471.6115,35.16772,8.461926,61.288,101.3422,4.118756,0.7601955,-1.157478,-0.004805012,2.022434,0.1472007,0.01463509,1.65,187
"20210710063020",256.1677,59.1817,279.1272,376.7297,12.39465,471.5285,35.1982,8.449013,61.68886,101.3386,4.121739,0.7575258,-1.15524,-0.003231895,2.022079,0.1473283,0.01167727,1.59,184
"20210710063040",256.5318,59.22993,279.2241,377.0141,12.40231,472.7731,35.21779,8.440254,62.68916,101.343,4.127596,0.758143,-1.154573,0.0004136324,2.027416,0.1474103,0.01681352,2.44,178
"20210710063100",256.9942,59.14388,278.9485,376.2439,12.40473,473.3081,35.26396,8.451561,61.88715,101.3428,4.135036,0.7570416,-1.157979,-0.01128367,2.02971,0.1476036,0.01673627,2.02,185
"20210710063120",257.342,58.78969,279.0938,376.1312,12.4126,474.4149,35.32296,8.402279,62.15805,101.3429,4.140632,0.7525081,-1.156754,-0.0135901,2.034456,0.1478505,0.01808906,2.01,168
"20210710063140",257.6144,58.73398,278.9773,376.188,12.42167,474.4152,35.34403,8.509602,64.05374,101.3432,4.145016,0.751795,-1.158695,-0.01345448,2.034458,0.1479387,0.01430821,2.87,173
"20210710063200",258.0221,58.61338,278.7931,375.4459,12.41743,475.474,35.38411,8.51329,62.25164,101.3441,4.151575,0.7502513,-1.160606,-0.02420781,2.038998,0.1481065,0.01123691,2.83,170
"20210710063220",258.2384,58.54936,278.9726,375.5379,12.40957,476.1302,35.41009,8.455353,61.52575,101.343,4.155056,0.7494318,-1.157996,-0.02221489,2.041812,0.1482152,0.01366425,1.85,179
"20210710063240",258.6225,58.60418,279.0009,375.7668,12.40594,476.6073,35.41712,8.388802,63.21176,101.343,4.161236,0.7501335,-1.157436,-0.01850757,2.043858,0.1482446,0.01412034,3.01,143
"20210710063300",259.0906,58.71352,278.7632,375.2967,12.39728,478.0034,35.54595,8.391293,63.64619,101.3437,4.168768,0.751533,-1.159703,-0.02484848,2.049845,0.1487839,0.0120728,3.13,147
"20210710063320",259.5051,58.66974,278.8174,375.0043,12.38155,478.7601,35.59559,8.35054,63.01525,101.3404,4.175438,0.7509726,-1.158082,-0.0279761,2.05309,0.1489916,0.01235175,2.76,155
"20210710063340",259.7806,58.68818,278.9037,375.2564,12.37127,479.553,35.63241,8.277042,63.64123,101.3405,4.17987,0.7512087,-1.156422,-0.02339924,2.05649,0.1491458,0.01590061,2.65,162
"20210710063400",260.3232,58.67411,278.8979,375.3591,12.36159,480.7463,35.63652,8.234425,63.25619,101.3416,4.188601,0.7510286,-1.155888,-0.0211009,2.061608,0.149163,0.0161922,2.79,165
"20210710063420",260.5825,58.64928,278.6732,374.9969,12.35192,481.146,35.64792,8.29211,64.01365,101.342,4.192773,0.7507109,-1.157939,-0.02575018,2.063322,0.1492107,0.01376724,3.54,161
"20210710063440",260.7544,58.61254,278.6525,374.8534,12.33861,481.5926,35.64572,8.269542,63.43096,101.3425,4.195538,0.7502405,-1.157353,-0.02684363,2.065237,0.1492015,0.01493669,3.14,164
"20210710063500",261.3029,58.62681,278.7457,375.1003,12.32571,482.1896,35.73064,8.249866,64.91814,101.3466,4.204364,0.7504232,-1.155448,-0.02213833,2.067797,0.1495569,0.01710153,3,168
"20210710063520",261.8491,58.68474,278.4983,374.8266,12.3116,483.3328,35.77043,8.243435,62.59043,101.3456,4.213152,0.7511646,-1.157492,-0.02511639,2.072699,0.1497234,0.01410055,2.96,165
"20210710063540",262.3264,58.90065,278.6009,374.861,12.29991,484.1337,35.74605,8.234791,61.95936,101.3446,4.220831,0.7539283,-1.155549,-0.02367738,2.076134,0.1496214,0.01618981,2.84,162
"20210710063600",262.5101,58.95426,278.3925,374.8144,12.2862,484.5001,35.77695,8.229458,62.19128,101.3443,4.223788,0.7546146,-1.157157,-0.0232953,2.077705,0.1497507,0.01521134,3.17,164
"20210710063620",262.9603,59.08817,278.5523,374.942,12.27632,485.6068,35.83918,8.196178,62.67023,101.3446,4.231031,0.7563286,-1.154656,-0.02061266,2.082451,0.1500112,0.01543951,2.84,161
"20210710063640",263.2768,59.16784,278.3736,374.7984,12.26342,485.9207,35.8571,8.186454,62.20872,101.3465,4.236123,0.7573484,-1.155963,-0.02173917,2.083797,0.1500862,0.01347661,3.27,169
"20210710063700",264.0082,59.27562,278.4763,374.9115,12.25536,487.4433,35.94945,8.191543,62.76377,101.3505,4.247892,0.758728,-1.154248,-0.01941636,2.090327,0.1504728,0.01445603,2.66,167
"20210710063720",264.2996,59.3057,278.3077,374.4186,12.23601,488.0038,36.00298,8.148796,62.36266,101.3503,4.25258,0.7591129,-1.155032,-0.02525292,2.09273,0.1506968,0.01271939,3.77,162
"20210710063740",264.3345,59.24245,278.3359,374.2261,12.21706,488.3289,36.03222,8.132645,61.71889,101.3476,4.253142,0.7583034,-1.153521,-0.02663823,2.094125,0.1508192,0.01485944,3.72,171
"20210710063800",264.9312,59.38648,278.2025,374.195,12.20375,489.0051,36.00549,8.091522,61.02498,101.3481,4.262742,0.760147,-1.154269,-0.02605672,2.097024,0.1507074,0.01514173,2.98,170
"20210710063820",265.0037,59.45383,278.1624,374.3779,12.18843,489.6952,36.05504,8.065121,62.35493,101.3493,4.26391,0.761009,-1.153789,-0.02211842,2.099983,0.1509147,0.01430774,3.17,163
"20210710063840",265.3786,59.52473,278.1578,374.5363,12.17231,490.6948,36.08782,8.021747,62.28654,101.3492,4.269942,0.7619165,-1.152839,-0.01848098,2.10427,0.151052,0.0125761,3.43,166
"20210710063900",266.1075,59.60073,278.2075,374.3924,12.15618,491.543,36.17007,8.020314,60.84667,101.3502,4.28167,0.7628894,-1.15125,-0.01936144,2.107908,0.1513962,0.01562953,3.27,160
"20210710063920",266.4843,59.71164,278.2046,374.7628,12.1463,492.5432,36.18787,8.023449,62.22901,101.3543,4.287732,0.764309,-1.150669,-0.01304985,2.112197,0.1514707,0.01560807,3.46,151
"20210710063940",266.9329,59.7738,277.9019,374.467,12.13018,493.2275,36.26642,8.047158,63.22779,101.3504,4.29495,0.7651046,-1.153242,-0.01620175,2.115132,0.1517995,0.01240158,3.48,149
"20210710064000",267.4261,59.70255,278.0852,374.4497,12.11304,494.5163,36.31716,8.055302,63.18935,101.3505,4.302886,0.7641926,-1.15001,-0.01511134,2.120658,0.1520119,0.01437521,2.63,145
"20210710064020",267.9222,59.7723,278.3589,375.086,12.10901,495.1233,36.35107,8.073398,64.45666,101.3519,4.310869,0.7650854,-1.146527,-0.005288126,2.123261,0.1521538,0.01628041,2.54,161
"20210710064040",268.7325,60.07397,278.0262,375.3674,12.10881,496.0845,36.3668,8.077842,64.357,101.3514,4.323907,0.7689468,-1.150443,-0.00106786,2.127383,0.1522196,0.01523542,3.34,158
"20210710064100",268.781,60.22201,277.9151,374.8425,12.09933,496.244,36.39207,8.062946,62.23539,101.3515,4.324686,0.7708417,-1.151167,-0.008164846,2.128067,0.1523254,0.01533723,3.3,155
"20210710064120",269.3606,60.33433,278.0311,374.8835,12.09893,497.2626,36.47572,8.082978,62.33078,101.3554,4.334012,0.7722794,-1.149773,-0.00752093,2.132435,0.1526756,0.01621461,2.71,188
"20210710064140",269.7605,60.38954,277.6778,374.5582,12.0955,497.6258,36.47894,8.11459,64.97683,101.3556,4.340447,0.7729861,-1.153731,-0.01211033,2.133993,0.152689,0.002806664,3.97,173
"20210710064200",269.6329,60.22744,277.7318,374.2746,12.08139,497.6818,36.50136,8.131912,65.74633,101.3529,4.338394,0.7709113,-1.152217,-0.01523796,2.134233,0.1527829,0.01384974,3.29,165
"20210710064220",269.9127,60.22774,277.5492,374.2013,12.06627,498.9142,36.57654,8.053658,66.72027,101.3531,4.342894,0.7709151,-1.153433,-0.01514603,2.139518,0.1530976,0.01032805,4,164
"20210710064240",270.5744,60.29713,277.6029,373.7574,12.04249,500.8502,36.587,7.938389,66.1677,101.3545,4.353541,0.7718032,-1.151321,-0.01990705,2.14782,0.1531413,0.01314807,3.63,164
"20210710064300",270.3809,60.32595,277.7613,374.0758,12.0189,500.0817,36.61447,7.859348,66.13831,101.3545,4.350428,0.7721722,-1.147985,-0.01329581,2.144525,0.1532563,0.01369023,2.98,154
"20210710064320",271.0837,60.42532,277.5831,374.5339,12.00983,501.856,36.67598,7.821026,68.28998,101.3589,4.361737,0.7734441,-1.149526,-0.005739786,2.152133,0.1535138,0.01902461,3.59,172
"20210710064340",271.4754,60.49412,277.2735,373.5453,11.98503,502.3041,36.71734,7.831902,67.17234,101.3609,4.36804,0.7743248,-1.151644,-0.0185626,2.154055,0.1536869,0.01590681,3.9,161
"20210710064400",271.4041,60.45895,277.2859,373.9442,11.96205,502.661,36.7141,7.766926,67.69854,101.3575,4.366891,0.7738746,-1.15007,-0.01079764,2.155585,0.1536734,0.01838064,3.86,160
"20210710064420",271.9922,60.41152,276.9551,373.5424,11.94048,503.8142,36.81984,7.80307,68.49505,101.3585,4.376355,0.7732675,-1.152638,-0.01510781,2.160531,0.154116,0.01001978,4.2,163
"20210710064440",272.2086,60.28613,276.8452,373.3264,11.90763,503.994,36.83637,7.761879,67.65868,101.3583,4.379838,0.7716625,-1.151897,-0.01575344,2.161302,0.1541851,0.01435924,4.39,171
"20210710064500",272.4187,60.31398,276.8415,373.0246,11.87295,505.1764,36.8665,7.660168,66.62694,101.36,4.383217,0.772019,-1.14979,-0.01754137,2.166372,0.1543112,0.01302934,4.12,169
"20210710064520",273.1231,60.43564,276.8566,372.9358,11.83888,506.5295,36.90843,7.604313,66.88763,101.3609,4.39455,0.7735762,-1.147499,-0.0161968,2.172175,0.1544868,0.009357691,3.74,171
"20210710064540",273.1294,60.41784,276.7836,372.7946,11.79978,507.5336,36.96803,7.525925,67.45999,101.3652,4.394652,0.7733484,-1.145936,-0.01524019,2.176481,0.1547362,0.009896994,3.95,164
"20210710064600",273.505,60.58308,276.8448,373.0399,11.77216,507.547,36.94093,7.512028,68.25544,101.3628,4.400696,0.7754634,-1.143503,-0.009410093,2.176538,0.1546228,0.01607418,3.36,169
"20210710064620",274.1623,60.88048,276.9704,372.9752,11.74192,508.1756,36.98151,7.533199,67.87463,101.361,4.411272,0.7792701,-1.140146,-0.008006173,2.179234,0.1547927,0.01592875,3.67,167
"20210710064640",274.8561,61.17439,276.7368,373.2589,11.72277,509.8532,37.03847,7.514622,68.28618,101.3619,4.422435,0.7830322,-1.14172,-0.00226861,2.186428,0.155031,0.01301503,4.09,161
"20210710064700",275.3922,61.49956,276.6582,372.9694,11.69858,509.5055,37.06577,7.519074,67.0142,101.3616,4.43106,0.7871943,-1.141149,-0.004697818,2.184937,0.1551453,0.011971,4.9,162
"20210710064720",275.2778,61.69947,276.7219,372.3275,11.66713,510.8499,37.18888,7.462757,65.23784,101.3603,4.429219,0.7897533,-1.138452,-0.01182738,2.190702,0.1556606,0.01235819,4.37,155
"20210710064740",275.7417,62.10915,276.6862,372.5476,11.64032,511.5684,37.2314,7.456318,66.21753,101.3651,4.436684,0.7949972,-1.137212,-0.006438924,2.193784,0.1558386,0.01240206,4.36,163
"20210710064800",276.7632,62.91073,276.7419,372.8546,11.62783,513.336,37.26696,7.438221,66.44506,101.3647,4.45312,0.8052574,-1.135783,-0.0008756079,2.201364,0.1559875,0.01556754,3.58,160
"20210710064820",277.2791,63.70974,276.8124,373.1443,11.61452,513.1863,37.25661,7.485596,67.28917,101.3609,4.461422,0.8154846,-1.134128,0.004493736,2.200722,0.1559441,0.01524186,3.92,151
"20210710064840",277.8388,64.20104,276.686,373.3672,11.60243,513.6422,37.25733,7.539554,67.64434,101.3618,4.470426,0.8217734,-1.134871,0.008772666,2.202677,0.1559471,0.01689887,4.48,166
"20210710064900",278.6904,64.83601,276.8354,373.1332,11.59799,515.3873,37.28468,7.560306,67.04773,101.3617,4.484129,0.8299009,-1.132833,0.005621266,2.21016,0.1560616,0.01878381,3.8,166
"20210710064920",279.0521,65.16786,276.3563,373.2706,11.59577,516.425,37.3561,7.55999,67.40515,101.3617,4.489948,0.8341487,-1.138354,0.007849824,2.21461,0.1563606,0.0177722,3.65,149
"20210710064940",279.1772,65.12727,276.168,372.6879,11.57763,516.6584,37.38352,7.605038,65.5276,101.3635,4.491962,0.8336291,-1.139457,0.0005607812,2.215611,0.1564753,0.005297422,4.5,155
"20210710065000",279.5653,65.35777,276.2805,372.2638,11.55989,517.805,37.43127,7.540851,64.16089,101.3667,4.498207,0.8365795,-1.137031,-0.004388858,2.220529,0.1566752,0.01283503,4.05,161
"20210710065020",279.5892,65.34335,276.3846,372.3572,11.54256,518.3071,37.46585,7.463859,64.34438,101.3636,4.49859,0.836395,-1.134729,-0.001635618,2.222681,0.1568199,0.01437759,3.59,154
"20210710065040",280.174,65.50083,276.4803,372.9276,11.53187,518.7004,37.38281,7.435459,65.66814,101.3647,4.508,0.8384106,-1.132939,0.007722287,2.224368,0.1564723,0.01558662,3.55,160
"20210710065100",280.6519,66.04376,276.6072,373.51,11.53127,519.5176,37.49149,7.471482,66.76356,101.3641,4.515688,0.8453601,-1.131404,0.01646814,2.227872,0.1569272,0.01635242,3.32,151
"20210710065120",281.7113,66.77154,276.319,373.6173,11.52905,520.892,37.52942,7.476189,66.63674,101.3656,4.532735,0.8546758,-1.13467,0.01824565,2.233767,0.157086,0.01631975,2.34,174
"20210710065140",281.9687,67.76133,276.0559,373.0262,11.51998,520.8275,37.5325,7.527595,66.45352,101.3662,4.536877,0.867345,-1.137216,0.01012257,2.23349,0.1570989,0.009885073,3.77,162
"20210710065200",282.0565,68.06146,276.1678,372.7464,11.50889,521.034,37.57085,7.520267,65.85021,101.3699,4.53829,0.8711866,-1.135208,0.006812298,2.234376,0.1572594,0.01196289,3.63,158
"20210710065220",282.6736,68.5877,276.4838,373.0835,11.50385,522.6628,37.61982,7.466133,66.00107,101.3679,4.548218,0.8779226,-1.131166,0.01224059,2.24136,0.1574644,0.01638913,3.77,148
"20210710065240",283.3659,68.8279,276.354,373.4186,11.50909,523.079,37.68958,7.503186,67.86821,101.3664,4.559357,0.8809971,-1.133024,0.01683606,2.243145,0.1577564,0.01714849,3.55,169
"20210710065300",283.4669,68.43033,275.9421,372.8022,11.50405,523.7761,37.70303,7.52177,67.17861,101.3651,4.560983,0.8759082,-1.137576,0.008021238,2.246135,0.1578127,0.008911371,4.58,161
"20210710065320",283.3485,67.71169,275.9825,372.6947,11.48974,524.2743,37.71179,7.467987,66.93177,101.3655,4.559078,0.8667096,-1.136216,0.007533376,2.248271,0.1578493,0.01536298,4.03,158
"20210710065340",283.9077,67.11015,276.042,372.512,11.4714,525.3068,37.72464,7.439606,66.283,101.3652,4.568075,0.85901,-1.13438,0.006238473,2.252699,0.1579032,0.015558,3.94,160
"20210710065400",284.2969,66.74192,276.1687,372.6536,11.46071,526.033,37.81619,7.390549,66.97276,101.3684,4.574338,0.8542966,-1.132224,0.009187098,2.255813,0.1582864,0.01386786,3.97,151
"20210710065420",284.5861,66.33396,276.1252,372.7657,11.44962,526.7244,37.83432,7.387638,67.67303,101.3683,4.57899,0.8490747,-1.132052,0.01172958,2.258778,0.1583622,0.0149014,4.08,158
"20210710065440",285.056,66.23257,276.292,372.695,11.43511,527.6674,37.88496,7.369026,67.45986,101.3649,4.586552,0.8477769,-1.129187,0.01180482,2.262821,0.1585742,0.01502967,3.91,149
"20210710065500",285.5735,66.4346,276.4174,373.058,11.42402,528.6077,37.91831,7.333294,68.29738,101.364,4.594878,0.8503629,-1.127021,0.01809679,2.266854,0.1587138,0.015275,3.64,149
"20210710065520",285.8212,66.45021,276.3576,373.2643,11.42261,529.0362,37.99497,7.41386,69.19031,101.3658,4.598864,0.8505627,-1.12764,0.02128796,2.268692,0.1590347,0.01573467,3.8,165
"20210710065540",286.6403,66.78888,276.4169,373.0818,11.41697,530.2031,38.03436,7.412712,68.6801,101.3653,4.612042,0.8548977,-1.126591,0.01900226,2.273695,0.1591995,0.01675582,3.21,159
"20210710065600",287.037,67.0185,276.6991,373.706,11.42785,530.1385,37.96296,7.443203,69.10334,101.3665,4.618426,0.8578369,-1.123931,0.0274777,2.273419,0.1589007,0.01958704,2.34,167
"20210710065620",287.7296,67.23215,276.4914,373.4639,11.43047,531.669,37.99971,7.496346,68.89795,101.3704,4.62957,0.8605716,-1.126546,0.02365479,2.279982,0.1590545,0.01314116,3.35,163
"20210710065640",288.2909,67.24392,276.5376,373.6867,11.43834,532.0744,38.05659,7.490898,68.65785,101.3664,4.638601,0.8607222,-1.126484,0.02637122,2.28172,0.1592926,0.01621914,3.24,153
"20210710065700",288.9632,67.33024,276.5097,373.9583,11.45184,533.6028,38.1278,7.573014,68.79723,101.3677,4.649418,0.861827,-1.127649,0.02937336,2.288275,0.1595906,0.01768303,3.43,161
"20210710065720",289.6043,67.1535,276.4655,374.2602,11.45789,534.3046,38.13971,7.600533,68.82583,101.3679,4.659733,0.8595649,-1.128544,0.03341164,2.291284,0.1596405,0.01648021,3.29,162
"20210710065740",290.0274,66.75395,276.6214,374.2274,11.47422,535.0581,38.1517,7.609322,69.10293,101.3684,4.666541,0.8544506,-1.127711,0.03164565,2.294516,0.1596907,0.01540613,3.82,152
"20210710065800",290.4849,66.2642,276.3333,373.9421,11.47986,535.8594,38.2406,7.620746,68.45142,101.3685,4.673902,0.8481818,-1.131462,0.02694306,2.297952,0.1600628,0.01228619,2.88,152
"20210710065820",290.9442,65.79186,276.3689,374.108,11.48591,536.979,38.28833,7.626404,68.61798,101.3724,4.681292,0.8421358,-1.131415,0.02894919,2.302753,0.1602626,0.01528883,2.77,149
"20210710065840",291.2707,65.21713,276.5602,374.0258,11.48994,538.0321,38.32353,7.582191,68.31462,101.3705,4.686546,0.8347794,-1.129404,0.02740722,2.307269,0.1604099,0.01559234,3.03,144
"20210710065900",291.4495,64.87937,276.3928,373.8701,11.49075,537.9084,38.37507,7.587463,68.63907,101.3682,4.689423,0.830456,-1.131432,0.02501603,2.306739,0.1606256,0.007445812,3.58,144
"20210710065920",291.8686,64.72072,276.477,373.7964,11.48772,539.4736,38.34502,7.590084,67.73474,101.3683,4.696165,0.8284252,-1.130251,0.02415012,2.313451,0.1604998,0.01351094,2.36,137
"20210710065940",292.0511,64.79292,276.3597,374.0649,11.49821,539.7002,38.37174,7.533592,68.66138,101.3673,4.699102,0.8293494,-1.132283,0.027344,2.314423,0.1606117,0.01389885,3.41,150
"20210710070000",292.3358,64.70808,276.5376,374.1896,11.49397,540.2798,38.40639,7.508129,68.28418,101.3678,4.703683,0.8282634,-1.129922,0.02953645,2.316908,0.1607567,0.01711464,2.64,157
"20210710070020",292.8096,64.8347,276.9181,374.475,11.49579,541.2748,38.47928,7.522282,67.83399,101.3691,4.711306,0.8298842,-1.12554,0.03365913,2.321175,0.1610618,0.01803088,2.9,158
"20210710070040",293.4113,65.02489,276.8443,375.0158,11.51373,541.8183,38.48372,7.557125,69.56314,101.3683,4.720987,0.8323186,-1.12752,0.04033672,2.323506,0.1610804,0.01373744,3.49,134
"20210710070100",293.6483,64.8999,276.5733,374.6376,11.51816,542.4614,38.4828,7.578392,68.15716,101.3737,4.724802,0.8307187,-1.130993,0.03434096,2.326263,0.1610766,0.01359129,3.34,143
"20210710070120",294.0061,64.89563,276.767,374.6198,11.523,542.9271,38.54544,7.568542,68.16338,101.3734,4.730558,0.830664,-1.129006,0.03369586,2.328261,0.1613387,0.01467252,2.91,144
"20210710070140",294.6856,65.02832,277.0042,375.2785,11.54094,543.9484,38.61529,7.645282,69.7932,101.3734,4.741492,0.8323625,-1.127314,0.04213358,2.33264,0.1616311,0.01718712,3.07,162
"20210710070200",295.2923,65.23311,277.1729,375.9284,11.56594,544.7779,38.59591,7.715157,70.73617,101.3742,4.751253,0.8349838,-1.126865,0.04988856,2.336197,0.16155,0.01670766,2.4,157
"20210710070220",296.032,65.53637,277.0398,375.9894,11.59356,545.9136,38.71461,7.81152,71.98158,101.3741,4.763155,0.8388655,-1.130145,0.04864019,2.341068,0.1620468,0.005904913,1.93,149
"20210710070240",296.6877,65.74748,276.9727,376.2874,11.62339,546.3906,38.67807,7.906204,70.89182,101.3752,4.773706,0.8415678,-1.132782,0.05075892,2.343113,0.1618939,0.0113399,2.35,173
"20210710070300",297.4333,65.82346,276.7462,376.0015,11.65242,547.5333,38.77934,7.963921,68.9828,101.3761,4.785703,0.8425402,-1.137253,0.04421592,2.348014,0.1623178,0.004857063,2.67,173
"20210710070320",297.1591,65.59336,276.8589,375.2132,11.66552,548.6011,38.78402,7.94389,67.374,101.3757,4.78129,0.839595,-1.136734,0.0314119,2.352593,0.1623374,0.0110817,3.6,155
"20210710070340",297.107,65.38486,276.3936,374.7631,11.66633,548.952,38.79787,7.907257,66.51644,101.3726,4.780451,0.8369262,-1.142278,0.02462426,2.354098,0.1623953,0.01234722,3.28,149
"20210710070400",297.1241,65.17538,276.5141,374.7247,11.65887,549.3758,38.82026,7.78521,65.91726,101.3728,4.780726,0.8342449,-1.140394,0.02463478,2.355915,0.1624891,0.01318455,3.84,144
"20210710070420",297.3804,65.14477,276.5081,374.523,11.64637,549.8659,38.81192,7.717453,66.05857,101.3735,4.78485,0.833853,-1.139691,0.02259965,2.358017,0.1624541,0.01263619,2.98,152
"20210710070440",297.6303,65.0693,276.6463,375.0297,11.64758,550.905,38.88728,7.630253,67.18998,101.3735,4.788872,0.8328872,-1.138134,0.03007509,2.362473,0.1627696,0.01424861,3.27,149
"20210710070500",298.0779,65.10402,277.0148,375.6602,11.64819,551.3433,38.8983,7.640743,68.35371,101.3762,4.796074,0.8333314,-1.13382,0.03944768,2.364352,0.1628157,0.01519036,1.71,161
"20210710070520",298.717,65.40138,277.0836,376.0794,11.65464,552.8605,38.84334,7.655231,69.16527,101.3794,4.806357,0.8371378,-1.133405,0.04520572,2.370858,0.1625857,0.01914668,3.18,162
"20210710070540",299.196,65.61701,276.7071,375.6047,11.66209,552.5314,38.8962,7.687687,68.58358,101.3757,4.814064,0.8398978,-1.138313,0.03753134,2.369447,0.1628069,0.01182628,3.29,166
"20210710070600",299.6212,65.66474,276.6194,375.3669,11.65988,553.5196,38.93986,7.713695,67.4647,101.3774,4.820905,0.8405087,-1.139212,0.03415026,2.373685,0.1629897,0.01468992,2.55,169
"20210710070620",299.8386,65.69618,276.7996,376.0124,11.66209,553.911,38.94597,7.6637,67.54811,101.3779,4.824403,0.8409111,-1.13722,0.04362159,2.375363,0.1630153,0.009963513,2.24,169
"20210710070640",300.3633,65.80151,277.0619,376.4421,11.66431,555.327,39.00162,7.667286,68.48756,101.3783,4.832846,0.8422593,-1.13426,0.04986756,2.381436,0.1632482,0.01906395,2.87,156
"20210710070700",300.8041,65.98045,276.5654,376.4851,11.66955,555.8812,39.05134,7.690117,68.97933,101.3797,4.839939,0.8445498,-1.14045,0.05009834,2.383812,0.1634563,0.01586533,2.93,143
"20210710070720",301.0378,66.03625,276.5605,376.0991,11.66371,556.071,39.07384,7.682774,66.67347,101.3847,4.843697,0.8452639,-1.140144,0.04478981,2.384626,0.1635505,0.01490212,2.25,140
"20210710070740",301.4375,66.11887,276.8707,376.5225,11.66814,556.902,39.11063,7.691601,66.84728,101.3826,4.85013,0.8463216,-1.136757,0.05076718,2.38819,0.1637045,0.004701614,1.94,140
"20210710070800",301.9206,66.26616,276.5744,376.2512,11.67056,558.108,39.17078,7.680202,67.26303,101.3814,4.857902,0.8482069,-1.140405,0.04652626,2.393362,0.1639562,0.009850263,2.53,148
"20210710070820",302.02,66.22254,276.6187,376.2955,11.67036,558.4128,39.16599,7.701866,67.31011,101.3832,4.859502,0.8476485,-1.139868,0.04720298,2.394669,0.1639362,0.008687019,2.88,129
"20210710070840",302.696,66.23426,276.6003,376.094,11.65826,559.5254,39.21298,7.670658,66.99638,101.3833,4.870378,0.8477986,-1.139338,0.04514016,2.39944,0.1641329,0.01498509,2.53,146
"20210710070900",303.1283,66.43928,276.7464,375.9376,11.65786,561.3822,39.27878,7.622185,66.54576,101.384,4.877334,0.8504229,-1.137588,0.04283362,2.407402,0.1644083,0.01227617,1.74,139
"20210710070920",303.5353,66.58292,276.7,376.5442,11.65766,561.775,39.33581,7.60099,67.53746,101.3875,4.883884,0.8522614,-1.138123,0.05191306,2.409087,0.164647,0.0174911,3.16,156
"20210710070940",303.6868,66.48406,276.6647,376.17,11.65242,561.7712,39.2281,7.593285,67.12454,101.3878,4.88632,0.8509959,-1.138215,0.04673413,2.409071,0.1641961,0.01146102,2.74,153
"20210710071000",304.0896,66.47995,276.697,376.0938,11.64698,562.8033,39.32148,7.60693,66.81197,101.3846,4.892802,0.8509434,-1.137497,0.04602064,2.413496,0.164587,0.01339483,2.51,155
"20210710071020",304.3662,66.44678,276.6025,375.7952,11.63609,563.2126,39.35201,7.627808,67.08967,101.3842,4.897252,0.8505188,-1.13794,0.04241287,2.415252,0.1647148,0.01426554,2.42,163
"20210710071040",304.7008,66.45213,276.8741,376.077,11.6371,564.0599,39.35288,7.56575,67.39442,101.3828,4.902636,0.8505874,-1.134794,0.04654294,2.418885,0.1647184,0.01671886,1.94,155
"20210710071100",305.5421,66.63863,276.8837,376.2873,11.63649,564.593,39.40688,7.566418,67.89916,101.3832,4.916173,0.8529745,-1.134645,0.04972985,2.421172,0.1649445,0.01367331,3.17,156
"20210710071120",305.9649,66.76548,277.0809,376.0049,11.63891,565.5133,39.41822,7.557342,67.85384,101.3843,4.922975,0.8545982,-1.132465,0.04532232,2.425118,0.1649919,0.01576281,2.82,157
"20210710071140",306.7001,66.82854,276.9093,376.5012,11.64536,566.6749,39.47986,7.583271,68.6581,101.3872,4.934804,0.8554053,-1.134889,0.05223395,2.430099,0.1652499,0.01964021,2.12,164
"20210710071200",307.0732,66.8775,276.8168,376.8711,11.65242,567.5155,39.44946,7.643174,68.65522,101.3823,4.940809,0.8560321,-1.136419,0.05720777,2.433704,0.1651227,0.01416016,2.06,159
"20210710071220",307.4174,66.91713,276.8076,376.8023,11.65746,567.4125,39.51633,7.672592,67.76959,101.3824,4.946346,0.8565393,-1.136841,0.05578336,2.433262,0.1654026,0.01294422,2.61,175
"20210710071240",307.2714,66.84734,276.6646,376.545,11.65988,567.7982,39.51534,7.675282,67.8566,101.383,4.943997,0.8556459,-1.138679,0.05175069,2.434917,0.1653984,0.01393938,3.04,164
"20210710071300",307.8114,66.88633,276.6535,376.2334,11.65484,569.5742,39.55593,7.604477,66.77338,101.383,4.952685,0.856145,-1.138498,0.04749046,2.442533,0.1655683,0.01341224,2.28,154
"20210710071320",308.4672,66.92878,276.8344,376.5188,11.65302,570.6871,39.61487,7.605335,66.93092,101.3836,4.963237,0.8566884,-1.136249,0.05189663,2.447305,0.165815,0.01441956,2.36,139
"20210710071340",308.8529,67.20392,277.2886,377.2234,11.65867,570.6526,39.631,7.574695,67.94222,101.3882,4.969444,0.8602102,-1.131234,0.06198263,2.447157,0.1658826,0.02071261,2.32,150
"20210710071400",309.195,67.40315,276.7994,377.145,11.67762,571.6373,39.6766,7.630546,69.84529,101.3864,4.974948,0.8627604,-1.138184,0.05932647,2.45138,0.1660734,0.01627445,2.9,125
"20210710071420",309.9006,67.47269,276.6943,376.4996,11.68004,572.8886,39.75541,7.726112,68.54854,101.3843,4.9863,0.8636505,-1.139574,0.04949585,2.456746,0.1664033,0.01359034,2.25,124
"20210710071440",310.1615,67.53103,276.6621,376.4698,11.68064,573.1566,39.69244,7.650787,66.11915,101.3849,4.990498,0.8643972,-1.139992,0.04900384,2.457895,0.1661397,0.009037971,1.59,127
"20210710071500",310.3197,67.59994,276.7153,376.9114,11.68588,573.9493,39.72576,7.671513,66.15917,101.3862,4.993044,0.8652792,-1.139689,0.05518934,2.461295,0.1662792,0.01497912,1.8,129
"20210710071520",310.9527,67.83198,276.8463,377.6028,11.69132,575.525,39.77564,7.680149,66.84167,101.3853,5.00323,0.8682494,-1.138479,0.0650939,2.468052,0.166488,0.01289249,1.82,120
"20210710071540",311.2292,67.85488,276.9546,377.5677,11.69435,575.9023,39.80352,7.658276,66.64678,101.3888,5.007678,0.8685425,-1.137387,0.06433207,2.46967,0.1666047,0.01709819,1.84,126
"20210710071600",311.9047,68.10457,277.1281,378.2709,11.72459,576.7914,39.90882,7.73069,66.35878,101.3896,5.018546,0.8717386,-1.137209,0.07246976,2.473482,0.1670454,0.01660132,2.04,133
"20210710071620",312.4294,68.44352,277.0159,378.262,11.74354,576.7871,39.8948,7.770912,65.31075,101.3862,5.026988,0.876077,-1.139709,0.07085106,2.473464,0.1669867,0.01429701,1.55,158
"20210710071640",312.91,68.59203,277.1625,378.2991,11.75865,577.9338,39.96615,7.822151,64.61977,101.386,5.034722,0.8779781,-1.138915,0.07021979,2.478381,0.1672854,0.01191711,1.68,140
"20210710071700",313.4968,68.72798,277.1925,378.4908,11.77821,578.4624,40.00328,7.905574,65.5606,101.3865,5.044163,0.8797182,-1.13977,0.07155333,2.480648,0.1674408,0.01641607,2.58,140
"20210710071720",313.4846,68.54815,276.9955,377.8631,11.78788,579.6976,40.02658,7.927582,65.69134,101.3868,5.043967,0.8774163,-1.142697,0.061417,2.485945,0.1675383,0.01423645,2.8,138
"20210710071740",313.9496,68.37472,276.8401,377.3778,11.79595,580.5729,40.06604,7.927586,65.07336,101.3882,5.051448,0.8751964,-1.145032,0.05353224,2.489699,0.1677035,0.01322198,2.64,144
"20210710071800",314.4996,68.34834,276.9579,377.4176,11.80099,581.6705,40.12105,7.901558,63.7183,101.3934,5.060299,0.8748587,-1.143954,0.05373168,2.494406,0.1679337,0.01238632,2.22,146
"20210710071820",314.9539,68.48992,277.2522,378.2284,11.81994,582.2265,40.10007,7.858269,64.15877,101.3894,5.067608,0.876671,-1.141653,0.06436101,2.49679,0.1678459,0.01471162,1.53,155
"20210710071840",315.4204,68.70745,277.4094,378.5353,11.83687,582.2038,40.12877,7.87162,65.11486,101.3895,5.075114,0.8794554,-1.140845,0.06761699,2.496693,0.1679661,0.008534431,1.88,116
"20210710071900",315.5504,68.83674,277.2426,378.6213,11.85622,583.2748,40.11674,7.905526,64.65468,101.3898,5.077206,0.8811102,-1.144015,0.06738449,2.501286,0.1679157,0.01641655,1.95,130
"20210710071920",316.2768,69.00571,277.3591,378.7286,11.87255,584.704,40.1913,7.92025,65.01785,101.391,5.088893,0.8832732,-1.143652,0.0677069,2.507415,0.1682278,0.01732993,2.03,136
"20210710071940",316.3278,68.89494,277.1016,378.4815,11.88404,584.1871,40.23542,7.931126,65.47954,101.3914,5.089714,0.8818553,-1.147405,0.06311504,2.505198,0.1684125,0.01928401,2.9,147
"20210710072000",317.1192,68.80237,277.0541,377.9564,11.89392,585.8097,40.26009,8.001644,66.31532,101.3957,5.102448,0.8806704,-1.148579,0.05449242,2.512156,0.1685157,0.01778674,2.37,139
"20210710072020",317.3965,68.63108,277.2648,377.891,11.90017,586.5843,40.32203,7.968212,65.37241,101.3963,5.10691,0.8784778,-1.146479,0.05302648,2.515478,0.168775,0.005842447,2.45,143
"20210710072040",317.7297,68.7597,277.318,378.2618,11.91065,587.1988,40.34298,7.950279,63.47825,101.3921,5.11227,0.8801242,-1.1465,0.05774283,2.518113,0.1688627,0.01610994,1.92,163
"20210710072100",318.1219,68.90522,277.3211,378.3579,11.91831,588.5626,40.36277,7.905617,62.40532,101.3931,5.118582,0.8819869,-1.146939,0.05857829,2.523962,0.1689455,0.01540184,1.81,160
"20210710072120",318.3578,69.09738,277.5482,378.9062,11.92012,588.8296,40.40542,7.915741,62.12889,101.3929,5.122376,0.8844464,-1.14437,0.06662634,2.525107,0.169124,0.01938987,1.55,152
"20210710072140",318.7657,69.26307,277.5992,379.5901,11.93524,589.0029,40.44229,7.948894,64.45116,101.3935,5.12894,0.8865672,-1.144705,0.07565794,2.52585,0.1692784,0.01611948,1.67,133
"20210710072200",319.2718,69.28618,277.5338,379.4986,11.93948,590.5964,40.50226,7.987419,65.12668,101.3963,5.137084,0.8868632,-1.145741,0.07395738,2.532683,0.1695294,0.01788402,1.43,113
"20210710072220",319.6505,69.40362,277.8167,380.1402,11.96689,590.8289,40.51924,8.036534,66.2849,101.3988,5.143176,0.8883664,-1.144101,0.08139263,2.53368,0.1696004,0.01754785,1.38,124
"20210710072240",320.6653,69.65645,277.8116,380.1682,11.9941,592.2768,40.50261,8.083282,65.43586,101.3947,5.159504,0.8916025,-1.145852,0.07967043,2.53989,0.1695308,0.01215363,1.42,142
"20210710072300",321.0527,69.83703,277.8934,380.3846,12.0191,593.1183,40.58349,8.13678,65.51885,101.3957,5.165738,0.8939139,-1.146437,0.08094036,2.543498,0.1698693,0.02193499,2.34,123
"20210710072320",321.6461,69.75975,277.4912,379.1386,12.03785,594.2944,40.65762,8.160713,65.37822,101.3962,5.175286,0.8929248,-1.152352,0.06085325,2.548542,0.1701796,0.00756383,2.22,146
"20210710072340",321.5253,69.58673,277.4556,378.542,12.04188,594.5432,40.74138,8.14547,63.1838,101.3963,5.173342,0.8907102,-1.153022,0.05162363,2.549608,0.1705302,0.009697676,2.29,146
"20210710072400",321.7157,69.34405,277.5316,378.7226,12.04249,595.3854,40.67704,8.059246,63.57744,101.3979,5.176406,0.8876038,-1.152162,0.05427352,2.55322,0.1702609,0.01029015,1.8,159
"20210710072420",322.0292,69.296,277.5067,379.0527,12.04067,596.2797,40.69974,7.991718,64.07142,101.403,5.181451,0.8869888,-1.152345,0.05934679,2.557055,0.170356,0.01481104,1.53,142
"20210710072440",322.2238,69.54941,277.6774,379.494,12.03825,596.6012,40.76124,7.956974,63.96418,101.4007,5.184581,0.8902325,-1.150178,0.06613212,2.558434,0.1706133,0.01504946,2.09,143
"20210710072500",322.6065,69.61806,277.6917,379.4813,12.03926,597.2992,40.76237,7.90271,64.02644,101.3995,5.190739,0.8911112,-1.150072,0.0658631,2.561427,0.1706181,0.01542163,1.91,140
"20210710072520",322.816,69.74382,277.6983,379.6764,12.03563,597.9963,40.83458,7.909538,63.74262,101.4013,5.19411,0.892721,-1.14977,0.06906072,2.564417,0.1709203,0.007259369,1.27,137
"20210710072540",323.4963,69.92628,277.697,380.2426,12.0441,598.9223,40.83987,7.911995,64.4009,101.4026,5.205056,0.8950564,-1.15031,0.07685414,2.568388,0.1709425,0.01130033,1.78,133
"20210710072600",324.005,70.07483,277.6896,379.9453,12.04349,599.3636,40.91142,7.942272,62.21312,101.403,5.213241,0.8969578,-1.15036,0.07246142,2.57028,0.171242,0.01007795,1.58,132
"20210710072620",324.3448,70.23795,277.894,380.2952,12.04269,600.8677,40.9867,7.976334,62.50884,101.4074,5.218708,0.8990458,-1.147896,0.07775058,2.57673,0.1715571,-0.002329826,1.04,97.99999
"20210710072640",324.8633,70.34385,277.931,380.5586,12.05438,601.4018,41.04565,7.963913,63.55776,101.4069,5.22705,0.9004013,-1.148186,0.0807685,2.579021,0.1718038,0.003842831,2.19,128
"20210710072700",325.3523,70.20072,277.6706,379.6352,12.04531,602.5311,41.08791,7.983078,62.83876,101.4041,5.234919,0.8985693,-1.150698,0.06768449,2.583863,0.1719807,0.01487041,2.35,121
"20210710072720",325.4758,70.00006,277.6419,379.3488,12.04289,603.3017,41.07564,7.955002,62.22093,101.4049,5.236906,0.8960007,-1.150885,0.06359842,2.587168,0.1719294,0.006947041,1.66,130
"20210710072740",325.7582,70.07511,277.7387,380.018,12.04007,603.1029,41.06941,7.92395,62.9563,101.4057,5.24145,0.8969614,-1.149568,0.07381662,2.586315,0.1719033,0.01831913,1.42,126
"20210710072800",326.2592,70.32839,277.7781,380.5831,12.04672,604.9228,41.12177,7.90686,63.18892,101.4065,5.24951,0.9002034,-1.149515,0.08173666,2.59412,0.1721224,0.0204649,0.88,123
"20210710072820",326.6141,70.57148,278.0616,381.2481,12.05337,604.7174,41.1567,7.9356,62.25603,101.407,5.255222,0.903315,-1.14658,0.09114885,2.593239,0.1722686,0.01925325,2.02,119
"20210710072840",327.1796,70.58127,278.3107,381.1445,12.06708,605.3834,41.16214,7.978737,63.85206,101.4118,5.26432,0.9034403,-1.14449,0.08852334,2.596095,0.1722914,0.009827614,1.89,144
"20210710072900",328.0681,70.84593,278.1486,381.1882,12.08119,606.7856,41.18065,8.037861,63.65226,101.4075,5.278616,0.9068278,-1.147281,0.08806682,2.602108,0.1723689,0.01753879,1.51,161
"20210710072920",328.7063,71.1064,277.9679,381.3084,12.09832,608.3099,41.23565,8.113297,64.31278,101.4086,5.288884,0.9101619,-1.150481,0.08851379,2.608645,0.1725991,0.01397753,1.12,142
"20210710072940",328.7243,71.23859,278.0883,381.6276,12.10619,608.4544,41.21958,8.117916,63.3469,101.4089,5.289174,0.911854,-1.149547,0.09266662,2.609264,0.1725318,0.014961,0.73,128
"20210710073000",329.1393,71.44376,278.2126,382.2596,12.12614,608.3045,41.21532,8.147194,63.52828,101.41,5.295852,0.9144802,-1.149321,0.1005377,2.608622,0.172514,0.01881957,0.97,109
"20210710073020",329.7447,71.71243,278.1862,382.499,12.14912,610.1744,41.30684,8.218807,64.5548,101.4129,5.305593,0.9179192,-1.151062,0.1023054,2.616641,0.1728971,0.0173142,0.76,99.99999
"20210710073040",330.119,71.87164,278.1349,382.2781,12.16969,610.5978,41.30322,8.268638,63.36748,101.4141,5.311614,0.9199571,-1.152946,0.09738885,2.618456,0.1728819,0.0200181,0.61,90
"20210710073100",330.4401,71.94476,278.0558,382.5463,12.18118,611.1434,41.41504,8.362808,63.3842,101.4151,5.316781,0.920893,-1.154597,0.1004901,2.620796,0.1733499,0.01429772,0.78,134
"20210710073120",330.6391,72.09411,278.2472,382.6604,12.19226,612.0792,41.46938,8.403766,62.45686,101.4162,5.319983,0.9228046,-1.153025,0.1013227,2.624809,0.1735774,0.0180788,0.75,109
"20210710073140",330.7031,72.20431,278.4483,383.051,12.20698,612.839,41.38482,8.46722,62.10936,101.4134,5.321013,0.9242153,-1.151565,0.1060007,2.628067,0.1732235,0.01459837,0.47,91.99999
"20210710073200",331.252,72.27506,278.3994,383.1586,12.23238,613.4018,41.50471,8.522049,62.64729,101.4127,5.329844,0.9251207,-1.153725,0.1056057,2.630481,0.1737253,0.0142231,1,131
"20210710073220",331.6485,72.30521,278.1598,382.8882,12.25818,613.1397,41.49228,8.536152,62.81229,101.4145,5.336225,0.9255066,-1.158161,0.0995351,2.629357,0.1736733,0.01412678,1.06,152
"20210710073240",332.0187,72.3619,278.1348,383.0114,12.27572,614.4882,41.52434,8.537666,62.28478,101.4136,5.342181,0.9262323,-1.159549,0.09999242,2.63514,0.1738075,0.0009148121,0.43,137
"20210710073300",332.4165,72.51706,278.6701,383.1082,12.29225,615.706,41.51883,8.554756,61.7868,101.4147,5.348582,0.9282184,-1.154255,0.1001392,2.640362,0.1737844,-0.000218153,1.14,169
"20210710073320",333.1392,72.6147,278.5586,383.4191,12.31805,615.8753,41.55372,8.580215,62.7635,101.4189,5.36021,0.9294682,-1.15718,0.1027483,2.641088,0.1739304,0.01687217,1.17,167
"20210710073340",333.5668,72.51739,278.3869,383.0608,12.33478,617.0989,41.56358,8.579643,61.16519,101.4165,5.36709,0.9282226,-1.16025,0.09607664,2.646335,0.1739717,0.01281357,1.16,167
"20210710073400",333.9214,72.56443,278.3105,382.6628,12.34406,617.7425,41.68902,8.56028,60.21073,101.4153,5.372796,0.9288247,-1.16173,0.08940005,2.649095,0.1744968,0.01091528,1.24,161
"20210710073420",334.073,72.57732,278.493,382.5719,12.34244,618.3454,41.688,8.526874,59.91754,101.4157,5.375234,0.9289898,-1.159475,0.08816882,2.651681,0.1744925,0.01317453,0.93,161
"20210710073440",334.5404,72.6082,278.7705,383.116,12.35514,618.9892,41.70943,8.493736,60.99964,101.4157,5.382756,0.929385,-1.156988,0.09529658,2.654442,0.1745822,0.01644754,1.41,161
"20210710073500",335.1025,72.60698,278.5915,382.8931,12.36925,619.6627,41.72533,8.478661,61.62443,101.4152,5.391799,0.9293694,-1.159984,0.09085259,2.65733,0.1746487,0.01452017,1.55,152
"20210710073520",335.4114,72.47768,278.697,382.4975,12.3745,620.7313,41.79013,8.483826,58.97359,101.419,5.39677,0.9277142,-1.159063,0.08453025,2.661912,0.1749199,0.01448488,2.16,163
"20210710073540",335.9968,72.25891,278.6989,382.533,12.37933,622.0916,41.86162,8.451126,59.35106,101.4199,5.40619,0.9249142,-1.159344,0.08467851,2.667745,0.1752192,0.009631872,1.87,164
"20210710073600",336.458,72.25476,278.7723,382.5694,12.38538,622.6789,41.88626,8.469032,59.73369,101.4156,5.41361,0.924861,-1.158853,0.08474668,2.670264,0.1753224,0.01255536,1.2,158
"20210710073620",336.8447,72.33994,278.9142,382.848,12.39082,623.3497,41.91921,8.468456,59.60041,101.4161,5.419832,0.9259512,-1.157517,0.0884776,2.673141,0.1754602,0.01459026,1.27,148
"20210710073640",337.3261,72.57634,279.1072,383.4377,12.40413,624.4885,41.99145,8.406799,59.29394,101.416,5.427577,0.9289773,-1.156069,0.09623652,2.678024,0.1757626,0.0139966,1.13,166
"20210710073700",337.9769,72.73542,279.2573,383.6871,12.41804,624.7379,42.01815,8.445324,61.40161,101.4161,5.438048,0.9310134,-1.155162,0.0988677,2.679094,0.1758744,0.02084064,1.79,154
"20210710073720",338.1793,72.80822,279.0713,383.1781,12.43376,625.5635,42.00326,8.488594,61.53871,101.4171,5.441304,0.9319454,-1.158339,0.0900231,2.682635,0.1758121,0.01749849,1.36,144
"20210710073740",338.9494,72.82168,278.9457,383.3998,12.44525,626.796,42.03472,8.522663,61.78978,101.4206,5.453696,0.9321175,-1.16054,0.09242703,2.68792,0.1759437,0.01421905,1.89,138
"20210710073800",339.0681,72.70234,279.0221,382.9432,12.4507,626.8026,42.11767,8.513023,59.72382,101.4163,5.455606,0.93059,-1.159977,0.08517701,2.687948,0.1762909,0.003114462,1.6,134
"20210710073820",339.0927,72.6244,278.9772,382.6456,12.45735,628.2219,42.14151,8.552521,60.50254,101.417,5.456001,0.9295923,-1.160922,0.08020474,2.694035,0.1763907,0.009952545,1.96,137
"20210710073840",339.4034,72.54597,279.2567,382.6392,12.46702,628.8673,42.11944,8.542054,60.97896,101.4164,5.461,0.9285884,-1.158225,0.07934622,2.696802,0.1762984,0.01408649,1.56,137
"20210710073900",339.889,72.66578,279.3995,383.0491,12.47872,630.6455,42.21667,8.518146,61.49261,101.4167,5.468814,0.9301219,-1.157269,0.08454497,2.704428,0.1767053,0.01526523,1.33,148
"20210710073920",340.6813,72.93555,279.4007,383.7514,12.50432,631.468,42.35765,8.52557,62.43672,101.4148,5.481563,0.9335751,-1.158852,0.09301649,2.707955,0.1772954,0.01724553,2.94,133
"20210710073940",341.3407,72.79826,278.6074,382.3869,12.51843,631.5528,42.33841,8.55468,59.56575,101.4219,5.492172,0.9318178,-1.169104,0.07151515,2.708318,0.1772149,0.01399994,2.53,147
"20210710074000",341.491,72.58371,278.6818,382.3977,12.51641,632.7978,42.39954,8.485275,56.97463,101.4208,5.49459,0.9290715,-1.168099,0.07183645,2.713657,0.1774708,0.009397506,1.48,147
"20210710074020",341.5827,72.58051,278.7235,382.7594,12.51742,632.6288,42.32658,8.487446,57.1267,101.4179,5.496066,0.9290306,-1.167669,0.07715954,2.712933,0.1771654,0.01750612,1.76,138
"20210710074040",341.96,72.77322,278.9741,383.3698,12.52488,634.53,42.39928,8.468731,58.7069,101.4162,5.502136,0.9314973,-1.165174,0.0856911,2.721086,0.1774697,0.01052666,1.42,154
"20210710074100",342.7376,72.87935,278.7532,382.996,12.53355,634.9292,42.46428,8.488426,59.14137,101.418,5.514648,0.9328558,-1.168325,0.07942117,2.722798,0.1777417,0.01749992,2.13,160
"20210710074120",342.9913,72.82738,278.7714,382.6439,12.53113,635.7288,42.52574,8.468658,58.07486,101.4173,5.51873,0.9321906,-1.167959,0.07435293,2.726227,0.177999,0.0115428,1.88,156
"20210710074140",343.4098,72.92572,279.0222,383.0025,12.5281,636.0574,42.56936,8.433654,57.0453,101.4203,5.525463,0.9334492,-1.164808,0.0799492,2.727636,0.1781816,0.01584363,1.35,156
"20210710074200",343.5402,73.02937,279.2071,383.5336,12.53597,637.2151,42.55131,8.452747,58.70877,101.4207,5.527562,0.9347759,-1.163117,0.08726179,2.7326,0.178106,0.01368189,1.98,137
"20210710074220",344.1513,73.13742,279.3026,383.5405,12.53838,638.5424,42.58136,8.450512,60.01669,101.4163,5.537394,0.9361589,-1.162139,0.08717319,2.738292,0.1782318,0.01775908,1.6,139
"20210710074240",344.8527,73.25861,279.0388,383.0468,12.54967,639.3088,42.68779,8.49564,61.05149,101.4166,5.54868,0.9377102,-1.165959,0.0789055,2.741579,0.1786773,0.0144043,3.05,143
"20210710074300",345.2956,72.94818,278.8435,382.3749,12.54786,639.7262,42.71205,8.48745,58.35557,101.4167,5.555807,0.9337366,-1.168152,0.06901281,2.743369,0.1787788,0.01141357,2.13,146
"20210710074320",345.8622,72.91157,278.6694,382.3719,12.55209,641.3041,42.7203,8.487286,56.97924,101.4165,5.564923,0.9332681,-1.170474,0.06863242,2.750135,0.1788134,0.01344562,1.99,153
"20210710074340",345.8196,73.02097,279.0602,382.6265,12.54746,642.4084,42.7864,8.443359,56.81457,101.4161,5.564238,0.9346684,-1.165569,0.07280282,2.754871,0.1790901,0.01476169,1.11,152
"20210710074400",346.5412,73.29779,279.3036,383.4384,12.54987,642.1525,42.81738,8.439846,58.93919,101.4192,5.575848,0.9382118,-1.162845,0.08474224,2.753773,0.1792197,0.01478577,1.96,145
"20210710074420",346.8935,73.33537,279.2117,383.676,12.55411,643.8149,42.75641,8.43829,61.26366,101.4171,5.581517,0.9386927,-1.164195,0.08795646,2.760903,0.1789645,0.01682711,1.9,147
"20210710074440",347.3379,73.31622,279.1524,383.3465,12.5531,644.3807,42.8509,8.478008,60.85569,101.4154,5.588667,0.9384477,-1.164832,0.08311221,2.763329,0.17936,0.01655531,2.25,142
"20210710074500",347.807,73.21258,279.4796,383.9327,12.56137,645.0911,42.94028,8.498734,61.79846,101.4145,5.596214,0.9371211,-1.161484,0.09121708,2.766375,0.1797341,0.009305715,1.68,124
"20210710074520",348.4488,73.33424,279.2574,384.119,12.5785,646.0564,42.90365,8.536694,61.52298,101.4145,5.606541,0.9386782,-1.165178,0.09264665,2.770515,0.1795808,0.0141232,2.8,130
"20210710074540",349.0401,73.37414,278.697,382.9969,12.58596,646.3212,43.04135,8.607033,58.12295,101.4156,5.616056,0.939189,-1.172263,0.07529297,2.77165,0.1801572,0.009579182,2.3,138
"20210710074600",349.3295,73.32048,278.8694,382.9227,12.58233,647.5532,43.05264,8.606316,56.88009,101.419,5.620712,0.9385022,-1.170001,0.07447077,2.776934,0.1802044,0.01161504,2.52,133
"20210710074620",349.1712,73.12783,278.6924,382.0846,12.57245,648.0756,43.0613,8.568516,56.82522,101.4182,5.618164,0.9360362,-1.171472,0.06273169,2.779174,0.1802407,0.01593638,2.33,110
"20210710074640",349.0293,72.9867,278.7422,381.9466,12.56499,648.9739,43.01946,8.511055,56.87469,101.414,5.615882,0.9342298,-1.17042,0.06125849,2.783026,0.1800655,0.0142982,2.2,114
"20210710074700",349.3456,72.9551,278.905,381.9611,12.55854,650.2098,43.0688,8.484291,57.20697,101.4145,5.620972,0.9338253,-1.168093,0.06198574,2.788326,0.180272,0.01346612,2.83,130
"20210710074720",350.0009,72.81022,279.0275,382.3036,12.55572,650.6496,43.13059,8.45462,58.80906,101.4152,5.631514,0.9319708,-1.166471,0.06732535,2.790212,0.1805307,0.01163864,2.28,137
"20210710074740",350.4353,72.91765,279.0781,382.7035,12.55088,651.1301,43.15055,8.466182,58.51358,101.4161,5.638504,0.9333459,-1.165571,0.07368245,2.792273,0.1806142,0.01155949,2.16,144
"20210710074800",351.0136,73.08122,278.963,382.7965,12.5525,652.3338,43.25962,8.476761,58.94177,101.4173,5.647808,0.9354397,-1.16703,0.07494448,2.797434,0.1810708,0.01656389,2.69,152
"20210710074820",351.5678,73.15317,279.103,382.4081,12.55048,653.1389,43.27987,8.472454,58.83188,101.4203,5.656726,0.9363606,-1.165251,0.06930065,2.800887,0.1811555,0.01659322,2.89,142
"20210710074840",352.2707,73.30915,279.3311,382.5212,12.55068,653.3884,43.30949,8.456142,59.66509,101.4163,5.668036,0.9383572,-1.162571,0.07097318,2.801957,0.1812795,0.01772046,2.54,147
"20210710074900",352.6054,73.37022,279.2984,382.1183,12.54484,655.264,43.41926,8.48196,58.84496,101.4165,5.673421,0.9391389,-1.162592,0.06541696,2.81,0.181739,0.01551318,3.02,138
"20210710074920",352.7317,73.29283,279.0327,382.1744,12.54161,655.6096,43.35029,8.462295,59.22697,101.4165,5.675453,0.9381482,-1.165527,0.06651208,2.811482,0.1814503,0.01463223,3.48,135
"20210710074940",353.3024,73.16942,278.9346,381.7468,12.54,656.5697,43.44238,8.447193,58.12962,101.4184,5.684636,0.9365686,-1.166586,0.06024854,2.8156,0.1818357,0.01473546,3.4,158
"20210710075000",353.6867,73.21517,279.2505,382.1808,12.5408,657.3732,43.39364,8.422516,58.11046,101.4174,5.690819,0.9371541,-1.162905,0.06666976,2.819046,0.1816317,0.01896548,2.74,158
"20210710075020",354.358,73.41423,279.0532,382.3192,12.53657,658.2095,43.46389,8.42435,58.80307,101.4219,5.70162,0.9397022,-1.164971,0.06907214,2.822632,0.1819258,0.01590729,2.23,156
"20210710075040",354.761,73.57562,279.3152,382.8031,12.53576,658.8403,43.49534,8.435379,58.29195,101.4217,5.708105,0.9417679,-1.161826,0.0763645,2.825337,0.1820574,0.01989293,1.87,143
"20210710075100",355.451,73.82042,279.0132,382.4258,12.53697,659.4833,43.60617,8.528889,59.57111,101.4187,5.719206,0.9449014,-1.165469,0.0706319,2.828094,0.1825213,0.01316094,2.61,136
"20210710075120",355.5875,73.80574,279.333,382.6008,12.53516,661.0998,43.65872,8.49913,58.23476,101.4186,5.721403,0.9447135,-1.161578,0.07339091,2.835026,0.1827413,0.01844192,2.64,148
"20210710075140",355.9586,73.65141,278.8639,381.9537,12.53052,661.2399,43.71262,8.489121,58.09976,101.4187,5.727374,0.942738,-1.166828,0.06408894,2.835627,0.1829669,0.00734067,2.89,145
"20210710075200",356.6913,73.73645,279.0356,382.3811,12.53254,661.6647,43.77732,8.489437,58.35802,101.4192,5.739162,0.9438266,-1.164927,0.07031498,2.837449,0.1832377,0.02053881,2.53,151
"20210710075220",356.9678,73.55561,279.1271,382.3678,12.53334,662.4788,43.83352,8.499855,59.52232,101.4227,5.743612,0.9415118,-1.163898,0.07005263,2.84094,0.1834729,0.01640606,2.38,149
"20210710075240",356.8726,73.39323,278.7393,382.4413,12.53012,662.7593,43.90625,8.544895,59.1889,101.4233,5.742081,0.9394334,-1.168276,0.07140487,2.842143,0.1837773,0.01406694,2.99,141
"20210710075300",357.6348,73.52077,279.0188,382.1192,12.52367,664.352,44.02754,8.524586,58.75791,101.4191,5.754344,0.9410658,-1.164572,0.06710219,2.848973,0.184285,0.01319027,2.88,145
"20210710075320",358.1343,73.60948,278.6935,381.5626,12.52448,665.6097,44.1138,8.559925,58.22068,101.4208,5.762382,0.9422014,-1.168463,0.05872306,2.854366,0.1846461,0.01193261,2.87,167
"20210710075340",358.1462,73.57004,278.9495,381.6592,12.51097,665.5264,44.11781,8.456257,57.16151,101.4212,5.762572,0.9416965,-1.164596,0.06123468,2.854009,0.1846629,0.0156889,2.43,164
"20210710075400",359.0705,73.72523,279.1524,382.6676,12.51178,666.269,44.20385,8.406696,59.01877,101.4208,5.777445,0.943683,-1.162251,0.07623507,2.857194,0.185023,0.01907396,1.84,173
"20210710075420",359.469,74.05746,279.3412,383.4875,12.52185,667.4823,44.17293,8.445282,60.69969,101.4208,5.783856,0.9479354,-1.16065,0.08768927,2.862397,0.1848936,0.01881003,3.03,154
"20210710075440",359.95,74.17332,279.4624,382.6484,12.52488,667.3083,44.21565,8.518371,59.63742,101.4246,5.791596,0.9494186,-1.159407,0.07491382,2.86165,0.1850724,0.01932573,2.62,141
"20210710075500",360.3972,74.31938,279.5524,383.2793,12.54302,668.6798,44.32928,8.527347,60.61658,101.4209,5.79879,0.951288,-1.159479,0.0829049,2.867532,0.185548,0.0182488,3.14,150
"20210710075520",360.6843,74.41893,278.8653,382.3018,12.55028,668.6618,44.32274,8.652443,60.27342,101.4199,5.80341,0.9525623,-1.168045,0.06773038,2.867455,0.1855206,0.01333094,4.06,137
"20210710075540",360.8772,74.10103,278.5073,381.1105,12.5402,670.0453,44.3924,8.593834,57.43548,101.4217,5.806515,0.9484933,-1.171644,0.05072727,2.873388,0.1858122,0.01373196,3.31,138
"20210710075600",360.68,73.92791,278.5246,381.054,12.52266,671.2966,44.34359,8.495312,57.53399,101.4217,5.803341,0.9462772,-1.170345,0.05126752,2.878754,0.1856079,0.01440644,2.96,129
"20210710075620",361.012,73.83413,278.5887,381.2661,12.50855,672.3494,44.41722,8.4226,57.75428,101.4228,5.808683,0.9450769,-1.168707,0.05555154,2.883268,0.1859161,0.01591921,2.79,143
"20210710075640",361.4514,73.90298,278.746,381.7052,12.49162,673.7516,44.50556,8.36174,58.59417,101.4272,5.815752,0.9459582,-1.165792,0.06345051,2.889282,0.1862859,0.01329041,2.73,144
"20210710075700",362.027,74.03855,278.6497,381.7076,12.47327,674.2906,44.54526,8.35281,57.78412,101.4269,5.825014,0.9476934,-1.165785,0.06493453,2.891593,0.1864521,0.01030588,2.19,142
"20210710075720",362.451,74.2923,278.8894,381.8702,12.4515,673.8519,44.6126,8.30994,57.52843,101.4238,5.831836,0.9509415,-1.161595,0.06908065,2.889712,0.1867339,0.01263046,3.2,141
"20210710075740",362.7524,74.37731,279.0078,382.1744,12.44082,674.9309,44.7066,8.263413,58.72387,101.4228,5.836687,0.9520296,-1.159531,0.0744697,2.894339,0.1871274,0.01497865,2.3,146
"20210710075800",363.2287,74.56468,279.1145,382.7606,12.43658,675.245,44.67273,8.254662,60.03153,101.4234,5.84435,0.9544279,-1.158005,0.08356142,2.895686,0.1869856,0.01199341,2.71,131
"20210710075820",363.5461,74.72004,279.1169,382.7069,12.42771,676.5175,44.79652,8.293602,60.548,101.4233,5.849457,0.9564166,-1.157424,0.08345976,2.901143,0.1875037,0.01781702,2.06,133
"20210710075840",364.4963,75.00962,279.3503,383.4994,12.43255,677.1545,44.86603,8.332985,60.60464,101.4256,5.864746,0.9601231,-1.154969,0.09491747,2.903874,0.1877947,0.01856303,2.45,145
"20210710075900",365.1008,75.23387,279.2604,383.3085,12.44142,678.3366,45.03207,8.38881,59.45112,101.4273,5.874472,0.9629936,-1.156585,0.09136408,2.908943,0.1884897,0.01818085,2.84,141
"20210710075920",365.7716,75.19657,279.0165,382.9108,12.44687,678.9997,45.00382,8.43803,58.00918,101.4223,5.885264,0.9625162,-1.159804,0.08499358,2.911787,0.1883714,0.01682901,3.45,142
"20210710075940",365.8534,75.06323,278.9566,382.1781,12.44324,679.344,45.08778,8.443359,57.53969,101.4237,5.886581,0.9608094,-1.160286,0.0743337,2.913264,0.1887229,0.01780772,3.4,143
"20210710080000",366.2334,75.12474,278.9294,382.4294,12.4507,680.5344,45.14217,8.47137,58.91458,101.4233,5.892696,0.9615966,-1.161071,0.07750086,2.918369,0.1889505,0.01863194,3.26,149
"20210710080020",366.8942,75.28718,279.0186,382.7601,12.45573,681.7985,45.17796,8.464092,58.74242,101.4243,5.903328,0.9636759,-1.160333,0.08204436,2.92379,0.1891003,0.01563549,3.21,164
"20210710080040",367.3895,75.25572,279.0434,382.6942,12.4517,681.7586,45.25685,8.426121,56.7781,101.4267,5.911297,0.9632732,-1.159788,0.08137739,2.923619,0.1894305,0.01589513,2.92,163
"20210710080100",367.7741,75.31067,279.1008,382.6056,12.45412,683.8346,45.26898,8.40683,56.25724,101.428,5.917486,0.9639766,-1.159262,0.07986162,2.932521,0.1894813,0.008920431,2.71,153
"20210710080120",368.1592,75.44169,279.2438,382.9571,12.45735,683.8033,45.29704,8.379718,58.06313,101.4231,5.923682,0.9656536,-1.157773,0.08485921,2.932387,0.1895987,0.02027369,2.66,161
"20210710080140",368.9474,75.62642,279.4362,383.884,12.46924,685.0402,45.39953,8.44175,59.55433,101.4235,5.936365,0.9680182,-1.156243,0.09776746,2.937691,0.1900277,0.01477313,2.14,166
"20210710080200",369.8088,75.85636,279.2693,384.0181,12.48859,685.4049,45.4406,8.513817,59.11354,101.4235,5.950224,0.9709615,-1.159423,0.09824349,2.939255,0.1901997,0.01935697,2.65,147
"20210710080220",370.3936,76.08687,279.7155,384.6513,12.51137,686.1465,45.45181,8.584198,59.82688,101.4224,5.959633,0.9739121,-1.155576,0.1059028,2.942435,0.1902466,0.01582909,1.85,160
"20210710080240",370.7784,76.3805,279.5585,384.2691,12.5398,686.303,45.45541,8.665218,60.47468,101.4218,5.965824,0.9776704,-1.159204,0.09794782,2.943106,0.1902616,0.02035379,2.71,170
"20210710080300",371.0518,76.33163,279.5024,383.3345,12.55733,688.975,45.49378,8.747258,58.14122,101.4257,5.970222,0.977045,-1.160963,0.08259894,2.954565,0.1904222,0.01166582,2.79,159
"20210710080320",371.2977,76.15006,279.4291,383.1442,12.56016,688.6765,45.57869,8.66708,56.40818,101.4233,5.974181,0.9747207,-1.162004,0.07953266,2.953285,0.1907776,0.01018333,2.51,159
"20210710080340",371.8162,76.21254,279.2383,383.2763,12.57447,689.0695,45.67949,8.630993,57.83785,101.4212,5.982522,0.9755205,-1.165152,0.0803767,2.95497,0.1911996,0.01449323,2.67,146
"20210710080400",371.9218,76.13204,279.4185,383.5975,12.58314,690.4587,45.56714,8.595833,57.75521,101.4217,5.984222,0.9744901,-1.163565,0.08449007,2.960928,0.1907293,0.01676536,2.76,158
"20210710080420",372.1698,76.11733,279.213,383.5822,12.59281,690.9919,45.64567,8.564083,57.66698,101.4207,5.988212,0.9743018,-1.166596,0.0834965,2.963214,0.191058,0.01698232,2.68,162
"20210710080440",372.6121,76.19108,279.3655,383.3524,12.59543,691.8214,45.64045,8.580128,56.46372,101.4198,5.995328,0.9752458,-1.16496,0.07985674,2.966771,0.1910362,0.01585674,1.64,142
"20210710080500",373.1534,76.43755,279.5665,384.079,12.60209,693.8402,45.69337,8.555664,56.99082,101.4229,6.004039,0.9784007,-1.163002,0.09018421,2.975428,0.1912577,0.01703978,3.3,168
"20210710080520",373.5678,76.45792,279.4372,384.084,12.61317,693.4522,45.71819,8.573528,58.11113,101.4216,6.010705,0.9786613,-1.165221,0.0893847,2.973764,0.1913615,0.01488638,2.81,179
"20210710080540",373.7997,76.40872,279.2023,383.305,12.60995,694.1822,45.8073,8.572719,57.38216,101.418,6.014437,0.9780317,-1.167795,0.07799951,2.976895,0.1917345,0.01489186,3.1,158
"20210710080600",374.36,76.41366,279.3878,383.127,12.61277,695.3878,45.87932,8.563877,57.01486,101.4173,6.023453,0.9780949,-1.16578,0.07511855,2.982065,0.192036,0.01495266,2.49,165
"20210710080620",374.7624,76.52982,279.7583,383.9402,12.61196,696.741,45.83398,8.487366,57.2873,101.4169,6.029928,0.9795818,-1.161354,0.08733022,2.987868,0.1918462,0.02055335,2.16,150
"20210710080640",375.5887,76.79967,279.3633,384.4003,12.63111,697.2658,45.95483,8.556618,60.38614,101.4157,6.043222,0.9830358,-1.167215,0.09269166,2.990119,0.1923521,0.01601791,2.97,180
"20210710080700",375.933,76.7882,279.2198,383.4701,12.63273,697.4108,45.93482,8.562088,57.28675,101.4179,6.048762,0.982889,-1.169011,0.07866457,2.990741,0.1922683,0.01191759,2.84,185
"20210710080720",376.2099,76.68782,279.2892,383.5526,12.62809,698.7494,45.97639,8.452446,56.72478,101.4192,6.053218,0.9816041,-1.167902,0.08026419,2.996481,0.1924423,0.01368427,2.54,176
"20210710080740",376.3927,76.63056,279.3181,384.2991,12.6287,699.0158,46.00029,8.448494,58.77438,101.4149,6.056158,0.9808712,-1.167599,0.09136916,2.997624,0.1925423,0.01675749,2.25,157
"20210710080800",376.6558,76.74451,279.3783,384.2044,12.62789,700.0882,46.01248,8.455662,57.6374,101.4141,6.060392,0.9823298,-1.166838,0.09001802,3.002223,0.1925934,0.0136621,2.15,151
"20210710080820",377.1919,77.03044,279.6953,384.8858,12.62003,701.8427,46.05522,8.414974,56.79754,101.4144,6.069017,0.9859897,-1.162603,0.1008193,3.009746,0.1927723,0.01698685,1.47,145
"20210710080840",377.7909,77.34986,280.0641,385.9359,12.63394,702.5037,46.09156,8.41911,59.07992,101.414,6.078656,0.9900782,-1.159117,0.1154085,3.012581,0.1929244,0.01695824,2.48,171
"20210710080900",378.4946,77.51836,279.8129,385.011,12.64119,702.5908,46.12646,8.501816,59.38022,101.4148,6.089979,0.992235,-1.162537,0.1010156,3.012954,0.1930704,0.01943874,2.3,188
"20210710080920",378.8362,77.53955,279.6044,385.0566,12.65792,703.265,46.15938,8.526226,60.1761,101.4189,6.095474,0.9925062,-1.166045,0.1003743,3.015845,0.1932082,0.01114869,2.88,166
"20210710080940",379.1898,77.42408,279.539,385.0474,12.66639,703.3846,46.15546,8.609684,58.81434,101.418,6.101163,0.9910282,-1.167346,0.09956872,3.016358,0.1931918,0.0146389,2.01,174
"20210710081000",379.6954,77.56224,279.5334,384.6651,12.67707,705.4816,46.21968,8.627369,58.45709,101.4164,6.109298,0.9927967,-1.168081,0.09301178,3.025351,0.1934606,0.01451802,2.61,165
"20210710081020",380.0787,77.55766,279.5018,384.5754,12.67889,705.9197,46.19219,8.637669,57.17852,101.4166,6.115466,0.9927382,-1.168569,0.09152686,3.02723,0.1933456,0.01343203,1.99,174
"20210710081040",380.1593,77.50552,279.5312,384.8671,12.67707,705.6492,46.17943,8.571575,56.95947,101.4181,6.116763,0.9920707,-1.168106,0.09602878,3.02607,0.1932922,0.0169313,1.69,167
"20210710081100",380.6649,77.77418,279.8449,385.7635,12.68111,706.5086,46.21795,8.564068,56.96952,101.4196,6.124898,0.9955095,-1.164655,0.1091005,3.029755,0.1934534,0.0190134,1.71,198
"20210710081120",381.218,77.86679,279.4498,385.4751,12.68836,708.567,46.30973,8.567947,58.83298,101.4226,6.133797,0.996695,-1.169774,0.1042186,3.038582,0.1938376,0.01492453,2.13,184
"20210710081140",381.3676,77.9195,279.6288,385.5188,12.69139,708.5042,46.30188,8.52821,58.24493,101.4239,6.136206,0.9973697,-1.16785,0.104633,3.038313,0.1938047,0.02027392,2.27,179
"20210710081200",381.6774,78.02263,279.7924,386.0246,12.7055,708.4926,46.24928,8.517746,60.25984,101.4236,6.14119,0.9986897,-1.166802,0.1110718,3.038264,0.1935845,0.01222205,1.53,178
"20210710081220",382.364,78.2023,280.062,386.5839,12.71941,709.7621,46.3315,8.544598,60.3172,101.4251,6.152237,1.000989,-1.164488,0.1183261,3.043707,0.1939287,0.02016187,2.07,191
"20210710081240",382.843,78.36328,279.7291,386.5068,12.74158,710.968,46.36378,8.654076,61.51185,101.4253,6.159944,1.00305,-1.169806,0.1154194,3.048879,0.1940638,0.01535106,2.18,169
"20210710081300",383.212,78.39637,279.7436,386.0336,12.74682,712.333,46.3543,8.681835,57.16607,101.4256,6.165881,1.003474,-1.169963,0.1079351,3.054732,0.1940241,0.01516151,2.13,177
"20210710081320",383.6711,78.44674,279.8708,385.6277,12.75892,712.8936,46.44408,8.672115,57.65287,101.4262,6.173268,1.004118,-1.169218,0.1009133,3.057136,0.1943999,0.01827478,2.17,155
"20210710081340",384.2234,78.52475,279.8972,386.3357,12.77363,713.1076,46.38424,8.663353,59.3415,101.4264,6.182154,1.005117,-1.169827,0.1103261,3.058054,0.1941494,0.004114628,1.51,154
"20210710081400",384.5154,78.63485,279.7756,386.8136,12.79016,714.2944,46.43937,8.721363,59.35794,101.4239,6.186852,1.006526,-1.172298,0.1161552,3.063143,0.1943802,0.01590681,1.74,176
"20210710081420",385.0308,78.69254,279.6864,386.8634,12.79742,716.1754,46.50337,8.720699,57.66681,101.4241,6.195146,1.007265,-1.173806,0.1163234,3.07121,0.1946481,0.01895905,1.32,179
"20210710081440",385.0954,78.73174,279.7568,387.0434,12.80609,715.7897,46.48366,8.699951,57.45088,101.4236,6.196185,1.007766,-1.173518,0.1183273,3.069556,0.1945655,0.01402164,1.57,176
"20210710081500",385.5036,78.84654,279.9793,387.5495,12.81758,716.9993,46.51852,8.655399,57.31207,101.4239,6.202752,1.009236,-1.171609,0.1249786,3.074743,0.1947115,0.02042055,1.89,160
"20210710081520",386.207,78.85203,279.949,387.4017,12.82262,717.8944,46.50712,8.693272,58.29844,101.4232,6.21407,1.009306,-1.172284,0.1223697,3.078581,0.1946637,0.02016211,1.88,149
"20210710081540",386.7628,78.79456,279.9895,386.5953,12.82363,718.8384,46.60741,8.689487,56.50737,101.428,6.223014,1.00857,-1.171869,0.110242,3.08263,0.1950835,0.01714063,1.97,176
"20210710081600",386.9294,78.81412,280.0807,386.9252,12.82907,719.0718,46.61005,8.689045,56.59622,101.4282,6.225694,1.008821,-1.171132,0.1147407,3.083631,0.1950946,0.01917553,1.79,170
"20210710081620",387.2084,78.76025,280.1083,386.8558,12.83008,720.559,46.65954,8.693794,56.72866,101.4231,6.230184,1.008131,-1.170868,0.1136236,3.090008,0.1953018,0.0171113,1.61,190
"20210710081640",387.6429,78.81722,280.2838,387.5646,12.84318,721.5678,46.6997,8.709442,58.80498,101.4233,6.237174,1.00886,-1.169617,0.1231742,3.094334,0.1954698,0.01903582,1.54,186
"20210710081700",388.0083,78.94488,280.4516,387.3335,12.84741,721.3428,46.64734,8.682079,57.46854,101.4234,6.243054,1.010495,-1.167901,0.1193861,3.093369,0.1952507,0.02023864,2.33,162
"20210710081720",388.3861,78.98943,280.6261,388.1591,12.86858,721.485,46.65847,8.681522,59.75555,101.4237,6.249132,1.011065,-1.167167,0.130042,3.093979,0.1952972,0.02125788,1.86,153
"20210710081740",388.8731,79.15396,280.1904,387.4503,12.88693,722.2013,46.69509,8.758309,58.54589,101.426,6.256968,1.013171,-1.173462,0.1179984,3.097051,0.1954505,0.01870227,2.17,134
"20210710081800",389.1742,79.15103,279.786,386.744,12.88713,723.8003,46.78004,8.776081,57.14281,101.4281,6.261814,1.013133,-1.178249,0.1074308,3.103908,0.1958061,0.01451683,1.83,132
"20210710081820",389.307,79.20679,280.0476,387.1091,12.89176,724.4998,46.83205,8.806911,57.83282,101.4247,6.26395,1.013847,-1.175451,0.112518,3.106908,0.1960238,0.01938605,1.15,135
"20210710081840",389.6004,79.3633,280.2519,388.1496,12.90245,724.5473,46.82112,8.824886,57.58863,101.4246,6.26867,1.01585,-1.173708,0.127217,3.107111,0.1959781,0.01011872,1.63,146
"20210710081900",390.1993,79.51964,280.0525,388.2392,12.90628,725.1674,46.82204,8.8181,58.35531,101.4248,6.278307,1.017851,-1.176304,0.1282492,3.10977,0.1959819,0.01727748,2.01,156
"20210710081920",390.6644,79.56108,280.0399,387.7304,12.91051,726.7749,46.92491,8.80883,56.45059,101.4242,6.28579,1.018382,-1.176719,0.1203112,3.116664,0.1964125,0.00819683,1.55,149
"20210710081940",390.7508,79.61269,280.1513,387.6404,12.91051,727.318,46.88894,8.824089,55.24342,101.424,6.28718,1.019042,-1.175404,0.1189681,3.118993,0.1962619,0.01418829,1.5,146
"20210710082000",391.0138,79.64591,280.3965,387.7907,12.90729,728.7854,46.88959,8.778252,56.00805,101.4279,6.291411,1.019468,-1.172304,0.1214697,3.125286,0.1962646,0.01247001,1.35,101
"20210710082020",391.6834,79.81085,280.5253,388.2981,12.91938,728.6132,46.9399,8.792553,58.31566,101.4271,6.302186,1.021579,-1.171542,0.1280913,3.124547,0.1964752,0.01846814,1.48,160
"20210710082040",392.0074,79.92651,280.8017,389.0744,12.92986,730.4283,46.92832,8.836887,57.61845,101.4254,6.307399,1.023059,-1.168935,0.1388559,3.132331,0.1964268,0.01918125,1.58,178
"20210710082100",393.2389,80.23634,280.6385,389.072,12.94861,730.9654,47.05355,8.913124,58.03862,101.4258,6.327214,1.027025,-1.172038,0.1373352,3.134634,0.1969509,0.01764464,1.77,164
"20210710082120",393.7242,80.28796,280.9525,388.83,12.95788,731.9702,47.04037,8.902538,56.99314,101.426,6.335022,1.027686,-1.168912,0.1329813,3.138943,0.1968958,0.02279782,1.88,139
"20210710082140",393.7913,80.24038,280.387,388.9116,12.97461,731.8778,47.0459,8.946716,57.17962,101.4265,6.336102,1.027077,-1.176639,0.1328752,3.138547,0.1969189,0.01639867,2.26,146
"20210710082200",394.1236,80.12953,280.3246,388.2878,12.98107,732.2766,47.06838,8.918152,55.30049,101.4304,6.341448,1.025658,-1.177782,0.1230416,3.140257,0.197013,0.01456189,1.91,160
"20210710082220",394.5206,80.17074,280.6084,388.5306,12.9857,734.1825,47.09602,8.891842,54.69806,101.4296,6.347836,1.026185,-1.17472,0.1263031,3.14843,0.1971287,0.01880598,1.6,161
"20210710082240",394.6999,80.31186,280.9396,389.426,12.99901,733.0922,47.11411,8.868183,56.916,101.4249,6.350722,1.027992,-1.171643,0.1386243,3.143755,0.1972044,0.01490331,1,129
"20210710082300",395.7402,80.49871,280.8932,389.5704,13.02279,735.751,47.15415,8.968697,57.13442,101.4246,6.36746,1.030384,-1.173685,0.1388911,3.155157,0.197372,0.01523256,1.35,124
"20210710082320",396.4278,80.72457,280.9453,390.0785,13.06069,735.6474,47.2521,8.957939,56.71075,101.4242,6.378524,1.033275,-1.17545,0.1434715,3.154712,0.197782,0.01733875,1.57,123
"20210710082340",396.9217,80.81234,280.6024,389.4635,13.07883,737.7751,47.26478,8.98782,56.13597,101.4245,6.386471,1.034398,-1.180638,0.1328429,3.163837,0.1978351,0.01815081,1.58,138
"20210710082400",396.9963,80.79198,281.027,389.8122,13.09879,738.9302,47.25693,8.979179,57.43466,101.4245,6.38767,1.034138,-1.176876,0.1364674,3.16879,0.1978022,0.01617718,1.56,136
"20210710082420",397.365,80.69354,281.3161,389.6309,13.1256,738.3954,47.3074,9.03873,56.37301,101.4283,6.393602,1.032877,-1.175148,0.1316263,3.166497,0.1980135,0.01780343,2.05,152
"20210710082440",397.4231,80.5621,280.8117,388.979,13.14173,738.5384,47.26744,9.026134,56.08517,101.4239,6.394538,1.031195,-1.182118,0.1206055,3.16711,0.1978462,0.008741618,2.41,142
"20210710082500",397.7924,80.44369,280.9319,389.3155,13.15906,738.9355,47.39228,9.046371,57.14048,101.4246,6.400479,1.029679,-1.181787,0.124255,3.168813,0.1983688,0.01673508,1.25,147
"20210710082520",398.3974,80.50568,280.6953,389.2945,13.1766,739.9844,47.41918,9.063286,57.72779,101.4239,6.410215,1.030473,-1.185685,0.1225451,3.173311,0.1984814,0.01357007,2.57,138
"20210710082540",398.7738,80.1321,280.5828,388.2227,13.16854,741.9837,47.44936,9.065826,55.0437,101.4254,6.41627,1.025691,-1.186507,0.1071738,3.181885,0.1986077,0.01761866,2.12,143
"20210710082600",398.7205,79.98255,280.6755,388.3414,13.1637,743.3814,47.44078,9.018265,54.46874,101.4254,6.415413,1.023777,-1.185108,0.1093333,3.187879,0.1985718,0.01387739,1.81,141
"20210710082620",398.9516,80.17505,280.9932,388.9302,13.15644,743.7347,47.44743,8.973274,54.29411,101.4294,6.419131,1.026241,-1.180899,0.1187067,3.189394,0.1985996,0.01520133,1.56,155
"20210710082640",399.1755,80.3934,280.9681,389.4667,13.1502,743.7174,47.4887,8.914276,54.62239,101.431,6.422733,1.029036,-1.180803,0.1272181,3.189319,0.1987723,0.0125556,1.31,162
"20210710082700",399.8519,80.7291,281.217,390.2134,13.14253,744.7552,47.46362,8.931026,55.68,101.4265,6.433617,1.033333,-1.177383,0.1389823,3.19377,0.1986674,0.01142502,0.88,171
"20210710082720",399.8125,80.96458,281.1552,390.9184,13.1514,744.2704,47.45999,8.911034,57.50868,101.4276,6.432983,1.036347,-1.178668,0.1488124,3.191691,0.1986522,0.02172351,0.98,186
"20210710082740",400.4527,81.22598,281.3698,391.0136,13.15544,746.1982,47.53256,8.963566,56.74607,101.4281,6.443284,1.039693,-1.176388,0.149914,3.199958,0.1989559,0.02238154,0.64,153
"20210710082800",400.8274,81.45047,281.1671,391.145,13.16088,746.8205,47.58788,9.007278,58.15312,101.4275,6.449313,1.042566,-1.179125,0.1514413,3.202626,0.1991875,0.01395249,2.15,149
"20210710082820",401.0588,81.26972,281.0137,390.0136,13.16007,747.2393,47.55474,9.057778,56.90253,101.4311,6.453037,1.040252,-1.180885,0.1346047,3.204423,0.1990488,0.01564026,1.61,166
"20210710082840",401.5306,81.56003,281.1133,390.1719,13.16592,747.8804,47.61152,9.019764,55.8706,101.4334,6.460628,1.043968,-1.180077,0.1365029,3.207172,0.1992864,0.01488352,1.14,164
"20210710082900",402.1435,81.72996,281.4391,390.8296,13.16773,749.1931,47.67417,9.035835,56.29549,101.4298,6.470488,1.046143,-1.176343,0.1461859,3.212801,0.1995486,0.0188396,1.19,180
"20210710082920",402.7358,81.80288,281.1005,391.0672,13.19051,748.7906,47.70069,9.112194,60.49158,101.4299,6.480019,1.047077,-1.181774,0.1479226,3.211075,0.1996597,0.02746725,1.76,162
"20210710082940",403.4072,81.62738,281.0141,390.6265,13.2012,751.2864,47.781,9.187466,60.14823,101.4312,6.490822,1.04483,-1.183467,0.140489,3.221778,0.1999958,0.01780486,1.56,150
"20210710083000",404.2761,81.70218,280.812,390.1995,13.22014,751.7587,47.77124,9.234921,56.83041,101.4315,6.504803,1.045788,-1.187045,0.1326021,3.223804,0.199955,0.01138067,1.42,145
"20210710083020",404.4361,81.6678,281.1582,390.506,13.23426,751.5503,47.84944,9.251118,55.72812,101.4352,6.507378,1.045348,-1.183844,0.1360589,3.222909,0.2002823,0.02042103,2.07,189
"20210710083040",405.0692,81.65571,281.1572,390.8096,13.25401,754.5471,47.79005,9.300007,58.14013,101.4327,6.517564,1.045193,-1.185098,0.1390227,3.235761,0.2000337,0.02110481,2,180
"20210710083100",405.1478,81.52363,280.7577,388.9451,13.25865,754.3583,47.90291,9.294983,54.24136,101.4332,6.518828,1.043503,-1.190109,0.1107977,3.234951,0.2005061,0.01300383,2.53,166
"20210710083120",405.4256,81.21048,281.0162,389.059,13.25462,755.7812,47.90537,9.223046,53.78562,101.433,6.523297,1.039494,-1.186803,0.1128199,3.241053,0.2005164,0.01654553,1.43,175
"20210710083140",405.565,81.20549,280.8479,389.4003,13.2532,755.0619,47.92178,9.128071,53.82584,101.4345,6.52554,1.03943,-1.188701,0.1180305,3.237969,0.2005851,0.01516008,1.59,183
"20210710083200",405.7561,81.10969,281.0091,389.3551,13.24192,755.633,47.94156,9.099808,54.37673,101.4358,6.528616,1.038204,-1.186087,0.1182545,3.240418,0.2006679,0.01433682,2.95,158
"20210710083220",406.2404,80.94083,280.9786,388.9122,13.23083,757.5254,47.9702,9.001655,54.82561,101.4403,6.536408,1.036043,-1.18575,0.1125195,3.248533,0.2007877,0.01399112,3.01,171
"20210710083240",406.6656,80.75091,281.0016,388.0831,13.2145,759.0372,47.98653,8.988247,54.84836,101.4414,6.54325,1.033612,-1.184452,0.1014321,3.255016,0.2008561,0.01408291,2.4,171
"20210710083300",406.9778,80.88017,281.0599,388.6995,13.20039,757.8232,48.01255,8.942444,54.56799,101.4373,6.548273,1.035266,-1.182875,0.1117652,3.24981,0.200965,0.01947689,1.67,190
"20210710083320",407.3656,81.14095,281.1915,388.9424,13.18467,759.9326,48.03361,8.93729,54.28014,101.4372,6.554512,1.038604,-1.180332,0.1166449,3.258856,0.2010532,0.014431,1.22,205
"20210710083340",407.7195,81.41098,281.3333,389.4752,13.17479,760.0359,48.0967,8.843654,54.88984,101.437,6.560207,1.042061,-1.178036,0.1253909,3.259299,0.2013172,0.02015114,1.36,190
"20210710083400",408.2642,81.72428,281.4289,389.6112,13.16431,762.5409,48.16795,8.83303,55.07731,101.4381,6.568972,1.046071,-1.176248,0.1282543,3.270041,0.2016155,0.01819158,2.28,168
"20210710083420",408.2666,81.67251,281.2603,389.5928,13.16088,762.3466,48.15236,8.806637,56.98486,101.4401,6.569009,1.045408,-1.178025,0.128252,3.269208,0.2015502,0.0224359,2.25,161
"20210710083440",409.2424,81.76754,281.2822,389.2534,13.16209,763.8322,48.16374,8.868618,55.41937,101.4417,6.58471,1.046624,-1.17784,0.123087,3.275579,0.2015979,0.02099657,1.91,162
"20210710083500",409.5051,81.72502,281.4005,389.6212,13.1635,762.6726,48.17776,8.887211,57.02782,101.4366,6.588937,1.04608,-1.176534,0.1284675,3.270606,0.2016565,0.01985359,1.6,165
"20210710083520",410.445,81.92326,281.5655,389.8402,13.17318,764.4582,48.22793,9.028202,58.01184,101.4375,6.604061,1.048618,-1.175193,0.1309702,3.278263,0.2018665,0.01889157,1.59,166
"20210710083540",410.9407,82.01208,281.318,389.575,13.1887,765.2686,48.30769,9.082741,58.89748,101.4371,6.612037,1.049755,-1.179091,0.1257752,3.281739,0.2022004,0.01445389,3.62,166
"20210710083600",411.0704,81.69602,281.1154,388.3537,13.18446,766.0179,48.31895,9.113285,55.90373,101.4376,6.614123,1.045709,-1.181219,0.1078632,3.284952,0.2022475,0.01729465,2.55,184
"20210710083620",411.9499,81.44689,281.0802,388.7768,13.19031,768.7846,48.32855,9.107762,56.85177,101.4376,6.628274,1.04252,-1.182002,0.1137207,3.296816,0.2022877,0.006150007,2.67,189
"20210710083640",411.8016,81.20556,281.324,388.962,13.18729,766.1807,48.36982,9.071434,55.67908,101.4408,6.625887,1.039431,-1.178932,0.1167289,3.28565,0.2024604,0.01046491,2.58,194
"20210710083700",412.2084,81.09154,281.4131,389.1841,13.17721,770.6782,48.38226,8.96476,55.22462,101.4401,6.632432,1.037972,-1.177246,0.1208476,3.304937,0.2025125,0.01729226,2.14,175
"20210710083720",413.1832,81.39782,281.3349,389.5774,13.18124,770.178,48.44201,8.964909,57.64494,101.4371,6.648118,1.041892,-1.178423,0.1264035,3.302792,0.2027626,0.02440476,2.27,161
"20210710083740",413.5403,81.56364,281.1333,389.0659,13.1762,769.433,48.47108,8.986183,56.37659,101.4384,6.653864,1.044015,-1.180487,0.119161,3.299597,0.2028843,0.01308036,1.71,165
"20210710083800",414.1853,81.75485,281.3161,389.6266,13.17378,771.8058,48.51242,8.99075,55.94747,101.438,6.664241,1.046462,-1.178176,0.1277327,3.309772,0.2030573,0.02117991,2.84,163
"20210710083820",414.2261,81.64148,281.4105,389.1293,13.16471,773.122,48.56808,8.95998,55.42378,101.4386,6.664898,1.045011,-1.17649,0.1210241,3.315417,0.2032903,0.01630831,2.26,169
"20210710083840",414.5809,81.68074,281.5459,389.7016,13.17035,772.6828,48.55325,8.968548,57.04158,101.4415,6.670608,1.045514,-1.175246,0.129125,3.313533,0.2032282,0.02336407,2.57,173
"20210710083900",414.8357,81.71043,281.266,389.2356,13.17076,774.7231,48.53259,8.999482,55.66985,101.4443,6.674707,1.045894,-1.178576,0.1221316,3.322283,0.2031417,0.01603842,2.51,181
"20210710083920",415.2641,81.70304,281.1078,389.066,13.1633,773.8594,48.56308,8.948566,55.57067,101.4399,6.6816,1.045799,-1.179977,0.1201903,3.318579,0.2032693,0.01435375,2.67,180
"20210710083940",416.2262,81.89561,281.3611,389.6098,13.15906,776.1582,48.64474,8.916481,55.05017,101.4403,6.69708,1.048264,-1.176719,0.128651,3.328437,0.2036112,0.01762176,1.68,162
"20210710084000",415.9713,82.15754,281.7067,390.4685,13.16612,775.8221,48.62512,8.88018,57.7526,101.4404,6.692978,1.051617,-1.17308,0.1409206,3.326995,0.203529,0.01075673,1.82,168
"20210710084020",416.6792,82.36718,282.0542,391.0019,13.17741,775.9898,48.6822,8.890987,59.1248,101.4417,6.704368,1.0543,-1.169687,0.1479913,3.327715,0.2037679,0.02287626,1.86,162
"20210710084040",417.4207,82.59824,281.1823,389.967,13.19253,778.1281,48.70638,9.02613,57.14728,101.4425,6.716299,1.057258,-1.180935,0.1313244,3.336884,0.2038692,0.01687288,3.13,183
"20210710084100",417.4338,82.60026,281.2378,389.2818,13.19636,778.0457,48.75207,9.032135,55.48934,101.4466,6.71651,1.057283,-1.18052,0.1207845,3.336531,0.2040604,0.01886439,2.11,186
"20210710084120",417.8768,82.51162,281.1713,389.9576,13.20644,778.7717,48.78033,9.010658,57.38096,101.4423,6.723637,1.056149,-1.181941,0.1300784,3.339644,0.2041787,0.01494575,2.81,172
"20210710084140",418.0764,82.40874,281.459,389.298,13.202,780.6276,48.84921,8.997994,55.27546,101.4426,6.726849,1.054832,-1.178263,0.120577,3.347603,0.204467,0.01198316,2.41,162
"20210710084200",418.6447,82.31954,281.2265,389.4347,13.2016,781.2934,48.84438,8.994961,56.51467,101.4431,6.735994,1.05369,-1.180984,0.1226509,3.350458,0.2044468,0.01606917,3.05,161
"20210710084220",419.0044,82.27532,281.0651,388.6971,13.19777,781.3886,48.88607,8.977177,55.4178,101.4436,6.741781,1.053124,-1.18265,0.1119358,3.350867,0.2046213,0.01619077,2.63,152
"20210710084240",419.3572,82.17428,281.0336,388.7854,13.18285,782.4306,48.96686,8.941082,54.88765,101.4436,6.747457,1.051831,-1.182083,0.1144412,3.355335,0.2049595,0.01542091,2.45,152
"20210710084300",419.609,82.2755,281.4272,389.4444,13.17479,782.5486,48.94473,8.866802,54.97005,101.4479,6.751509,1.053126,-1.176926,0.1249314,3.355841,0.2048668,0.01694489,1.76,149
"20210710084320",420.0538,82.47633,281.5892,390.1108,13.17701,785.0346,48.92783,8.843147,57.0042,101.4475,6.758665,1.055697,-1.175153,0.1347088,3.366502,0.2047961,0.01913881,2.8,149
"20210710084340",420.5756,82.5709,281.577,390.41,13.19313,785.4354,49.01848,8.912006,58.23094,101.4448,6.767062,1.056908,-1.176312,0.1378957,3.36822,0.2051755,0.02070022,2.36,188
"20210710084400",421.2504,82.6542,281.4918,389.8504,13.19354,786.8558,48.99645,8.956589,56.16925,101.4443,6.77792,1.057974,-1.177344,0.1295023,3.374312,0.2050833,0.01633143,2.4,179
"20210710084420",421.1781,82.60371,281.9476,390.1918,13.19535,785.7234,48.96954,8.951851,56.8698,101.4437,6.776756,1.057328,-1.172074,0.1344593,3.369455,0.2049706,0.02144527,3.03,157
"20210710084440",421.4155,82.5689,281.0509,388.9415,13.18809,786.738,49.08735,8.955593,55.88036,101.444,6.780576,1.056882,-1.182207,0.116358,3.373807,0.2054638,0.01633811,2.9,148
"20210710084500",421.7268,82.54038,281.1183,388.6607,13.17842,788.4923,49.13394,8.92374,55.43021,101.4463,6.785585,1.056517,-1.180803,0.1129336,3.38133,0.2056588,0.01350689,2.16,145
"20210710084520",422.4592,82.67057,281.729,389.8773,13.18184,789.3795,49.13867,8.876625,57.12186,101.449,6.797369,1.058183,-1.173807,0.1308351,3.385134,0.2056786,0.02195811,2.42,164
"20210710084540",422.8584,82.73754,281.2303,389.9658,13.1885,790.2228,49.18124,8.926125,58.23086,101.4488,6.803791,1.05904,-1.180115,0.131628,3.388751,0.2058568,0.01958799,1.99,146
"20210710084600",423.1308,82.8961,281.4581,390.6544,13.19374,790.6361,49.14814,8.980801,58.80444,101.4492,6.808174,1.06107,-1.177752,0.1414998,3.390523,0.2057182,0.01718235,1.66,170
"20210710084620",423.7453,83.03909,281.1139,389.92,13.1889,791.2014,49.21851,9.023655,55.65957,101.45,6.818062,1.0629,-1.181515,0.130912,3.392948,0.2060128,0.0128243,3.2,175
"20210710084640",423.9204,83.00274,281.1086,389.2569,13.18063,791.279,49.3046,8.97631,55.01272,101.4503,6.820878,1.062435,-1.181057,0.121663,3.39328,0.2063731,0.01314783,2.18,172
"20210710084700",424.2502,82.94187,281.4591,389.9777,13.17459,792.1092,49.29119,8.866417,55.64064,101.4502,6.826186,1.061656,-1.176538,0.1329128,3.39684,0.206317,0.02202821,2.34,183
"20210710084720",424.6025,82.93592,281.3233,389.4796,13.16935,793.4358,49.36098,8.88063,56.48854,101.4505,6.831855,1.06158,-1.177812,0.1258878,3.402529,0.2066091,0.01380205,2.31,168
"20210710084740",424.9102,82.86417,281.3146,389.3321,13.16431,794.3859,49.39079,8.855827,55.38105,101.4493,6.836805,1.060661,-1.177598,0.1240857,3.406604,0.2067339,0.01905203,2.83,161
"20210710084800",425.2314,82.70039,281.1884,389.0486,13.15463,795.0193,49.41774,8.823868,55.39349,101.4482,6.841973,1.058565,-1.178481,0.1206198,3.40932,0.2068467,0.01317382,2.75,154
"20210710084820",425.657,82.83355,281.1524,389.1508,13.13729,796.4712,49.42916,8.801304,55.61235,101.4481,6.848821,1.060269,-1.177815,0.1235249,3.415546,0.2068945,0.01332855,2.43,154
"20210710084840",426.0735,82.92875,281.3173,389.6877,13.12681,796.9605,49.45246,8.769764,56.21944,101.4475,6.855523,1.061488,-1.175209,0.1323804,3.417644,0.206992,0.01862359,1.94,155
"20210710084900",426.8722,83.29994,281.4969,389.8224,13.11935,797.7126,49.46696,8.803787,55.55011,101.4476,6.868374,1.066239,-1.172619,0.1349848,3.42087,0.2070527,0.02347112,1.49,173
"20210710084920",426.9858,83.65201,282.022,390.9595,13.125,800.1873,49.53182,8.773472,57.28451,101.4512,6.870201,1.070746,-1.166773,0.1515241,3.431482,0.2073241,0.02672577,2.43,144
"20210710084940",427.8271,83.67157,281.2598,389.7829,13.12439,799.6856,49.6141,8.86737,57.83235,101.4516,6.883738,1.070996,-1.175736,0.1339937,3.42933,0.2076686,0.01490879,2.99,149
"20210710085000",428.0834,83.46981,281.1656,389.3848,13.11411,799.6904,49.58936,8.949047,56.64172,101.4477,6.887862,1.068414,-1.176202,0.1288634,3.429351,0.207565,0.01130176,2.72,142
"20210710085020",428.6431,83.58118,281.845,390.3521,13.11552,801.3582,49.65099,8.969791,56.27313,101.4463,6.896867,1.069839,-1.168267,0.1432034,3.436503,0.207823,0.009127378,2.49,140
"20210710085040",429.3093,83.85736,281.4097,390.5106,13.13911,801.2397,49.63751,9.021958,58.87696,101.448,6.907587,1.073374,-1.174891,0.1436965,3.435995,0.2077666,0.01791763,2.85,156
"20210710085100",429.7397,83.75129,281.2138,389.6623,13.14314,802.1506,49.71012,9.080788,57.1278,101.4484,6.914512,1.072017,-1.177457,0.1307029,3.439901,0.2080705,0.01141739,2.53,150
"20210710085120",429.9783,83.78782,281.4409,389.6772,13.13649,803.9983,49.77888,9.077957,54.76844,101.4485,6.918352,1.072484,-1.174356,0.1314537,3.447825,0.2083583,0.01651907,2.19,148
"20210710085140",430.1706,83.72942,281.5265,390.0076,13.14072,803.0822,49.65726,9.038303,55.47221,101.4526,6.921446,1.071737,-1.173613,0.1360535,3.443897,0.2078492,0.01577306,2.29,173
"20210710085200",430.3875,83.74909,281.5486,390.0987,13.13528,803.8883,49.81076,8.988709,55.19552,101.4487,6.924934,1.071988,-1.17301,0.1378457,3.447353,0.2084917,0.007981777,2.43,163
"20210710085220",431.0453,83.83745,281.489,389.7312,13.12863,805.4306,49.85924,8.996006,55.18247,101.4488,6.935519,1.073119,-1.173296,0.1328844,3.453967,0.2086947,0.01301336,1.9,165
"20210710085240",431.2626,84.02993,281.9532,390.7845,13.13024,806.1782,49.85388,8.934887,55.48746,101.4488,6.939015,1.075583,-1.167916,0.1484928,3.457173,0.2086722,0.01851225,1.62,180
"20210710085300",431.9408,84.30934,281.5816,391.1323,13.13991,806.0426,49.86567,8.983929,59.10411,101.4487,6.949928,1.07916,-1.172912,0.1529187,3.456591,0.2087216,0.01817751,3.51,176
"20210710085320",432.4641,84.38264,281.3828,390.0798,13.14516,806.8835,49.85232,9.037544,56.64166,101.4496,6.958348,1.080098,-1.175588,0.1367799,3.460198,0.2086657,0.01781154,3.05,181
"20210710085340",432.6499,84.30579,281.595,390.3638,13.14374,807.6398,49.97884,9.001934,56.25084,101.4538,6.961338,1.079114,-1.172994,0.1411344,3.463441,0.2091952,0.01094008,2.24,184
"20210710085400",432.8591,84.28978,281.6722,390.1937,13.14636,808.9214,49.99053,8.984192,55.90723,101.452,6.964702,1.078909,-1.172247,0.1383845,3.468937,0.2092442,0.01004505,2.67,177
"20210710085420",433.2972,84.33926,281.5644,389.8644,13.14717,809.5944,50.00597,8.969029,56.24653,101.4489,6.97175,1.079543,-1.173571,0.1333994,3.471823,0.2093088,0.009132386,2.45,177
"20210710085440",433.6653,84.38686,281.9743,390.1227,13.15221,811.553,49.98898,8.945347,57.4811,101.4496,6.977675,1.080152,-1.169047,0.1368575,3.480222,0.2092377,0.0194571,2.34,203
"20210710085500",434.2864,84.44568,281.8007,390.5404,13.16108,810.7397,50.04109,8.979686,58.36056,101.4495,6.987668,1.080905,-1.171654,0.1423945,3.476734,0.2094558,0.0131247,2.98,184
"20210710085520",434.4912,84.45596,281.8497,390.336,13.17297,812.538,50.07866,8.985974,58.23018,101.4508,6.990963,1.081036,-1.171823,0.138395,3.484446,0.2096131,0.01613069,3.01,166
"20210710085540",435.3026,84.43341,281.5092,389.9667,13.1768,812.4458,50.09506,9.015522,57.17456,101.4527,7.004018,1.080748,-1.176085,0.1325738,3.484051,0.2096817,0.01592875,2.28,158
"20210710085600",435.2405,84.36811,281.9691,390.5915,13.17781,813.5766,50.11601,9.004627,55.56817,101.4549,7.003019,1.079912,-1.170718,0.1418251,3.4889,0.2097694,0.004823446,1.76,157
"20210710085620",435.9682,84.59833,282.1787,391.3866,13.18426,815.5714,50.16285,8.999138,56.89312,101.451,7.014728,1.082859,-1.168648,0.1531931,3.497455,0.2099655,0.02112246,2.75,175
"20210710085640",436.2095,84.62388,282.1288,390.9358,13.19535,815.1294,50.21456,9.054226,57.18202,101.4517,7.018611,1.083186,-1.169934,0.1455763,3.495559,0.2101819,0.0146482,3.37,169
"20210710085700",436.8332,84.59927,282.1729,391.2333,13.21007,816.4236,50.2274,9.114799,58.75003,101.4514,7.028646,1.082871,-1.170339,0.1488502,3.501109,0.2102356,0.02338362,2.45,158
"20210710085720",436.9759,84.59224,281.9148,390.1775,13.22176,816.62,50.2674,9.198601,56.84848,101.4517,7.030943,1.082781,-1.174123,0.1321443,3.501951,0.2104031,0.01569557,3.85,162
"20210710085740",437.66,84.6029,281.8898,389.6806,13.22962,817.4416,50.33582,9.18866,56.18328,101.4528,7.04195,1.082917,-1.174912,0.124096,3.505474,0.2106895,0.005596399,3.27,158
"20210710085800",437.4361,84.46275,281.7514,389.5231,13.22861,817.83,50.31429,9.173767,55.62702,101.4581,7.038346,1.081123,-1.176483,0.1218238,3.50714,0.2105993,0.01484823,2.33,161
"20210710085820",438.1656,84.54561,281.6108,389.8346,13.23567,819.4131,50.42136,9.144562,56.76428,101.4563,7.050085,1.082184,-1.178587,0.1259153,3.513929,0.2110475,0.01708102,2.7,148
"20210710085840",438.1308,84.53622,281.777,390.2512,13.23002,819.2782,50.32003,9.096996,55.48826,101.4549,7.049525,1.082064,-1.176269,0.1325897,3.51335,0.2106234,0.01842213,2.26,142
"20210710085900",438.5928,84.63518,282.0529,390.7796,13.23567,820.2133,50.42769,9.06184,56.5617,101.456,7.056958,1.08333,-1.173367,0.1400344,3.51736,0.211074,0.0176456,1.76,162
"20210710085920",439.2858,84.83436,282.2847,391.4763,13.24051,820.9559,50.42066,9.068173,57.33057,101.4551,7.06811,1.08588,-1.170934,0.1500568,3.520545,0.2110446,0.01556921,1.94,151
"20210710085940",439.7045,84.92837,281.9995,391.4161,13.24091,821.2204,50.48286,9.078373,57.39942,101.4541,7.074845,1.087083,-1.174326,0.1491271,3.52168,0.2113049,0.01245022,2.76,129
"20210710090000",439.8319,84.68606,282.2402,390.9751,13.24091,822.9594,50.49738,9.126221,58.31206,101.4596,7.076895,1.083982,-1.171483,0.1425371,3.529136,0.2113657,0.01313973,3.4,166
"20210710090020",440.2166,84.7252,281.8112,390.0349,13.24817,823.505,50.61577,9.228424,57.70393,101.4601,7.083086,1.084483,-1.177008,0.1279126,3.531476,0.2118612,0.01142502,3.67,164
"20210710090040",440.4098,84.59958,281.7711,389.337,13.24393,824.2653,50.55877,9.212426,55.99939,101.4608,7.086193,1.082875,-1.177215,0.1178233,3.534737,0.2116227,0.02068472,3.97,164
"20210710090100",440.433,84.36487,281.8016,389.4194,13.23446,825.0716,50.55998,9.138428,56.12047,101.4572,7.086566,1.07987,-1.176259,0.1198066,3.538194,0.2116277,0.02017283,2.6,172
"20210710090120",441.1261,84.49608,281.8903,390.0112,13.23889,826.0147,50.63463,9.148071,57.20785,101.4579,7.097719,1.08155,-1.17549,0.1282967,3.542239,0.2119402,0.008924007,3.61,163
"20210710090140",441.6962,84.55674,281.9009,389.5477,13.22398,826.3614,50.67824,9.105762,55.38856,101.4579,7.106893,1.082326,-1.174426,0.1225597,3.543726,0.2121227,0.01632929,2.41,168
"20210710090200",442.0067,84.6775,281.9206,390.2172,13.22801,827.0219,50.6816,9.075898,56.5985,101.4578,7.111888,1.083872,-1.174447,0.1322419,3.546558,0.2121368,0.01246691,3.14,179
"20210710090220",442.4961,84.79126,281.8792,389.7082,13.22115,829.097,50.67693,9.066681,55.17618,101.4587,7.119763,1.085328,-1.174505,0.1251819,3.555457,0.2121172,0.0176127,3.21,181
"20210710090240",442.6759,84.88229,281.9846,389.4238,13.21128,829.8643,50.74067,8.941818,54.51847,101.4628,7.122655,1.086493,-1.172639,0.1217199,3.558747,0.212384,0.01744914,2.57,156
"20210710090300",443.2405,84.9348,282.0869,389.385,13.2014,830.6671,50.78571,8.935746,56.24031,101.4603,7.131739,1.087165,-1.170809,0.1219248,3.56219,0.2125726,0.01342511,3.61,156
"20210710090320",443.3852,84.86932,281.9624,388.8816,13.18507,830.5869,50.78112,8.882962,55.581,101.4586,7.134067,1.086327,-1.171253,0.1157048,3.561846,0.2125533,0.01378608,3.14,164
"20210710090340",443.5414,84.92961,282.2712,389.734,13.18043,831.3208,50.76214,8.887848,57.8321,101.4591,7.136582,1.087099,-1.167313,0.1288085,3.564993,0.2124739,0.0178175,2.47,160
"20210710090400",444.2996,85.07579,282.5245,390.5589,13.17559,831.1698,50.87936,8.874447,57.28447,101.4572,7.14878,1.08897,-1.164019,0.1415152,3.564346,0.2129646,0.02197313,2.5,147
"20210710090420",445.1858,85.27764,282.1017,390.5491,13.18023,831.9972,50.89447,8.955273,57.91562,101.459,7.16304,1.091554,-1.169304,0.1409997,3.567894,0.2130278,0.008210421,2.77,169
"20210710090440",445.4181,85.38841,282.2122,390.5313,13.17882,834.0182,50.96841,8.968422,56.50004,101.463,7.166777,1.092972,-1.167911,0.140846,3.57656,0.2133373,0.01828313,2.32,172
"20210710090500",445.7653,85.5262,282.3483,390.1392,13.17781,834.2684,50.96084,8.925762,56.01747,101.463,7.172364,1.094735,-1.16624,0.1350683,3.577634,0.2133056,0.01552582,2.32,172
"20210710090520",446.279,85.76893,282.6189,390.8128,13.17963,835.9279,50.99111,8.92947,56.3593,101.4595,7.18063,1.097842,-1.163157,0.1449882,3.58475,0.2134323,0.022614,2.82,156
"20210710090540",446.7232,85.83466,282.0209,390.6124,13.17741,836.3352,51.08679,8.900593,57.1441,101.4592,7.187776,1.098684,-1.170079,0.1421716,3.586497,0.2138328,0.02382684,2.96,155
"20210710090600",447.1088,85.78006,282.007,390.428,13.17418,837.5988,51.04968,8.8759,55.73836,101.4593,7.193982,1.097985,-1.170043,0.139671,3.591916,0.2136775,0.01891518,2.46,150
"20210710090620",447.5073,85.90279,282.25,391.1136,13.16612,839.3491,51.10838,8.86943,54.73378,101.4591,7.200392,1.099556,-1.166664,0.1505582,3.599422,0.2139231,0.01286244,2.33,150
"20210710090640",448.1744,86.04313,282.4609,392.1184,13.17297,838.8186,51.09357,8.886692,58.02383,101.4585,7.211126,1.101352,-1.164604,0.1650229,3.597146,0.2138611,0.02392173,2.75,182
"20210710090700",448.4992,86.25549,282.1426,390.9097,13.17781,839.589,51.19024,8.922195,56.29385,101.4635,7.216351,1.10407,-1.16867,0.14658,3.60045,0.2142658,0.01758242,3.15,162
"20210710090720",449.1083,86.26655,282.4698,390.9868,13.18507,839.7461,51.23218,8.927429,55.85095,101.4633,7.226154,1.104212,-1.16526,0.1471549,3.601124,0.2144413,0.01449847,2.33,172
"20210710090740",449.7641,86.41004,282.6071,392.0025,13.21087,840.885,51.26233,8.994137,58.51742,101.4615,7.236704,1.106049,-1.165262,0.1602758,3.606008,0.2145675,0.01912403,2.13,173
"20210710090800",450.5091,86.72631,282.184,392.3262,13.23869,842.6709,51.27944,9.115826,58.47718,101.4615,7.248692,1.110097,-1.172007,0.1629006,3.613666,0.2146391,0.003045797,2.51,144
"20210710090820",450.7823,86.5934,282.2496,391.6148,13.24434,842.3961,51.27591,9.138672,56.37759,101.461,7.253087,1.108396,-1.171589,0.1518229,3.612488,0.2146244,0.01712108,2.33,151
"20210710090840",450.9595,86.50738,282.383,391.6802,13.26207,843.8551,51.37256,9.170456,57.84328,101.4614,7.255938,1.107295,-1.171131,0.1513849,3.618745,0.2150289,0.01487088,2.45,153
"20210710090900",451.4632,86.58498,282.2145,391.5103,13.26953,845.3363,51.35144,9.164021,55.45327,101.4621,7.264042,1.108288,-1.173589,0.1482552,3.625097,0.2149405,0.003731728,2.11,144
"20210710090920",451.4278,86.66318,282.5013,392.1886,13.27115,844.8302,51.35943,9.136326,55.09904,101.4606,7.263474,1.109289,-1.170304,0.1582594,3.622927,0.214974,0.01510406,2.07,142
"20210710090940",451.896,86.81459,282.646,392.8891,13.28203,846.2804,51.4216,9.084747,56.26507,101.4581,7.271006,1.111227,-1.169281,0.1678575,3.629145,0.2152342,0.02053881,2.28,146
"20210710091000",452.1679,86.82155,282.2758,391.7704,13.28183,846.648,51.46471,9.088562,56.09767,101.4574,7.275382,1.111316,-1.173639,0.1511618,3.630722,0.2154146,0.01746321,3.11,153
"20210710091020",452.3058,86.6435,282.2427,391.3421,13.27961,846.6208,51.47382,9.034004,54.5678,101.4583,7.2776,1.109037,-1.173889,0.1449396,3.630605,0.2154528,0.01478624,2.83,159
"20210710091040",452.5899,86.62994,282.3469,391.5205,13.27538,847.8252,51.46066,9.041,55.32573,101.4576,7.282172,1.108863,-1.172394,0.1479407,3.63577,0.2153977,0.01067305,2.06,160
"20210710091100",452.8165,86.67815,282.7103,392.168,13.26772,848.8389,51.50978,9.003178,54.94185,101.4602,7.285818,1.10948,-1.16762,0.1582243,3.640117,0.2156033,0.01906228,2.32,167
"20210710091120",453.4704,86.78847,282.6084,392.7478,13.27699,850.2765,51.57768,9.067433,57.42596,101.4616,7.296339,1.110892,-1.169406,0.1661493,3.646282,0.2158875,0.01455784,3.19,143
"20210710091140",453.9851,86.81397,282.2885,392.1062,13.28284,850.049,51.605,9.110176,57.04452,101.4601,7.304621,1.111219,-1.173552,0.1560983,3.645306,0.2160019,0.01426625,2.85,157
"20210710091200",453.907,86.82653,282.4771,391.7891,13.28465,848.7806,51.61576,9.143452,55.3808,101.4602,7.303364,1.11138,-1.171438,0.1512163,3.639867,0.2160469,0.02115488,2.02,156
"20210710091220",454.6659,86.86453,282.4586,392.027,13.29171,851.3394,51.62811,9.180263,56.87965,101.46,7.315574,1.111866,-1.172102,0.1542071,3.65084,0.2160986,0.008703947,1.81,169
"20210710091240",455.1917,86.98057,282.3779,392.2745,13.29655,852.2688,51.69381,9.208122,55.50611,101.4615,7.324034,1.113351,-1.173359,0.1575201,3.654826,0.2163736,0.01359701,2.74,163
"20210710091300",455.542,86.95183,282.5146,392.2901,13.30481,852.9947,51.65752,9.18758,55.08408,101.4625,7.329672,1.112983,-1.172266,0.1570946,3.657939,0.2162217,0.0137372,2.54,169
"20210710091320",455.9576,87.04369,282.5778,391.4354,13.30461,855.2343,51.75775,9.192867,53.83652,101.4669,7.336357,1.114159,-1.171505,0.1443442,3.667543,0.2166412,0.01370144,3.01,174
"20210710091340",456.4928,87.06218,282.8304,392.4283,13.30743,856.2219,51.79582,9.091694,55.33018,101.4643,7.34497,1.114396,-1.168702,0.158951,3.671778,0.2168006,0.02252436,2.44,179
"20210710091400",457.2909,87.20325,282.8566,392.951,13.32376,855.9248,51.83144,9.165016,57.06621,101.4612,7.35781,1.116202,-1.169419,0.1654606,3.670504,0.2169497,0.0240581,2.24,146
"20210710091420",458.3794,87.37366,283.0858,393.0262,13.33323,857.981,51.94287,9.190098,56.56697,101.4628,7.375324,1.118383,-1.167308,0.165829,3.679321,0.217416,0.01778674,3.06,162
"20210710091440",458.8473,87.48814,283.0633,392.966,13.35259,858.8701,51.92468,9.264568,57.63654,101.4629,7.382853,1.119848,-1.168795,0.1633863,3.683134,0.2173399,0.01829576,2.85,160
"20210710091500",459.4764,87.67069,282.7437,392.1116,13.3669,861.6574,52.03164,9.316379,55.54405,101.4645,7.392976,1.122185,-1.173471,0.1494801,3.695087,0.2177876,0.01590848,3.37,161
"20210710091520",459.8844,87.66784,282.496,392.0956,13.37718,861.077,52.0921,9.375515,55.86037,101.4695,7.399539,1.122148,-1.177043,0.1484246,3.692598,0.2180407,0.01042032,2.56,157
"20210710091540",460.2845,87.80092,282.6455,392.2672,13.38061,862.5529,52.12487,9.351284,54.64135,101.4687,7.405978,1.123852,-1.175494,0.1507125,3.698928,0.2181778,0.01668739,3.16,163
"20210710091600",460.8558,87.8255,282.724,391.932,13.37678,864.0642,52.14048,9.331268,54.15728,101.4652,7.41517,1.124166,-1.174325,0.1460125,3.705408,0.2182432,0.01580739,2.42,171
"20210710091620",461.0369,87.90164,283.1918,392.9802,13.37799,864.3512,52.23702,9.246456,55.33226,101.4651,7.418084,1.125141,-1.168877,0.1615741,3.706639,0.2186472,0.01231861,2.03,171
"20210710091640",459.47,87.47604,282.9416,392.8432,13.39008,859.9946,51.89108,9.27235,57.48714,101.4648,7.392871,1.119693,-1.172593,0.1585642,3.687957,0.2171993,0.01519251,3.17,173
"20210710091700",461.2016,87.74928,283.2086,392.6904,13.39512,866.0408,52.18352,9.251968,56.3465,101.4657,7.420734,1.123191,-1.169758,0.15588,3.713884,0.2184233,0.01329756,2.28,172
"20210710091720",462.7443,87.97962,282.9528,393.0527,13.40581,867.6623,52.22945,9.299858,57.34729,101.4663,7.445556,1.126139,-1.173451,0.160442,3.720838,0.2186156,0.01602149,3.89,149
"20210710091740",461.743,87.46513,282.7352,392.005,13.4054,865.3122,52.16566,9.297291,55.21832,101.4692,7.429445,1.119554,-1.175997,0.1448213,3.71076,0.2183486,0.01197171,3.17,149
"20210710091800",458.2775,86.41515,282.7502,392.1632,13.41044,857.8218,51.63456,9.317158,55.70027,101.4647,7.373686,1.106114,-1.176137,0.1467833,3.678639,0.2161256,0.01285267,3.64,138
"20210710091820",453.8002,85.04094,282.5593,391.7564,13.40137,851.8836,51.25572,9.290512,54.24076,101.4653,7.301645,1.088524,-1.17782,0.1414278,3.653174,0.2145399,0.017102,2.56,142
"20210710091840",449.0819,84.05311,282.9301,392.453,13.39593,843.8515,50.72071,9.231945,53.78296,101.4645,7.225728,1.07588,-1.173099,0.1522684,3.618729,0.2123005,0.01445127,2.05,158
"20210710091900",448.5504,84.01458,283.1625,393.2056,13.40157,841.4441,50.5195,9.189007,54.66457,101.4645,7.217176,1.075387,-1.17071,0.1630613,3.608406,0.2114583,0.01677775,1.57,160
"20210710091920",448.214,84.27576,283.4514,394.1033,13.41125,843.9254,50.53543,9.182453,55.18431,101.4627,7.211764,1.07873,-1.167907,0.1757012,3.619046,0.211525,0.01885557,1.53,166
"20210710091940",449.5788,84.87779,283.5614,394.0196,13.42234,845.6577,50.72413,9.201923,56.25756,101.467,7.233722,1.086436,-1.167307,0.1735691,3.626475,0.2123148,0.01567292,2.95,170
"20210710092000",448.0513,84.64824,282.83,392.9196,13.44108,842.8872,50.58593,9.293846,55.94646,101.4655,7.209146,1.083497,-1.177126,0.1556405,3.614594,0.2117363,0.02114677,3.35,148
"20210710092020",452.3466,85.34926,282.6866,391.9726,13.43403,850.5589,51.13265,9.345509,54.83018,101.4616,7.278258,1.092471,-1.178375,0.142054,3.647493,0.2140247,0.01265883,3.11,155
"20210710092040",458.5316,86.4958,282.8254,392.229,13.42959,864.0167,51.79158,9.317021,54.53864,101.4613,7.377774,1.107146,-1.176456,0.1462376,3.705205,0.2167828,0.02302265,2.51,149
"20210710092100",463.252,87.45624,283.0009,392.5027,13.42657,872.7149,52.32831,9.23471,54.57575,101.4605,7.453724,1.11944,-1.174194,0.1505683,3.742506,0.2190294,0.01544929,2.27,141
"20210710092120",466.0071,88.03895,283.1866,393.2068,13.42919,875.3286,52.52916,9.232479,54.90525,101.4604,7.498054,1.126899,-1.172166,0.1608765,3.753714,0.2198701,0.01444769,1.92,142
"20210710092140",468.1438,88.5497,283.584,394.0162,13.43443,880.0538,52.7091,9.204384,54.93223,101.4632,7.532433,1.133436,-1.167801,0.1725527,3.773977,0.2206232,0.01463938,2.68,162
"20210710092200",469.2974,88.69794,283.3679,394.6636,13.45681,880.6464,52.73123,9.250946,58.34759,101.4631,7.550995,1.135334,-1.171766,0.1804386,3.776518,0.2207159,0.02347279,2.92,155
"20210710092220",467.3598,88.20434,283.2776,393.8636,13.46406,876.0318,52.42369,9.370327,55.79115,101.4594,7.51982,1.129016,-1.173287,0.1679103,3.756729,0.2194286,0.01655769,1.93,165
"20210710092240",463.9882,87.47223,283.7077,395.2788,13.48704,867.7954,51.78464,9.411186,57.56429,101.459,7.46557,1.119645,-1.169658,0.1872205,3.721409,0.2167538,0.02034712,2.88,150
"20210710092300",455.905,85.72254,282.8567,392.9532,13.48765,855.3658,51.09031,9.436924,54.89619,101.4585,7.335512,1.097249,-1.179747,0.1524264,3.668107,0.2138475,0.01508617,3.33,150
"20210710092320",458.35,86.06698,282.8858,392.5958,13.48765,864.1396,51.63374,9.437981,54.21978,101.4583,7.374852,1.101657,-1.179403,0.1470881,3.705732,0.2161221,0.0130446,2.64,143
"20210710092340",464.4052,87.25365,282.9468,392.7839,13.47898,873.2591,52.12953,9.337754,54.0334,101.4591,7.47228,1.116847,-1.178137,0.1505891,3.74484,0.2181974,0.0137291,2.35,140
"20210710092400",466.1419,87.63273,283.3391,393.7537,13.47656,876.571,52.21502,9.321274,54.50613,101.4632,7.500222,1.121699,-1.173351,0.1652694,3.759042,0.2185552,0.01790929,1.69,150
"20210710092420",467.5842,88.05887,283.2859,393.8318,13.48422,877.3153,52.36118,9.316502,54.9202,101.459,7.52343,1.127154,-1.174463,0.1658251,3.762234,0.219167,0.007772207,2.67,141
"20210710092440",468.2114,88.1511,283.1159,393.1198,13.48503,878.3422,52.44142,9.344334,55.23983,101.4584,7.533522,1.128334,-1.176521,0.1551248,3.766638,0.2195028,0.02080297,2.71,152
"20210710092500",468.2209,87.9597,283.0439,392.7237,13.48342,879.1383,52.47872,9.37141,54.33581,101.4597,7.533674,1.125884,-1.17727,0.149333,3.770052,0.219659,0.008414507,3.11,145
"20210710092520",468.4163,87.91322,283.2826,392.9665,13.47717,878.7294,52.402,9.310795,53.34017,101.459,7.536819,1.125289,-1.174058,0.1534596,3.768298,0.2193378,0.01696372,2.9,135
"20210710092540",469.2251,87.98988,283.1267,392.9282,13.47737,882.2769,52.44208,9.323219,55.1291,101.4595,7.549832,1.126271,-1.17591,0.1528743,3.783511,0.2195056,0.01687884,2.58,144
"20210710092600",469.9942,88.03602,283.2894,392.893,13.47434,882.572,52.49961,9.312405,54.5285,101.4641,7.562206,1.126861,-1.173798,0.1525885,3.784776,0.2197464,0.01898623,2.53,143
"20210710092620",470.1083,88.0953,283.6168,393.6112,13.47152,881.7019,52.52116,9.305267,55.17265,101.4636,7.564043,1.12762,-1.169754,0.1635431,3.781045,0.2198366,0.0190351,2.48,136
"20210710092640",471.0092,88.35304,283.7073,394.3406,13.48281,883.9339,52.58969,9.337795,57.39751,101.4605,7.578539,1.130919,-1.169398,0.1735382,3.790616,0.2201234,0.02491522,1.89,137
"20210710092700",471.5865,88.60568,283.4105,393.654,13.49914,884.5907,52.61629,9.435878,56.81462,101.4613,7.587827,1.134153,-1.173933,0.1619789,3.793433,0.2202348,0.01000762,2.7,159
"20210710092720",472.109,88.63826,283.7306,393.5032,13.50922,886.0378,52.6734,9.423748,55.54051,101.4599,7.596233,1.13457,-1.170787,0.1589224,3.799639,0.2204738,0.02229619,3.55,159
"20210710092740",472.7261,88.66234,283.3239,393.001,13.52051,886.27,52.65395,9.460006,54.96551,101.4608,7.606163,1.134878,-1.176303,0.1505176,3.800635,0.2203924,0.01391196,3.05,167
"20210710092800",473.0592,88.61325,283.3533,392.9293,13.52373,887.7901,52.68191,9.473148,53.87018,101.4639,7.611522,1.13425,-1.17616,0.1491879,3.807153,0.2205094,0.0107708,3.45,176
"20210710092820",473.399,88.54566,283.2322,392.874,13.52393,888.4525,52.67799,9.408291,53.78651,101.4665,7.616989,1.133384,-1.177602,0.1483479,3.809994,0.220493,0.01731586,2.97,168
"20210710092840",473.4881,88.52607,283.2636,392.9852,13.52131,889.193,52.70302,9.352283,54.32239,101.4622,7.618423,1.133134,-1.177065,0.1502176,3.81317,0.2205978,0.01566362,3.03,165
"20210710092900",473.8177,88.60698,283.5404,393.2357,13.51889,890.2962,52.78326,9.313812,53.71495,101.4625,7.623726,1.13417,-1.173644,0.1541529,3.8179,0.2209337,0.009824514,2.31,174
"20210710092920",474.4688,88.81204,283.3868,393.5079,13.51728,890.4043,52.80382,9.255378,53.13734,101.4634,7.634202,1.136794,-1.175356,0.1583488,3.818364,0.2210197,0.016325,2.7,166
"20210710092940",474.8552,88.96046,283.5985,393.9295,13.5193,891.5547,52.81651,9.242771,54.48022,101.463,7.640421,1.138694,-1.172983,0.1644862,3.823297,0.2210728,0.02352834,1.53,156
"20210710093000",475.5453,89.25717,283.6463,394.3964,13.53159,892.1902,52.87826,9.302998,56.23944,101.4631,7.651525,1.142492,-1.173194,0.1704802,3.826023,0.2213313,0.01600027,3.3,177
"20210710093020",475.9213,89.2813,283.4944,394.3301,13.54772,892.9999,52.92964,9.361504,57.07978,101.4635,7.657574,1.142801,-1.176007,0.1682015,3.829495,0.2215464,0.01458383,2.54,165
"20210710093040",476.7754,89.40143,283.7238,394.5406,13.5709,894.9817,52.93481,9.466954,56.52554,101.4645,7.671317,1.144338,-1.174761,0.1694967,3.837993,0.221568,0.01589871,2.69,167
"20210710093100",477.3108,89.38626,283.4258,394.2642,13.58844,894.591,52.95422,9.501678,54.36954,101.4682,7.67993,1.144144,-1.179388,0.1639649,3.836318,0.2216492,0.0115931,2.74,168
"20210710093120",477.4483,89.36866,283.5435,394.0512,13.60134,894.9606,52.96148,9.513237,54.60164,101.4691,7.682143,1.143919,-1.178814,0.1597506,3.837903,0.2216796,0.0186348,2.04,161
"20210710093140",477.6258,89.38538,283.6222,394.1289,13.60296,895.3311,52.94798,9.484726,54.00452,101.4652,7.684998,1.144133,-1.177985,0.1607832,3.839492,0.2216231,0.01781201,2.04,167
"20210710093200",477.6858,89.40881,283.7307,394.4716,13.61102,897.5886,52.97172,9.454769,54.26013,101.4651,7.685965,1.144433,-1.177213,0.1652592,3.849172,0.2217225,0.0180161,3.11,165
"20210710093220",478.0509,89.4598,283.6173,394.7152,13.61384,895.5972,53.01581,9.436573,54.38539,101.4643,7.691839,1.145086,-1.17873,0.1686747,3.840633,0.221907,0.01203752,2.34,181
"20210710093240",478.6558,89.52482,284.0219,395.2379,13.63037,899.137,52.98466,9.436417,55.11103,101.4652,7.701573,1.145918,-1.174997,0.1751624,3.855813,0.2217766,0.01508975,1.98,159
"20210710093300",479.3204,89.63299,284.0475,395.0673,13.64226,898.5634,53.12784,9.447002,54.10573,101.4666,7.712266,1.147302,-1.175446,0.171662,3.853353,0.222376,0.01196647,3.13,166
"20210710093320",479.7621,89.5361,283.8606,394.8125,13.65093,899.9064,53.12547,9.462234,54.60001,101.4689,7.719372,1.146062,-1.178201,0.1671632,3.859112,0.222366,0.02305079,2.29,169
"20210710093340",480.13,89.60766,283.7907,394.3216,13.65758,900.6123,53.13524,9.505272,54.70554,101.4655,7.725293,1.146978,-1.179447,0.159296,3.86214,0.2224069,0.01055145,2.46,165
"20210710093400",480.2104,89.60918,283.9341,394.554,13.66424,902.6363,53.11446,9.49649,52.976,101.4655,7.726585,1.146998,-1.178174,0.1622369,3.870819,0.2223199,0.01671433,2.71,172
"20210710093420",480.7194,89.73989,284.243,395.9154,13.68036,902.255,53.16424,9.479706,55.84138,101.4655,7.734775,1.148671,-1.175543,0.1812886,3.869184,0.2225283,0.02903557,2.62,146
"20210710093440",481.0114,89.98769,283.7941,394.7827,13.6856,902.6862,53.17141,9.50378,53.8636,101.4653,7.739474,1.151842,-1.181177,0.163946,3.871033,0.2225583,0.02175093,2.2,140
"20210710093500",481.0461,89.87505,284.1057,395.4306,13.68097,903.3821,53.19176,9.50787,52.80762,101.4643,7.740032,1.150401,-1.177204,0.1739966,3.874017,0.2226435,0.01256776,2.46,133
"20210710093520",481.4108,89.7508,283.7271,395.4846,13.68863,904.1654,53.21459,9.535858,54.08935,101.4706,7.7459,1.14881,-1.182159,0.1741904,3.877376,0.2227391,0.01237702,2.9,183
"20210710093540",481.9464,89.60128,283.8553,395.6008,13.68742,903.8461,53.22636,9.50898,54.21286,101.4704,7.754518,1.146896,-1.180569,0.1760236,3.876007,0.2227883,0.01968122,3.15,182
"20210710093600",481.6641,89.48968,283.6859,394.9666,13.685,905.3862,53.19833,9.482231,54.50023,101.4669,7.749975,1.145468,-1.182416,0.1667423,3.882612,0.222671,0.01884604,3.17,175
"20210710093620",481.6972,89.45744,283.7311,394.8783,13.68077,905.5062,53.26355,9.481697,55.92781,101.4682,7.750509,1.145055,-1.181615,0.1657613,3.883126,0.222944,0.01783276,2.33,172
"20210710093640",482.1955,89.61219,283.7853,395.2242,13.68036,905.4503,53.17222,9.417084,54.15075,101.4673,7.758526,1.147036,-1.180949,0.170962,3.882886,0.2225617,0.01318741,2.12,182
"20210710093700",482.6212,89.70738,284.0369,395.7878,13.68339,905.7869,53.21317,9.398559,53.71895,101.4678,7.765375,1.148254,-1.178169,0.1791403,3.88433,0.2227331,0.01433134,2.6,177
"20210710093720",483.0054,89.73549,284.2478,396.2274,13.68641,906.7407,53.26092,9.397918,55.06543,101.4693,7.771557,1.148614,-1.17587,0.185466,3.88842,0.222933,0.0173862,3.5,174
"20210710093740",483.0718,89.67193,284.2331,395.8446,13.69992,906.8128,53.253,9.466217,55.56929,101.4717,7.772625,1.147801,-1.176897,0.1786665,3.888729,0.2228998,0.01590371,2.14,165
"20210710093800",483.6708,89.85404,283.7962,395.8234,13.71463,907.4014,53.28368,9.590671,54.84334,101.4668,7.782262,1.150132,-1.182987,0.1771719,3.891253,0.2230283,0.02115989,2.67,156
"20210710093820",484.0781,89.88661,283.7869,395.398,13.71645,908.6927,53.27862,9.62331,52.68486,101.4667,7.788817,1.150549,-1.183213,0.170671,3.896791,0.2230071,0.009745359,1.68,158
"20210710093840",484.1829,90.13952,284.0664,396.1703,13.72108,908.3434,53.31702,9.614941,51.57937,101.466,7.790503,1.153786,-1.180203,0.1818404,3.895293,0.2231678,0.01081991,1.94,164
"20210710093900",484.9367,90.37828,284.2558,397.3622,13.73419,910.9466,53.4099,9.561661,53.27493,101.4666,7.802631,1.156842,-1.178796,0.198597,3.906456,0.2235565,0.02237415,1.79,158
"20210710093920",485.8933,90.58858,284.1298,396.9031,13.74285,912.4478,53.44247,9.609054,54.45127,101.4658,7.818022,1.159534,-1.180832,0.1910448,3.912894,0.2236929,0.01085997,2.28,190
"20210710093940",486.4798,90.57125,284.0747,396.2439,13.74669,913.4634,53.43619,9.571335,53.07659,101.4689,7.82746,1.159312,-1.181724,0.1808913,3.917249,0.2236666,0.0162046,2.16,196
"20210710094000",486.6505,90.36564,284.1644,396.9532,13.74991,912.8758,53.45822,9.583194,53.50882,101.4656,7.830206,1.15668,-1.180869,0.1912304,3.91473,0.2237588,0.01917601,1.96,188
"20210710094020",487.4168,90.43862,283.9662,397.1111,13.77088,913.5488,53.57221,9.585083,55.53012,101.464,7.842535,1.157614,-1.184536,0.1919108,3.917616,0.224236,0.01204109,2.67,163
"20210710094040",487.969,90.54348,283.9015,396.0371,13.76906,914.606,53.66721,9.629871,52.65121,101.4636,7.851422,1.158957,-1.185187,0.1760096,3.92215,0.2246336,0.02089286,2.22,167
"20210710094100",487.6081,90.36115,283.9031,395.7197,13.75999,916.0082,53.68976,9.602017,51.42944,101.462,7.845614,1.156623,-1.184593,0.1719944,3.928162,0.224728,0.01294303,2.54,142
"20210710094120",487.9346,90.15121,284.0793,396.3966,13.75475,917.8065,53.65664,9.550098,52.45005,101.4627,7.850868,1.153935,-1.182181,0.1825254,3.935874,0.2245893,0.01329732,1.64,148
"20210710094140",487.9938,90.29222,283.9312,397.1848,13.76624,916.0452,53.64554,9.596417,54.40887,101.4668,7.851821,1.155741,-1.184657,0.1933825,3.928321,0.2245429,0.01806831,2.66,163
"20210710094200",488.4044,90.34771,283.7397,396.184,13.7618,917.3859,53.66971,9.589806,52.52509,101.4659,7.858427,1.156451,-1.186639,0.1787848,3.93407,0.224644,0.01607847,2.33,154
"20210710094220",489.0046,90.60852,283.9385,396.3846,13.75394,919.5097,53.71585,9.607876,51.05713,101.462,7.868083,1.159789,-1.183793,0.1824121,3.943178,0.2248372,0.01290321,1.84,150
"20210710094240",489.2316,90.72982,284.2611,396.8902,13.7485,919.2486,53.79437,9.563084,50.96304,101.4609,7.871736,1.161342,-1.179639,0.1903995,3.942058,0.2251658,0.01626062,2.4,149
"20210710094300",489.8804,90.87953,284.1094,396.9014,13.7481,921.2601,53.82885,9.516819,53.10145,101.4606,7.882176,1.163258,-1.181405,0.1906009,3.950684,0.2253101,0.01454186,2.05,159
"20210710094320",489.7764,90.84008,284.3934,397.6939,13.75072,919.5833,53.70569,9.534687,52.86296,101.4608,7.880504,1.162753,-1.178215,0.2022319,3.943493,0.2247947,0.01848841,1.67,196
"20210710094340",489.7916,90.92728,284.0528,397.588,13.76039,919.503,53.77417,9.557041,53.92194,101.462,7.880747,1.163869,-1.182853,0.1998726,3.943149,0.2250813,0.01324987,3.11,172
"20210710094400",490.2481,90.91606,284.0376,397.0031,13.76543,920.1168,53.79354,9.581917,53.25132,101.4653,7.888092,1.163726,-1.18335,0.1907322,3.945782,0.2251624,0.01714993,2.46,176
"20210710094420",490.6717,90.96151,284.0688,396.8199,13.76463,919.8009,53.69193,9.583012,51.53738,101.46,7.894909,1.164307,-1.18293,0.1880609,3.944426,0.224737,0.01409006,1.69,170
"20210710094440",490.4729,91.07689,284.2889,397.5214,13.77591,921.3034,53.73228,9.558052,52.10983,101.4605,7.891708,1.165784,-1.181044,0.1976377,3.95087,0.224906,0.01222563,2.45,170
"20210710094500",491.0211,91.07126,284.0617,397.081,13.77672,922.7578,53.74842,9.526585,52.10339,101.4605,7.90053,1.165712,-1.18378,0.1909925,3.957107,0.2249735,0.01956129,1.91,158
"20210710094520",491.1381,91.15536,284.2995,397.6976,13.77934,922.0609,53.73086,9.475548,51.66161,101.4606,7.902413,1.166789,-1.181135,0.1999961,3.954118,0.2249,0.01787448,1.85,167
"20210710094540",491.0169,91.06316,284.1026,397.0106,13.77954,922.1488,53.69839,9.524208,52.63078,101.4605,7.900462,1.165608,-1.183474,0.1897156,3.954496,0.2247641,0.01347399,3.06,163
"20210710094600",490.783,90.97209,284.1264,396.6312,13.78095,921.5557,53.62322,9.490406,51.83597,101.4644,7.896698,1.164443,-1.183282,0.1839353,3.951952,0.2244495,0.01065278,2.07,160
"20210710094620",490.847,90.9436,284.3443,397.4978,13.78136,924.2215,53.58463,9.480842,53.55616,101.464,7.897728,1.164078,-1.180733,0.1968497,3.963384,0.2242879,0.02292466,2.24,141
"20210710094640",491.6686,90.97005,284.2143,397.462,13.78982,923.3056,53.72759,9.53759,55.26134,101.4609,7.910947,1.164417,-1.182805,0.1956357,3.959456,0.2248863,0.02152109,2.08,156
"20210710094700",492.1928,91.04907,284.192,396.9354,13.79547,924.4274,53.67122,9.578468,53.07412,101.4611,7.919382,1.165428,-1.183426,0.1873165,3.964267,0.2246504,0.01106906,2.58,166
"20210710094720",491.6469,90.90768,284.2772,396.6542,13.79043,923.5277,53.54162,9.548099,51.77105,101.4608,7.910598,1.163618,-1.182102,0.183518,3.960409,0.2241079,0.01025891,2.07,155
"20210710094740",492.1353,91.03189,284.4505,397.4597,13.78922,923.9174,53.62862,9.534786,52.39442,101.4595,7.918457,1.165208,-1.179978,0.1956506,3.96208,0.2244721,0.02052283,2.38,157
"20210710094800",492.3636,91.02379,284.1785,397.2289,13.80212,924.8164,53.57662,9.576477,54.34866,101.4641,7.922131,1.165105,-1.184007,0.1911683,3.965935,0.2242544,0.01922154,2.59,171
"20210710094820",492.0003,90.77286,284.1113,396.7398,13.80333,924.9358,53.51046,9.621971,52.68489,101.4655,7.916286,1.161893,-1.184878,0.1837644,3.966447,0.2239775,0.0148418,2.24,175
"20210710094840",491.8611,90.6073,284.3921,397.3584,13.81059,924.0645,53.52629,9.589683,53.15017,101.4619,7.914045,1.159773,-1.18202,0.1924262,3.96271,0.2240437,0.01913166,2.21,161
"20210710094900",492.3653,90.73822,284.2835,397.5243,13.81684,926.2346,53.66676,9.629135,53.27063,101.4604,7.922158,1.161449,-1.183698,0.194404,3.972016,0.2246317,0.0168283,1.82,153
"20210710094920",493.8544,91.12714,284.4464,398.1809,13.81643,928.4574,53.76038,9.60915,52.88335,101.4616,7.946118,1.166428,-1.18175,0.2042459,3.981548,0.2250236,0.01085973,0.94,174
"20210710094940",496.2128,91.79598,284.6346,398.9043,13.82692,933.5652,54.03087,9.632824,53.41176,101.4602,7.984065,1.174989,-1.18019,0.2142155,4.003453,0.2261558,0.01883793,2.3,165
"20210710095000",497.8606,92.19684,284.4281,398.803,13.83014,934.7576,54.16332,9.59959,52.87434,101.4602,8.010578,1.18012,-1.182833,0.2124426,4.008566,0.2267102,0.01499438,2.29,156
"20210710095020",498.3036,92.28204,284.8864,399.0964,13.83337,936.2094,54.14214,9.605823,52.60705,101.4639,8.017705,1.18121,-1.177625,0.2165676,4.014792,0.2266215,0.01088214,1.45,156
"20210710095040",499.0473,92.5047,285.0188,400.07,13.84707,938.7446,54.27375,9.600002,54.185,101.4603,8.029672,1.18406,-1.176929,0.2300157,4.025664,0.2271724,0.01600909,2.39,171
"20210710095100",499.602,92.56589,284.8464,399.5387,13.86582,938.115,54.2529,9.731056,54.99776,101.4588,8.038597,1.184843,-1.180152,0.2205768,4.022964,0.2270851,0.01715112,3.57,185
"20210710095120",499.7706,92.72492,284.6951,398.012,13.87751,938.9702,54.28468,9.750473,53.1557,101.4583,8.04131,1.186879,-1.182678,0.1968325,4.026632,0.2272181,0.005824566,2.36,172
"20210710095140",500.3982,92.88968,284.9316,398.5136,13.90009,939.7942,54.28947,9.751991,54.69909,101.458,8.051408,1.188988,-1.181316,0.2025153,4.030165,0.2272381,0.006831646,2.82,194
"20210710095200",500.7776,92.7728,284.9865,398.7375,13.92489,938.9191,54.3223,9.772782,55.94685,101.458,8.057512,1.187492,-1.182239,0.2038723,4.026412,0.2273756,0.01992011,2.27,159
"20210710095220",501.449,92.65362,284.8466,398.6723,13.94928,940.0688,54.38756,9.880562,55.02531,101.4625,8.068314,1.185966,-1.185437,0.2009427,4.031342,0.2276488,0.01409745,2.22,157
"20210710095240",501.6399,92.55387,284.9376,399.2189,13.97186,942.159,54.31975,9.962094,56.39025,101.4623,8.071386,1.18469,-1.185795,0.2072988,4.040306,0.2273649,0.01863265,1.91,160
"20210710095300",502.0566,92.57092,284.7057,399.3754,13.99423,943.2468,54.35205,10.04693,54.24686,101.4579,8.07809,1.184908,-1.189951,0.2078424,4.044971,0.2275001,0.00990963,1.99,188
"20210710095320",502.5398,92.55262,284.6812,399.0282,14.00915,943.9725,54.39828,10.04792,52.61564,101.4595,8.085866,1.184673,-1.191186,0.2014579,4.048083,0.2276936,0.009902954,2.01,165
"20210710095340",502.3628,92.28662,284.8113,398.9146,14.00733,943.6909,54.41398,9.979942,51.7291,101.4586,8.083018,1.181269,-1.189534,0.1999063,4.046876,0.2277593,0.0103662,1.84,142
"20210710095400",502.7894,92.40352,285.0391,400.0405,14.02689,945.3261,54.43364,9.937938,54.61569,101.4588,8.089882,1.182765,-1.188085,0.215158,4.053888,0.2278416,0.01268864,1.35,171
"20210710095420",503.2395,92.4887,284.7365,399.9119,14.02951,944.5527,54.40824,9.974083,54.60582,101.4597,8.097123,1.183855,-1.191825,0.2130267,4.050572,0.2277353,0.007352114,2.12,143
"20210710095440",503.4805,92.39485,284.7874,399.6811,14.03777,946.5529,54.45906,9.972481,53.30005,101.4631,8.101002,1.182654,-1.191748,0.2089142,4.059149,0.227948,0.006344557,2.26,142
"20210710095500",503.7499,92.42339,284.949,399.4514,14.03878,946.399,54.48165,9.955124,52.71837,101.4589,8.105336,1.183019,-1.189904,0.2054023,4.058488,0.2280426,0.01358962,1.92,164
"20210710095520",504.3538,92.56839,285.0375,399.5014,14.05067,946.7217,54.55298,9.930714,53.24848,101.4588,8.115053,1.184875,-1.189614,0.2051928,4.059873,0.2283411,0.01273775,3.07,174
"20210710095540",504.4203,92.52706,284.7305,398.5416,14.04987,948.7451,54.55097,9.874661,51.52129,101.4586,8.116123,1.184346,-1.193187,0.1909206,4.06855,0.2283327,0.008030414,2.37,167
"20210710095600",504.5804,92.60265,285.0063,399.2643,14.05047,949.4066,54.63684,9.800911,52.35366,101.4597,8.118698,1.185314,-1.189968,0.2016684,4.071386,0.2286922,0.01769328,1.64,181
"20210710095620",505.081,92.85283,285.0469,400.3047,14.07245,949.0385,54.56396,9.82071,55.72484,101.4604,8.126753,1.188516,-1.190884,0.2154483,4.069808,0.2283871,0.009416342,1.6,180
"20210710095640",505.6768,92.98818,284.8535,399.9677,14.09079,949.9686,54.69361,9.835213,54.70594,101.4651,8.13634,1.190249,-1.194333,0.2089405,4.073796,0.2289298,0.01949573,2.27,167
"20210710095700",505.8023,93.14661,284.9984,399.5214,14.09119,950.3503,54.66662,9.866001,51.66436,101.4634,8.13836,1.192277,-1.192646,0.202242,4.075433,0.2288168,0.01623225,1.71,163
"20210710095720",506.2755,93.29561,285.2982,400.6111,14.1051,951.5903,54.61272,9.872554,54.28343,101.4638,8.145974,1.194184,-1.189989,0.2174038,4.080751,0.2285912,0.01313424,2.03,160
"20210710095740",506.763,93.40202,285.0661,400.0684,14.11256,951.8226,54.70869,9.91827,53.80978,101.4641,8.153817,1.195546,-1.193202,0.2086974,4.081747,0.2289929,0.01384068,2.92,156
"20210710095800",507.1476,93.23898,284.9839,399.1874,14.10934,952.9678,54.70178,9.895336,52.15916,101.4638,8.160006,1.193459,-1.19397,0.1957938,4.086658,0.228964,0.00890708,2.51,160
"20210710095820",507.1589,93.04506,285.2868,399.8354,14.11155,953.4721,54.69169,9.916843,54.11272,101.464,8.160186,1.190977,-1.190532,0.2052976,4.08882,0.2289217,0.01181459,1.98,158
"20210710095840",507.634,93.15765,285.3168,400.199,14.12244,954.6984,54.74922,9.9319,54.5461,101.4643,8.16783,1.192418,-1.19087,0.2098537,4.09408,0.2291625,0.01781988,1.7,158
"20210710095900",508.3412,93.3737,285.4066,400.7985,14.13816,955.703,54.75211,10.00453,54.84956,101.4656,8.17921,1.195183,-1.190808,0.2175493,4.098387,0.2291746,0.008162498,1.55,173
"20210710095920",508.4732,93.50628,285.6317,400.8323,14.15066,956.549,54.77772,10.06949,53.9674,101.4607,8.181334,1.19688,-1.188945,0.2170477,4.102016,0.2292818,0.01281047,2.12,177
"20210710095940",509.0419,93.70233,285.2219,400.0286,14.16679,957.4509,54.85014,10.08419,53.0293,101.4617,8.190485,1.19939,-1.194807,0.2037468,4.105883,0.2295849,0.01372886,2.42,192
"20210710100000",509.241,93.58174,285.3878,400.2954,14.17485,956.4757,54.82302,10.05671,53.23375,101.4614,8.193687,1.197846,-1.193361,0.2070818,4.101701,0.2294714,0.0108614,2.28,200
"20210710100020",509.6872,93.40583,284.8979,399.4146,14.17949,958.3636,54.88351,10.02952,52.80668,101.4647,8.200866,1.195595,-1.199439,0.1935528,4.109797,0.2297246,0.0120647,2.59,179
"20210710100040",509.7401,93.19222,285.0253,399.4916,14.17485,957.8989,54.87213,10.00704,52.8737,101.4625,8.201718,1.192861,-1.197643,0.1950731,4.107804,0.229677,0.01119971,1.84,186
"20210710100100",510.1185,93.22017,285.3231,399.9436,14.1811,959.8178,54.92274,10.01344,53.6892,101.4621,8.207806,1.193218,-1.194521,0.2013257,4.116033,0.2298888,0.01828313,1.59,194
"20210710100120",510.5081,93.38009,285.3868,399.8805,14.18493,959.2625,54.94184,10.02642,52.92364,101.4628,8.214075,1.195265,-1.194013,0.2000742,4.113652,0.2299688,0.0161581,2.96,175
"20210710100140",510.6636,93.24177,285.3274,399.6962,14.19058,961.8349,55.00515,9.985226,52.69014,101.4629,8.216578,1.193495,-1.195073,0.1968677,4.124683,0.2302337,0.01440287,2.2,181
"20210710100200",510.7319,93.24326,285.0182,399.1778,14.18916,961.3826,55.02875,9.92979,52.66916,101.4666,8.217677,1.193514,-1.198636,0.1892343,4.122744,0.2303326,0.01478028,2.39,178
"20210710100220",510.8256,93.2678,285.0196,399.4552,14.18231,961.373,54.99976,9.858662,51.45041,101.4677,8.219185,1.193828,-1.198183,0.1939303,4.122702,0.2302112,0.009157181,1.42,177
"20210710100240",511.1106,93.46658,285.12,400.4352,14.17324,961.4162,54.97694,9.813793,50.7092,101.4642,8.223769,1.196372,-1.196421,0.2092999,4.122888,0.2301157,0.01557016,1.45,186
"20210710100300",511.1329,93.57869,285.5348,400.5342,14.16901,962.0901,54.96668,9.803966,51.41218,101.464,8.224128,1.197807,-1.191254,0.2111207,4.125778,0.2300727,0.01970816,2.67,197
"20210710100320",511.698,93.6662,285.629,401.102,14.16376,962.1731,55.02857,9.794758,53.32794,101.4642,8.233222,1.198927,-1.189807,0.2200252,4.126134,0.2303318,0.01162887,2.13,187
"20210710100340",512.5544,93.78349,285.9653,400.9857,14.17788,965.3685,55.11473,9.843689,53.63739,101.4652,8.247001,1.200429,-1.186733,0.2171525,4.139836,0.2306924,0.02452707,2.25,185
"20210710100400",513.194,93.76197,285.3559,400.3246,14.18856,965.0302,55.07259,9.970558,53.7006,101.4654,8.257291,1.200153,-1.194609,0.2064178,4.138386,0.2305161,0.01450253,2.35,190
"20210710100420",513.6759,93.60967,285.2053,400.1618,14.19279,965.749,55.12792,10.01082,51.33172,101.4707,8.265045,1.198204,-1.196655,0.2036466,4.141468,0.2307476,0.008119583,2.29,196
"20210710100440",513.7223,93.61526,285.5402,400.082,14.19098,967.5231,55.13915,9.946625,49.92445,101.4676,8.265792,1.198275,-1.192586,0.2025996,4.149076,0.2307947,0.01771975,2.52,188
"20210710100500",514.1722,93.59774,285.4265,400.6578,14.19945,967.9182,55.22026,9.903138,53.4119,101.4672,8.27303,1.198051,-1.194466,0.210522,4.150771,0.2311342,0.01699758,2.18,164
"20210710100520",514.6074,93.47146,285.484,401.0052,14.20227,968.9245,55.28427,9.943611,51.26006,101.4664,8.280033,1.196435,-1.193966,0.2154834,4.155086,0.2314021,0.0167222,1.75,184
"20210710100540",515.1525,93.72538,285.3178,401.5537,14.22505,969.3606,55.23106,9.973499,53.94847,101.4677,8.288804,1.199685,-1.197377,0.2218477,4.156956,0.2311794,0.02568173,2.75,192
"20210710100600",515.3456,93.89217,285.1249,400.058,14.22243,968.9353,55.30527,10.0001,49.50681,101.4673,8.291911,1.20182,-1.199488,0.1997121,4.155132,0.23149,0.01022911,1.92,196
"20210710100620",515.6521,93.94002,285.3957,400.5835,14.21255,969.6706,55.32087,9.925442,49.54549,101.4709,8.296842,1.202432,-1.195663,0.208356,4.158285,0.2315553,0.01379132,1.93,208
"20210710100640",515.8702,94.01964,285.9154,401.6358,14.20952,970.7449,55.35987,9.869671,50.4494,101.4714,8.300352,1.203451,-1.189334,0.2243203,4.162892,0.2317185,0.0141716,2.09,175
"20210710100700",516.3099,94.19937,285.2522,400.5875,14.21436,972.1629,55.3329,9.866261,51.06823,101.47,8.307426,1.205752,-1.197473,0.208272,4.168974,0.2316056,0.01521277,2.57,162
"20210710100720",516.6714,94.23926,285.1624,399.9484,14.20852,971.443,55.42796,9.900921,51.15083,101.4702,8.313244,1.206263,-1.198162,0.199193,4.165886,0.2320035,0.01090527,2.23,166
"20210710100740",517.1199,94.05288,285.1542,399.5956,14.20569,973.1904,55.37893,9.900131,50.17,101.4703,8.320459,1.203877,-1.198078,0.1941483,4.17338,0.2317983,0.01498246,1.88,185
"20210710100800",517.3632,93.98437,285.323,399.882,14.20005,973.3791,55.4302,9.873566,49.82342,101.4698,8.324374,1.203,-1.195726,0.1988817,4.174189,0.2320129,0.01109147,2.08,177
"20210710100820",517.6647,94.0915,285.4072,400.182,14.19924,973.9566,55.39002,9.819882,51.00802,101.4693,8.329226,1.204371,-1.194681,0.2034271,4.176665,0.2318447,0.0104394,2.17,175
"20210710100840",518.0376,94.16877,285.3564,400.33,14.19985,975.1662,55.43696,9.835781,51.06361,101.4709,8.335224,1.20536,-1.195321,0.2055898,4.181852,0.2320412,0.01440239,2.99,157
"20210710100900",518.3576,94.1246,285.5089,400.3862,14.20126,976.2617,55.44692,9.837277,50.51332,101.4666,8.340374,1.204795,-1.193609,0.2063166,4.186551,0.2320829,0.01133919,2.21,164
"20210710100920",518.8497,94.25779,285.4396,400.366,14.20731,976.2671,55.49229,9.889934,51.11728,101.4668,8.348292,1.2065,-1.194811,0.2055295,4.186574,0.2322728,0.01810527,2.41,145
"20210710100940",519.3997,94.30676,285.5636,399.9781,14.2069,977.3088,55.51645,9.875466,49.754,101.4665,8.357142,1.207127,-1.193321,0.1997657,4.19104,0.2323739,0.01006031,2.88,145
"20210710101000",519.4542,94.18568,285.3811,399.4345,14.20731,978.7202,55.53634,9.840889,49.59711,101.4677,8.358018,1.205577,-1.195502,0.1916122,4.197093,0.2324571,0.006224871,2.37,157
"20210710101020",519.7853,94.34735,285.7526,399.7067,14.2069,980.7444,55.52804,9.801026,49.71118,101.467,8.363347,1.207646,-1.19109,0.1957116,4.205774,0.2324224,0.01667452,2.43,161
"20210710101040",520.2241,94.6055,285.7148,400.0852,14.21698,978.3174,55.50136,9.819237,50.78174,101.4718,8.370406,1.210951,-1.192176,0.2005553,4.195366,0.2323108,0.02265787,3.09,169
"20210710101100",520.611,94.69706,285.2745,398.8567,14.21275,980.7574,55.5191,9.82515,50.63055,101.4712,8.376632,1.212122,-1.197106,0.182543,4.205829,0.232385,0.01243901,3.11,167
"20210710101120",520.7028,94.65074,285.427,398.975,14.19945,981.7622,55.56216,9.830429,49.45104,101.4675,8.378108,1.21153,-1.194459,0.18538,4.210138,0.2325652,0.01647472,2.54,165
"20210710101140",521.253,94.6771,285.6447,399.8678,14.20771,982.079,55.5994,9.813778,50.4356,101.4677,8.386961,1.211867,-1.192414,0.1980541,4.211497,0.2327211,0.01658797,1.6,155
"20210710101200",521.6869,94.8751,285.5081,400.6658,14.21255,982.9528,55.51715,9.788578,49.35604,101.4685,8.393943,1.214401,-1.194335,0.2095852,4.215244,0.2323768,0.0177772,1.49,165
"20210710101220",521.7787,94.93764,285.8025,401.0273,14.21477,983.5269,55.55219,9.777226,49.99634,101.4679,8.395419,1.215202,-1.190998,0.2148098,4.217706,0.2325235,0.01683664,2.14,183
"20210710101240",522.4479,94.93011,285.5425,400.2387,14.2188,983.6985,55.59384,9.833233,49.78456,101.4728,8.406187,1.215105,-1.194327,0.2027029,4.218442,0.2326978,0.01136661,2.8,195
"20210710101300",522.4704,94.84634,285.4185,399.9188,14.20711,984.534,55.55045,9.787686,49.52464,101.4728,8.406549,1.214033,-1.195047,0.1988649,4.222025,0.2325162,0.01167703,2.33,203
"20210710101320",522.5039,94.70334,285.6013,400.0332,14.1936,983.9445,55.55533,9.691437,50.10513,101.4686,8.407088,1.212203,-1.19203,0.201658,4.219497,0.2325366,0.01843858,2.45,205
"20210710101340",522.475,94.76033,285.5785,399.6416,14.18029,984.6723,55.5114,9.681438,50.2819,101.4684,8.406623,1.212932,-1.191454,0.1968766,4.222618,0.2323528,0.01240158,2.38,205
"20210710101400",522.7821,94.79062,285.8196,400.8373,14.16598,986.0479,55.56161,9.652046,52.32808,101.4687,8.411565,1.21332,-1.187698,0.2158918,4.228517,0.2325629,0.02582955,2.34,214
"20210710101420",522.9025,94.73861,285.9994,401.144,14.16135,984.477,55.52393,9.706913,52.78704,101.4679,8.413501,1.212654,-1.18528,0.2208459,4.221781,0.2324052,0.0244391,2.1,210
"20210710101440",523.4242,94.79983,285.7718,401.1757,14.15873,985.7175,55.56121,9.784561,52.16999,101.4693,8.421895,1.213438,-1.187801,0.2215313,4.2271,0.2325613,0.01169825,2.36,198
"20210710101500",523.4955,94.85278,286.0833,401.4006,14.15953,986.8057,55.54189,9.816834,52.02266,101.4731,8.423042,1.214116,-1.184173,0.224827,4.231767,0.2324804,0.01860285,2.88,200
"20210710101520",524.328,94.97108,285.3096,400.4874,14.16175,988.0851,55.66943,9.831349,51.41609,101.4701,8.436437,1.21563,-1.193452,0.211005,4.237253,0.2330142,0.009343624,2.7,187
"20210710101540",524.9204,95.10153,285.2495,399.8705,14.15308,988.7366,55.70244,9.815174,50.01998,101.4699,8.44597,1.2173,-1.19361,0.2024858,4.240047,0.2331524,0.01148963,2.39,188
"20210710101600",525.3816,95.20882,285.423,400.3749,14.14925,990.0281,55.7223,9.736229,49.27077,101.4694,8.45339,1.218673,-1.191319,0.2103284,4.245586,0.2332355,0.0160985,1.51,170
"20210710101620",525.8914,95.38951,285.5821,401.3038,14.14965,990.4478,55.75997,9.687508,51.77708,101.4696,8.461593,1.220986,-1.189465,0.2241726,4.247386,0.2333932,0.01439548,2.13,195
"20210710101640",526.2335,95.51486,285.6461,401.4286,14.1422,992.0474,55.79563,9.673595,51.00893,101.4695,8.467098,1.22259,-1.188234,0.2266383,4.254245,0.2335425,0.02161264,2.38,165
"20210710101700",526.7264,95.63885,285.6832,401.6868,14.15348,992.1046,55.80791,9.730122,53.86302,101.4737,8.475027,1.224177,-1.188514,0.2295893,4.25449,0.2335939,0.02224588,2.44,166
"20210710101720",527.524,95.75046,285.4242,401.5041,14.168,993.3135,55.86859,9.818451,54.01915,101.4742,8.487862,1.225606,-1.192495,0.2256925,4.259674,0.2338478,0.01248527,2.37,183
"20210710101740",527.526,95.67321,285.5272,401.302,14.17122,993.0898,55.84208,9.882229,50.77061,101.4701,8.487893,1.224617,-1.191485,0.2224122,4.258715,0.2337369,0.01713967,2.11,172
"20210710101800",527.7056,95.7905,285.777,401.4805,14.17687,994.2416,55.86912,9.847824,50.80302,101.4701,8.490784,1.226118,-1.188893,0.2246262,4.263655,0.2338501,0.01737428,2.07,166
"20210710101820",528.0293,95.91098,286.1248,401.5142,14.18614,995.6354,55.87932,9.823799,50.83469,101.4697,8.49599,1.227661,-1.185373,0.2243868,4.269631,0.2338928,0.01550198,2.03,177
"20210710101840",528.6708,96.03409,286.0365,401.5974,14.20045,996.1712,55.89005,9.856876,52.4774,101.4697,8.506314,1.229236,-1.187326,0.2244779,4.271929,0.2339377,0.01527667,2.64,177
"20210710101900",528.718,95.8937,285.5537,400.9531,14.20509,995.3438,55.92371,9.923294,50.93292,101.4715,8.507073,1.227439,-1.193322,0.2144802,4.268381,0.2340785,0.01482439,2.56,178
"20210710101920",529.0234,95.84876,285.6505,401.2409,14.20811,996.6429,55.94967,9.87307,50.46859,101.4737,8.511988,1.226864,-1.192371,0.218536,4.273952,0.2341872,0.01618457,1.83,187
"20210710101940",529.1543,95.89742,285.7862,401.835,14.21517,995.8182,55.93431,9.872802,51.58952,101.4695,8.514093,1.227487,-1.191218,0.226842,4.270416,0.2341229,0.01211476,1.97,178
"20210710102000",529.5888,96.01537,285.6436,401.9948,14.22222,997.2018,55.96577,9.899551,51.34002,101.4685,8.521083,1.228997,-1.19335,0.228664,4.276348,0.2342546,0.01091433,1.64,175
"20210710102020",530.0791,96.19767,286.3419,402.9895,14.2317,1000.677,55.99208,9.879795,50.98897,101.4685,8.528973,1.23133,-1.185705,0.2427631,4.291253,0.2343648,0.01613855,2,196
"20210710102040",530.6332,96.40026,286.0864,402.6758,14.24299,999.5605,56.01118,9.876232,51.04896,101.4677,8.537889,1.233923,-1.18944,0.237169,4.286464,0.2344447,0.02125263,1.94,164
"20210710102100",530.8325,96.18194,285.9857,402.9011,14.24964,1000.424,56.03249,9.892048,51.10387,101.4683,8.541096,1.231129,-1.191053,0.2399999,4.290167,0.2345339,0.02419829,2.02,164
"20210710102120",531.3378,96.15048,285.8209,402.7806,14.25448,1000.308,56.08702,9.91341,50.94269,101.4722,8.549225,1.230726,-1.193308,0.2378096,4.289668,0.2347621,0.008783818,2.05,194
"20210710102140",531.4886,96.33083,286.0113,402.7803,14.25407,1000.5,56.08871,9.897182,50.49169,101.4709,8.551651,1.233035,-1.191031,0.2378389,4.290494,0.2347692,0.01296639,1.9,183
"20210710102200",531.5959,96.44854,285.8972,403.2399,14.26375,1002.12,56.0696,9.897068,51.69859,101.4675,8.553378,1.234541,-1.192996,0.2439241,4.29744,0.2346892,0.02009296,1.59,194
"20210710102220",531.896,96.6665,286.2756,403.7038,14.26617,1004.251,56.07604,9.948978,50.98852,101.4671,8.558206,1.237331,-1.188681,0.2506612,4.30658,0.2347162,0.01566768,1.47,184
"20210710102240",532.3295,96.79692,286.1101,403.796,14.2702,1003.772,56.11294,9.962765,51.29072,101.4676,8.565182,1.239001,-1.190892,0.2517146,4.304524,0.2348706,0.0104835,1.85,162
"20210710102300",532.7304,96.92748,286.3803,403.6862,14.27887,1002.3,56.15087,9.955788,49.68783,101.4672,8.571631,1.240672,-1.188251,0.249377,4.298213,0.2350294,0.006458521,1.4,158
"20210710102320",533.1222,97.05402,286.5341,404.9737,14.29439,1004.842,56.15476,9.968285,52.23858,101.4708,8.577937,1.242291,-1.187422,0.2673623,4.309112,0.2350457,0.006373167,1.52,206
"20210710102340",533.8298,97.20746,286.3776,404.8978,14.31657,1004.867,56.1831,10.0226,51.77656,101.4707,8.589321,1.244256,-1.190681,0.2644464,4.309218,0.2351643,0.02229357,2.14,172
"20210710102400",534.3192,97.0367,286.4817,405.0275,14.33612,1006.128,56.18203,10.07751,52.94902,101.4669,8.597197,1.24207,-1.190697,0.2648073,4.314628,0.2351598,0.0137744,1.67,216
"20210710102420",534.6959,97.09379,286.1332,404.3675,14.3462,1006.156,56.15728,10.19977,52.54932,101.4684,8.603258,1.242801,-1.195453,0.2541367,4.314747,0.2350562,0.008868456,1.75,205
"20210710102440",534.7175,97.04638,286.4934,404.3756,14.34963,1007.818,56.22307,10.21743,50.55678,101.4679,8.603606,1.242194,-1.191419,0.2539801,4.321875,0.2353316,0.01587749,1.43,175
"20210710102500",535.1473,97.29562,286.5377,405.6431,14.36172,1009.122,56.17593,10.17498,50.43746,101.4672,8.61052,1.245384,-1.191665,0.2719431,4.327466,0.2351343,0.01616669,1.13,224
"20210710102520",535.3689,97.51153,286.7667,406.1581,14.37886,1007.79,56.13591,10.17658,51.58579,101.4673,8.614086,1.248148,-1.19005,0.2782584,4.321752,0.2349668,0.01717377,1.28,194
"20210710102540",535.8953,97.74532,286.5308,406.1693,14.40869,1008.468,56.19464,10.25465,54.2817,101.4715,8.622556,1.25114,-1.194737,0.2760215,4.324661,0.2352126,0.01664281,2.33,218
"20210710102600",536.162,97.55502,286.3384,404.8241,14.41857,1009.473,56.17698,10.30879,52.87166,101.468,8.626846,1.248704,-1.197639,0.2551275,4.328973,0.2351387,0.009144068,2.34,210
"20210710102620",536.3166,97.13864,286.8295,404.5463,14.4226,1009.837,56.17163,10.27654,52.49554,101.4672,8.629334,1.243375,-1.192095,0.2506536,4.330531,0.2351163,0.02158713,1.6,192
"20210710102640",536.644,97.07586,286.8576,404.5532,14.44498,1009.789,56.19492,10.35214,53.54219,101.4661,8.634602,1.242571,-1.193188,0.2489535,4.330329,0.2352138,0.01801801,3,193
"20210710102700",537.0506,97.00482,286.1457,403.5595,14.45929,1010.781,56.22646,10.3675,52.21202,101.4688,8.641145,1.241662,-1.202509,0.2329532,4.334582,0.2353458,0.003650665,2.08,181
"20210710102720",537.0986,96.90358,286.2777,403.5821,14.4609,1011.198,56.21289,10.34177,48.93752,101.4688,8.641916,1.240366,-1.201052,0.2331605,4.336371,0.235289,0.01401329,1.72,173
"20210710102740",537.6232,97.01934,286.3422,403.7496,14.46392,1012.986,56.26676,10.28248,48.72905,101.4727,8.650358,1.241848,-1.200483,0.2354196,4.344038,0.2355145,0.01237941,1.61,162
"20210710102800",537.9789,97.24866,286.6259,404.8667,14.46957,1012.206,56.25248,10.20188,48.68068,101.4725,8.65608,1.244783,-1.197493,0.2516549,4.340691,0.2354547,0.008853912,0.98,207
"20210710102820",538.3021,97.52953,286.6806,405.958,14.474,1014.122,56.30332,10.18405,51.8506,101.4682,8.661281,1.248378,-1.197129,0.2676007,4.348909,0.2356675,0.0161047,1.18,190
"20210710102840",539.0411,97.7731,286.7953,405.8345,14.47259,1016.005,56.33925,10.20711,50.30066,101.4681,8.673172,1.251496,-1.195684,0.2658704,4.356981,0.2358179,0.007799626,1.29,195
"20210710102900",539.4333,97.99267,287.1206,406.3167,14.48449,1014.195,56.38416,10.17575,51.82496,101.4692,8.679482,1.254306,-1.192601,0.2721148,4.349222,0.2360059,0.01412416,1.93,176
"20210710102920",540.0904,98.21022,286.6988,405.5866,14.50344,1017.734,56.40067,10.27057,52.9245,101.4695,8.690056,1.257091,-1.198791,0.2596769,4.364398,0.236075,0.01959062,1.44,219
"20210710102940",540.4116,98.21691,286.519,405.1942,14.51613,1017.457,56.45854,10.32835,51.77047,101.4717,8.695223,1.257177,-1.201723,0.2527911,4.363211,0.2363172,0.009011269,1.58,199
"20210710103000",540.5494,98.12606,286.8097,405.2261,14.52198,1019.143,56.39944,10.32945,51.35237,101.4745,8.69744,1.256014,-1.198663,0.2527981,4.370438,0.2360698,0.01307845,2.33,163
"20210710103020",540.8963,97.87517,286.7615,404.7257,14.53871,1018.365,56.47998,10.33922,53.28313,101.4701,8.703021,1.252802,-1.2003,0.2439709,4.367104,0.2364069,0.01708698,2.48,184
"20210710103040",541.0498,97.6085,286.5313,404.1813,14.54617,1019.778,56.51156,10.37444,51.53839,101.4718,8.70549,1.249389,-1.203493,0.2352366,4.373163,0.2365391,0.007678509,2.19,193
"20210710103100",541.181,97.69514,286.6572,404.4187,14.54456,1020.67,56.49071,10.32281,48.96393,101.4723,8.707602,1.250498,-1.201903,0.238914,4.37699,0.2364518,0.01923585,1.91,151
"20210710103120",541.1705,97.76548,286.8316,405.0251,14.54637,1019.528,56.49951,10.28699,49.85556,101.4722,8.707434,1.251398,-1.19996,0.2478256,4.372093,0.2364887,0.01031137,1.4,185
"20210710103140",541.2052,97.72634,286.8115,405.3876,14.54678,1018.597,56.5292,10.23116,51.86546,101.4761,8.707993,1.250897,-1.200224,0.2532096,4.3681,0.236613,0.01069117,1.94,204
"20210710103200",541.2687,97.7873,286.9536,405.7728,14.54254,1021.373,56.50701,10.19587,49.98655,101.4731,8.709013,1.251678,-1.198274,0.2593065,4.380004,0.2365201,0.008895158,1.4,214
"20210710103220",541.5355,98.083,286.7578,405.987,14.53549,1021.826,56.58372,10.18815,49.19419,101.4716,8.713306,1.255462,-1.200138,0.2630748,4.381948,0.2368411,0.0160768,1.06,224
"20210710103240",541.348,98.40458,287.0797,406.7253,14.52682,1021.73,56.56864,10.163,49.866,101.4711,8.710289,1.259579,-1.195782,0.2748045,4.381532,0.236778,0.01624775,1.11,218
"20210710103300",541.8242,98.60618,287.3377,406.9093,14.5367,1022.904,56.5902,10.16377,53.04227,101.4706,8.717952,1.262159,-1.193364,0.2767589,4.38657,0.2368682,0.01726127,2.28,183
"20210710103320",542.4102,98.67646,286.8775,406.1566,14.54718,1023.093,56.6636,10.24308,54.1582,101.4717,8.72738,1.263059,-1.199469,0.2646662,4.38738,0.2371755,0.009591818,2.7,208
"20210710103340",542.6039,98.39414,286.7485,404.7062,14.53891,1023.826,56.62112,10.28279,51.0881,101.476,8.730497,1.259445,-1.200465,0.243664,4.390524,0.2369977,0.01848912,2.39,200
"20210710103400",542.907,98.23979,286.7639,404.344,14.53488,1023.859,56.69303,10.24742,51.97816,101.4751,8.735374,1.257469,-1.200026,0.238579,4.390665,0.2372987,0.01567411,2.57,202
"20210710103420",543.0661,98.08486,286.7651,403.8351,14.51714,1025.393,56.7565,10.17671,50.16533,101.4711,8.737933,1.255486,-1.198881,0.2324058,4.397243,0.2375644,0.01004362,2.25,206
"20210710103440",543.1844,98.01697,286.8588,403.9504,14.49981,1024.99,56.80509,10.12153,50.64465,101.4713,8.739838,1.254617,-1.19667,0.2355255,4.395514,0.2377677,0.01449347,1.96,205
"20210710103500",543.791,98.10381,286.8246,404.3725,14.48973,1027.056,56.85471,10.03035,51.26392,101.4715,8.749598,1.255729,-1.196429,0.2426473,4.404374,0.2379754,0.01205897,1.82,209
"20210710103520",543.758,98.03888,287.0542,404.9444,14.46876,1028.517,56.70494,10.01588,50.83869,101.4707,8.749067,1.254898,-1.192382,0.2528809,4.41064,0.2373486,0.01419377,1.28,230
"20210710103540",544.3355,98.34359,287.4232,406.0612,14.46997,1029.169,56.78601,10.00922,55.46612,101.472,8.758358,1.258798,-1.188102,0.2694684,4.413434,0.2376879,0.01933002,2.15,189
"20210710103600",545.1874,98.51882,287.2937,405.6172,14.48449,1028.202,56.82636,10.17909,57.52415,101.4743,8.772066,1.261041,-1.190556,0.2616632,4.409286,0.2378568,0.01104617,2.52,160
"20210710103620",545.67,98.35546,286.6156,403.8129,14.49477,1028.774,56.88328,10.28848,53.36228,101.4718,8.77983,1.25895,-1.199221,0.2338774,4.411741,0.238095,0.007244826,3.19,166
"20210710103640",545.7137,98.15366,286.7253,403.4538,14.49215,1030.428,56.9029,10.33725,50.72026,101.471,8.780533,1.256367,-1.197758,0.2287246,4.418832,0.2381772,0.01404429,1.92,179
"20210710103700",546.3426,98.22314,286.6597,403.9787,14.50706,1030.319,56.87838,10.30954,52.66845,101.4708,8.790654,1.257256,-1.199483,0.2353654,4.418366,0.2380745,0.01321387,2.06,186
"20210710103720",546.4268,98.13233,287.0365,404.2819,14.50142,1032.074,56.8858,10.19547,50.15571,101.471,8.792006,1.256094,-1.194674,0.2403475,4.425893,0.2381056,0.008897782,1.86,168
"20210710103740",546.8744,98.07758,286.7709,405.0168,14.50243,1033.705,56.9318,10.13523,51.62012,101.4708,8.79921,1.255393,-1.197875,0.2512466,4.432886,0.2382981,0.0174551,1.65,178
"20210710103800",547.1598,98.19753,286.9313,405.6939,14.49759,1032.131,56.93774,10.09779,50.37783,101.4748,8.803801,1.256928,-1.195671,0.2617542,4.426138,0.238323,0.01465488,1.67,143
"20210710103820",547.3856,98.44074,287.5162,405.5015,14.49336,1035.604,56.98755,10.05051,51.12842,101.4721,8.807435,1.260042,-1.188493,0.2592213,4.441029,0.2385315,0.01497674,1.69,181
"20210710103840",548.0168,98.56884,287.666,406.5138,14.50384,1035.078,57.00162,10.10318,55.0487,101.4692,8.81759,1.261681,-1.187393,0.273498,4.438774,0.2385903,0.01359963,3.18,204
"20210710103900",548.6016,98.32802,286.9925,405.0359,14.50283,1035.343,57.03445,10.23591,53.33642,101.4692,8.826998,1.258599,-1.195283,0.2514996,4.439913,0.2387278,0.01880765,3.3,203
"20210710103920",548.4827,98.23163,286.9743,403.957,14.49517,1035.85,57.04157,10.13969,49.83812,101.4704,8.825086,1.257365,-1.19501,0.235999,4.442084,0.2387576,0.01436973,1.72,199
"20210710103940",548.8333,98.41606,287.272,405.3937,14.49416,1035.558,57.04159,10.05876,52.1779,101.4695,8.830729,1.259726,-1.19143,0.2575444,4.440834,0.2387576,0.01186562,1.38,222
"20210710104000",549.2985,98.74223,287.5665,406.8434,14.50323,1036.433,57.02567,10.05289,54.03572,101.4726,8.838212,1.263901,-1.188529,0.2784711,4.444586,0.238691,0.02616096,1.89,197
"20210710104020",550.2613,98.97221,287.0393,406.1648,14.52279,1036.315,57.05635,10.21432,55.41956,101.473,8.853705,1.266844,-1.196003,0.2667565,4.444078,0.2388194,0.00265789,2.25,191
"20210710104040",550.3327,99.12903,287.3879,405.9544,14.52763,1038.253,57.1045,10.2404,52.08914,101.4681,8.854854,1.268852,-1.192193,0.2632236,4.452392,0.239021,0.0218327,2.3,212
"20210710104100",550.6535,99.0462,286.9513,404.5304,14.53226,1039.466,57.15457,10.31682,51.67382,101.4687,8.860015,1.267791,-1.197645,0.2415761,4.45759,0.2392305,0.01825786,2.91,198
"20210710104120",550.7806,98.89867,287.0365,404.1527,14.53549,1039.466,57.14711,10.2228,52.0871,101.4694,8.862061,1.265903,-1.196845,0.2356709,4.457593,0.2391993,0.01176643,1.94,188
"20210710104140",551.149,98.98513,287.0125,404.8529,14.54335,1039.582,57.20567,10.18763,51.99053,101.47,8.867989,1.26701,-1.197629,0.2454991,4.458088,0.2394444,0.01200628,1.67,188
"20210710104200",551.451,99.1074,287.4227,405.7914,14.54375,1040.496,57.17817,10.14434,50.50556,101.4692,8.872847,1.268575,-1.192812,0.2594856,4.46201,0.2393293,0.01637507,1.46,188
"20210710104220",551.9639,99.23574,287.7022,406.6336,14.55524,1041.1,57.19175,10.15735,55.3622,101.4729,8.881098,1.270217,-1.190244,0.2711418,4.464597,0.2393862,0.02137804,1.97,191
"20210710104240",552.4024,99.34057,287.6308,405.8676,14.56875,1043.528,57.18742,10.23972,53.66812,101.4705,8.888154,1.271559,-1.191949,0.2586068,4.47501,0.2393681,0.01470757,2.27,164
"20210710104300",552.8844,99.15551,287.2513,405.355,14.5756,1043.417,57.21572,10.33217,54.0016,101.4695,8.89591,1.269191,-1.196867,0.2503972,4.474537,0.2394865,0.01611614,2.71,199
"20210710104320",553.2031,99.01889,287.2921,404.5478,14.56552,1044.697,57.21598,10.30381,50.64292,101.469,8.901038,1.267442,-1.195743,0.2391503,4.480026,0.2394876,0.01325321,1.88,214
"20210710104340",553.4344,99.01249,287.2936,404.889,14.54879,1044.478,57.25496,10.18889,50.0627,101.4694,8.904759,1.26736,-1.194658,0.2455983,4.479087,0.2396507,0.01708984,1.94,221
"20210710104400",553.6716,99.0423,287.4894,405.7114,14.54073,1046.705,57.3349,10.08965,51.32744,101.4698,8.908575,1.267741,-1.191831,0.2585351,4.488636,0.2399854,0.02387476,1.64,198
"20210710104420",554.2458,99.2453,288.0041,406.808,14.54617,1046.385,57.34663,10.10126,54.60862,101.4739,8.917814,1.27034,-1.1861,0.2744802,4.487264,0.2400345,0.01463103,2.62,186
"20210710104440",554.7881,99.39322,287.8361,406.1868,14.55585,1047.977,57.30292,10.13977,53.58392,101.4733,8.92654,1.272233,-1.188701,0.2644175,4.494092,0.2398515,0.01538706,2.41,148
"20210710104500",555.2124,99.21682,287.4436,405.64,14.54899,1048.108,57.36132,10.18935,50.6057,101.469,8.933366,1.269975,-1.192898,0.2568015,4.494654,0.2400959,0.01708722,1.81,131
"20210710104520",555.3637,99.19998,287.636,406.1413,14.54234,1049.02,57.38068,10.13412,49.64663,101.4685,8.935802,1.26976,-1.190201,0.2648286,4.498565,0.240177,0.01135254,1.54,139
"20210710104540",555.5938,99.40732,288.0125,407.1697,14.54738,1050.657,57.39655,10.09949,50.168,101.4689,8.939504,1.272414,-1.186079,0.279785,4.505585,0.2402434,0.01260638,1.25,143
"20210710104600",556.3693,99.77586,288.038,408.2935,14.5631,1050.931,57.41874,10.10671,54.55402,101.469,8.951982,1.277131,-1.186779,0.2953057,4.506758,0.2403363,0.01764894,1.98,195
"20210710104620",556.7395,99.76178,287.7054,407.144,14.56835,1051.805,57.42694,10.19089,54.10923,101.4697,8.957938,1.276951,-1.191043,0.2777087,4.510505,0.2403706,0.01503921,2.63,156
"20210710104640",557.1677,99.35713,287.6613,406.2156,14.56552,1053.688,57.46808,10.246,51.07506,101.4741,8.964829,1.271771,-1.191382,0.264067,4.51858,0.2405428,0.0004045963,2.16,144
"20210710104700",557.7406,99.179,288.2388,407.669,14.56915,1054.284,57.42124,10.27277,52.34406,101.4711,8.974046,1.269491,-1.184794,0.2854883,4.521135,0.2403467,0.01855707,1.06,176
"20210710104720",558.773,99.61867,287.9714,408.3671,14.59576,1054.925,57.45746,10.36209,57.26019,101.4712,8.990657,1.275119,-1.189649,0.2937691,4.523887,0.2404983,0.01591277,2.31,191
"20210710104740",559.0367,99.76389,287.9347,407.048,14.60302,1054.808,57.46502,10.4039,52.57078,101.4704,8.994901,1.276978,-1.190547,0.2734756,4.523383,0.24053,0.01766658,1.78,182
"20210710104800",559.7221,99.8253,288.4826,408.3155,14.62479,1055.991,57.39408,10.40767,55.28498,101.4705,9.005929,1.277764,-1.185464,0.2906559,4.528456,0.2402331,0.02069688,1.71,192
"20210710104820",560.3452,99.95437,287.7974,407.2745,14.64051,1057.825,57.45104,10.50305,53.67129,101.4708,9.015955,1.279416,-1.19456,0.2738341,4.536323,0.2404715,0.01495504,1.95,216
"20210710104840",560.6656,99.82713,288.1302,407.4474,14.64313,1059.633,57.52425,10.50316,53.26912,101.476,9.02111,1.277787,-1.190798,0.2762046,4.544077,0.2407779,0.02208734,1.73,224
"20210710104900",560.9421,99.98317,288.0505,407.7358,14.64455,1059.302,57.42224,10.47366,51.23029,101.4748,9.025558,1.279785,-1.191829,0.2803995,4.542657,0.2403509,0.01005912,1.31,210
"20210710104920",561.4005,100.2392,288.5779,408.5675,14.64958,1058.818,57.5299,10.45261,52.48664,101.4733,9.032934,1.283062,-1.185923,0.2924167,4.540582,0.2408016,0.01122189,1.87,210
"20210710104940",562.4242,100.4105,288.0941,407.6422,14.66652,1062.2,57.66057,10.45083,53.66294,101.4724,9.049406,1.285255,-1.192716,0.2772276,4.555084,0.2413485,0.0193851,2.34,197
"20210710105000",563.2155,100.3369,288.135,406.304,14.65906,1063.758,57.63548,10.37397,50.60997,101.474,9.062138,1.284312,-1.191757,0.2578354,4.561767,0.2412435,0.0107379,1.93,201
"20210710105020",564.1285,100.4828,288.4769,406.4419,14.64696,1065.245,57.74183,10.27752,51.19498,101.4735,9.076827,1.28618,-1.186948,0.2608724,4.56814,0.2416886,0.01954365,1.97,187
"20210710105040",565.3273,100.6993,288.1131,406.7952,14.65886,1068.906,57.82314,10.23882,54.64856,101.4771,9.096116,1.288952,-1.192002,0.2651916,4.58384,0.2420289,0.008602142,2.73,187
"20210710105100",566.9256,100.9204,287.9899,406.0964,14.65624,1071.239,57.96919,10.28401,53.35951,101.4785,9.121833,1.291782,-1.193292,0.2549604,4.593847,0.2426403,0.01338768,2.7,167
"20210710105120",568.9264,101.2398,288.1402,405.8516,14.65986,1074.886,58.14731,10.27688,52.54288,101.4754,9.154025,1.295869,-1.191747,0.2510126,4.609486,0.2433858,0.01649189,2.71,185
"20210710105140",572.2872,101.6554,288.3817,406.355,14.65543,1082.883,58.53679,10.22294,52.05002,101.4746,9.208102,1.301189,-1.188613,0.2588904,4.64378,0.2450161,0.01889563,1.7,195
"20210710105200",556.3087,98.18637,288.0973,407.0496,14.66732,1063.834,57.51152,10.25714,55.58024,101.4752,8.951007,1.256786,-1.192732,0.2683079,4.562089,0.2407246,0.0156076,1.42,164
"20210710105220",536.3653,94.68879,288.4812,406.8044,14.66067,977.0341,52.67858,10.27573,52.37643,101.4749,8.630118,1.212017,-1.187772,0.2651817,4.189863,0.2204955,0.01751852,1.57,195
"20210710105240",539.3516,95.36363,288.5704,407.0127,14.66833,1010.045,54.58028,10.3342,54.13784,101.4748,8.678168,1.220655,-1.187208,0.2676745,4.331426,0.2284554,0.01202726,1.61,196
"20210710105300",556.1248,98.92361,288.591,406.4816,14.67075,1075.433,58.15526,10.3265,53.59309,101.4796,8.948049,1.266222,-1.187119,0.2595457,4.611831,0.2434191,0.01106072,1.9,187
"20210710105320",573.364,102.512,289.2458,407.7226,14.68728,1075.622,58.19861,10.37679,55.22642,101.477,9.225426,1.312154,-1.180442,0.2767494,4.61264,0.2436006,0.009699822,2.04,193
"20210710105340",535.1132,94.56796,288.5386,406.6561,14.70099,974.6552,52.75927,10.45344,54.0123,101.4762,8.609971,1.21047,-1.189669,0.2597085,4.179661,0.2208332,0.01733017,2.28,158
"20210710105400",528.6022,93.62311,288.1593,405.6046,14.70119,988.3367,53.69596,10.50192,51.84196,101.476,8.505209,1.198376,-1.194163,0.2439807,4.238332,0.2247539,0.01700044,1.84,154
"20210710105420",480.5924,83.46462,288.0219,405.9329,14.69595,904.7988,49.00904,10.4562,52.0167,101.4762,7.732732,1.068347,-1.19545,0.2493101,3.880092,0.205136,-0.006125212,1.73,144
"20210710105440",458.6633,78.41431,288.7004,405.7979,14.6893,770.2956,41.2127,10.42497,52.178,101.4757,7.379892,1.003703,-1.187013,0.2478306,3.303296,0.172503,0.01650405,1.17,162
"20210710105500",476.05,83.3859,288.6266,405.8656,14.6893,934.3104,50.28952,10.40817,55.1589,101.4804,7.659645,1.06734,-1.187884,0.2488432,4.006648,0.2104957,0.01865602,1.7,192
"20210710105520",411.3471,70.63646,288.0581,405.3982,14.70341,766.6621,41.75907,10.47992,55.9381,101.4806,6.618575,0.9041468,-1.195499,0.2407209,3.287714,0.17479,0.01307368,2.27,164
"20210710105540",487.944,86.03967,287.8452,403.7888,14.70038,1012.407,54.72453,10.52155,53.61909,101.4765,7.851019,1.101308,-1.197819,0.2169201,4.341556,0.2290592,0.009733677,2.35,199
"20210710105600",507.5673,89.1367,288.0003,404.197,14.69978,1067.976,57.52811,10.49373,52.2075,101.477,8.166758,1.14095,-1.195949,0.2230688,4.579855,0.2407941,0.01094198,1.93,189
"20210710105620",489.0828,85.19614,288.1707,404.7678,14.69555,1011.349,53.82244,10.40011,52.648,101.477,7.869342,1.090511,-1.193667,0.231936,4.337018,0.2252833,0.0003714561,1.27,157
"20210710105640",539.1722,95.28749,288.5614,406.032,14.69736,982.2429,53.20892,10.35631,55.14411,101.4767,8.675281,1.21968,-1.189168,0.2506771,4.2122,0.2227153,0.01697063,2.5,196
"20210710105700",491.2584,85.23649,288.3509,405.368,14.69272,864.6578,46.7726,10.35932,55.61393,101.4774,7.904348,1.091027,-1.191359,0.2411312,3.707954,0.195775,0.01389408,2.25,199
"20210710105720",433.0956,74.07386,287.8314,403.4756,14.67176,701.9009,37.68286,10.3356,52.81866,101.4818,6.968508,0.9481456,-1.196153,0.2145536,3.009995,0.1577283,0.01609278,1.42,174
"20210710105740",510.7834,90.06214,287.8655,403.4309,14.65724,1037.099,55.78226,10.26662,53.2815,101.4777,8.218506,1.152795,-1.194825,0.2150572,4.44744,0.2334865,0.01044989,2.04,179
"20210710105800",535.1779,93.59617,288.5797,405.2005,14.65543,948.4981,50.90612,10.2299,52.42812,101.4779,8.611013,1.198031,-1.186274,0.2416429,4.06749,0.2130765,0.008663178,2.08,168
"20210710105820",419.0904,70.1294,287.7634,403.6804,14.63144,777.0282,41.514,10.16451,52.53151,101.4773,6.743165,0.8976564,-1.194382,0.2208711,3.332168,0.1737642,0.01318216,1.81,200
"20210710105840",528.0635,93.14793,288.6408,404.2568,14.60564,944.8361,50.90863,10.10178,52.69447,101.4786,8.496541,1.192293,-1.182375,0.2315629,4.051786,0.2130871,0.02073741,1.7,191
"20210710105900",499.225,86.34506,287.8613,404.4365,14.60725,1021.955,55.24341,10.11454,57.83195,101.479,8.03253,1.105217,-1.191682,0.2341199,4.3825,0.231231,0.009449243,2.09,183
"20210710105920",480.1743,83.89659,288.0931,403.7388,14.59939,955.1592,51.85274,10.18006,55.204,101.4828,7.726005,1.073876,-1.188445,0.2243299,4.096056,0.2170388,0.01613188,2.09,171
"20210710105940",495.813,85.52133,287.7917,404.5992,14.61673,849.3692,45.63154,10.24102,57.64587,101.4842,7.977632,1.094673,-1.19311,0.2357844,3.642391,0.1909989,0.01673579,2.38,160
"20210710110000",458.8279,77.73111,287.802,403.1542,14.60423,830.0943,43.98778,10.3419,54.08074,101.4805,7.382541,0.9949582,-1.19219,0.2152059,3.559734,0.1841186,0.01808739,1.75,183
"20210710110020",437.8371,73.08554,287.0247,401.7816,14.59092,904.7878,48.09125,10.32573,54.44553,101.4827,7.044798,0.9354949,-1.20052,0.1957742,3.880046,0.2012944,0.01004744,2.62,153
"20210710110040",369.4744,60.58796,286.7755,400.341,14.56452,813.4399,43.41934,10.28663,51.50673,101.4858,5.944843,0.7755258,-1.201779,0.1763812,3.488314,0.1817393,0.007257462,2.19,157
"20210710110100",421.0279,70.16442,286.9262,399.7409,14.53569,940.8246,50.23565,10.23197,51.54684,101.4829,6.774339,0.8981046,-1.198159,0.1697445,4.034584,0.2102702,0.008648872,2.16,159
"20210710110120",423.0768,70.76226,286.9167,400.1032,14.51755,930.6296,49.69902,10.18911,52.76943,101.483,6.807306,0.9057568,-1.197116,0.1766192,3.990864,0.208024,0.01199603,1.92,166
"20210710110140",453.3699,77.1054,287.1448,401.4996,14.50928,920.0676,49.37313,10.17656,52.71075,101.4831,7.294721,0.9869491,-1.193896,0.1981477,3.94557,0.20666,0.01310039,1.27,168
"20210710110200",406.6871,67.29591,287.3176,402.3026,14.49698,747.6836,39.74721,10.09224,51.47598,101.4831,6.543595,0.8613877,-1.19107,0.2111371,3.206328,0.166369,0.01265574,1.07,185
"20210710110220",505.3336,88.19332,287.8869,402.7265,14.48368,1038.827,55.86447,10.11093,54.2464,101.4846,8.130818,1.128875,-1.183499,0.2185422,4.454854,0.2338306,0.0166018,1.76,175
"20210710110240",493.8861,85.81746,287.5538,403.3476,14.4865,947.3431,51.04464,10.08624,53.26464,101.4887,7.946627,1.098464,-1.187613,0.2275938,4.062538,0.2136564,0.005568266,1.44,170
"20210710110300",466.6146,81.1097,287.4644,403.6831,14.47662,936.2022,50.62035,10.12238,52.11766,101.4873,7.50783,1.038204,-1.188039,0.2334026,4.014761,0.2118804,-0.002825022,0.45,162
"20210710110320",516.1511,90.8661,288.132,405.2474,14.48549,1031.801,55.38125,10.14817,54.27534,101.4843,8.304871,1.163086,-1.18072,0.256057,4.424722,0.231808,0.01634884,1.13,154
"20210710110340",575.6082,102.6113,288.74,407.342,14.50908,1107.94,59.40964,10.20126,55.75942,101.4847,9.261536,1.313424,-1.175042,0.2854507,4.751231,0.2486695,0.01496887,1.43,170
"20210710110400",578.2847,103.3621,288.8388,407.6962,14.53508,1100.764,59.20072,10.22726,55.87912,101.4868,9.304601,1.323035,-1.175535,0.2886432,4.72046,0.247795,0.01071787,1.29,191
"20210710110420",585.0879,104.7519,289.1678,409.1405,14.58649,1102.083,59.2885,10.32574,58.24563,101.4864,9.414065,1.340825,-1.174928,0.3060737,4.726117,0.2481625,0.01310372,1.46,192
"20210710110440",584.0546,104.5577,288.6897,408.7094,14.63366,1105.388,59.2382,10.43358,57.24203,101.4897,9.397438,1.338339,-1.183586,0.2958221,4.740287,0.2479519,0.00727582,1.5,192
"20210710110500",582.2175,103.877,288.1531,407.9446,14.66208,1100.347,59.0904,10.54513,55.03628,101.4904,9.367879,1.329625,-1.191737,0.2821026,4.71867,0.2473333,0.0156877,2.17,196
"20210710110520",580.1446,103.0924,288.0648,407.4057,14.6768,1093.662,58.69718,10.51415,52.44027,101.486,9.334527,1.319583,-1.193719,0.2728631,4.690004,0.2456874,0.01080298,0.87,194
"20210710110540",577.2439,102.6974,288.1476,408.0794,14.69131,1090.953,58.51063,10.49693,52.16202,101.4867,9.287854,1.314527,-1.193669,0.2817543,4.678387,0.2449066,0.007863283,0.86,167
"20210710110600",575.4654,102.5022,288.7775,409.1366,14.702,1087.841,58.4637,10.43971,52.41984,101.4866,9.259239,1.312028,-1.186913,0.2966855,4.665042,0.2447101,0.02251768,1.41,214
"20210710110620",574.5472,102.1049,288.4274,408.517,14.70401,1086.324,58.37368,10.41475,53.28759,101.4857,9.244464,1.306942,-1.191176,0.2872668,4.658536,0.2443333,0.00740385,1.75,211
"20210710110640",574.1464,101.9199,288.3974,408.325,14.71127,1083.986,58.37878,10.40414,55.96444,101.4861,9.238014,1.304575,-1.191995,0.2838098,4.648508,0.2443547,0.002381563,1.8,221
"20210710110700",573.4111,101.6681,288.451,408.5342,14.71873,1082.936,58.3054,10.41705,56.26761,101.4892,9.226186,1.301352,-1.191837,0.2863328,4.644005,0.2440476,0.009426117,1.97,234
"20210710110720",572.8878,101.3788,288.7191,408.6469,14.72054,1084.288,58.26,10.45704,56.20189,101.4852,9.217765,1.297649,-1.188787,0.2878706,4.649804,0.2438575,0.01322937,1.23,220
"20210710110740",572.222,101.3248,289.012,409.2208,14.73102,1083.214,58.18902,10.51368,55.58374,101.4846,9.207051,1.296957,-1.185998,0.2955983,4.645199,0.2435604,0.0159018,1.72,211
"20210710110800",572.4887,101.292,288.724,409.2654,14.74836,1084.17,58.19682,10.52695,55.58435,101.4847,9.211344,1.296538,-1.190507,0.2948625,4.6493,0.2435931,0.01377368,2.36,147
"20210710110820",572.6926,100.9737,288.2102,407.9444,14.73949,1084.325,58.24666,10.55054,52.21608,101.4853,9.214623,1.292463,-1.196009,0.2758421,4.649965,0.2438017,-0.0006549358,2.39,141
"20210710110840",572.8622,100.7,288.1935,407.4986,14.73848,1085.42,58.21524,10.46825,52.43602,101.485,9.217353,1.28896,-1.196142,0.2692632,4.654661,0.2436702,0.00805831,2.21,139
"20210710110900",572.8088,100.7395,288.2794,407.6741,14.72961,1088.867,58.2842,10.41888,50.68425,101.4877,9.216494,1.289465,-1.194559,0.2726037,4.669441,0.2439588,0.01858354,1.79,129
"20210710110920",573.1694,100.8738,288.4272,408.481,14.73788,1086.435,58.28546,10.39999,53.70666,101.4877,9.222296,1.291185,-1.193344,0.2839901,4.65901,0.2439641,0.01056099,1.41,140
"20210710110940",573.2532,101.266,288.598,409.3413,14.7409,1086.079,58.30533,10.38676,51.68998,101.4863,9.223643,1.296205,-1.191519,0.2965984,4.657486,0.2440472,0.01472616,1.58,147
"20210710111000",573.8157,101.584,288.9315,409.8161,14.75038,1089.108,58.33831,10.36293,52.07964,101.4875,9.232694,1.300276,-1.188185,0.302927,4.670473,0.2441853,0.01386929,2.03,157
"20210710111020",574.3016,101.4352,288.7863,408.4976,14.74816,1088.218,58.37411,10.38447,52.93891,101.4864,9.240514,1.298371,-1.189758,0.2834065,4.666658,0.2443351,0.009647846,2.19,169
"20210710111040",574.7668,101.4422,288.5878,408.3569,14.75642,1089.849,58.37573,10.3854,53.5181,101.4872,9.247998,1.29846,-1.192633,0.2806359,4.673652,0.2443419,0.01575446,1.85,161
"20210710111100",574.9032,101.6836,288.7585,409.0669,14.76207,1090.219,58.37274,10.39677,52.80475,101.4876,9.250194,1.30155,-1.190975,0.2907882,4.67524,0.2443294,0.01465821,1.14,200
"20210710111120",575.3727,101.9679,288.9649,410.4855,14.7786,1090.633,58.43238,10.41064,55.85004,101.4876,9.257746,1.30519,-1.189595,0.310645,4.677015,0.244579,0.01660156,1.5,133
"20210710111140",576.0173,102.1774,288.9808,410.6615,14.7917,1092.348,58.44506,10.47906,54.38443,101.4837,9.268118,1.307871,-1.190244,0.3122151,4.68437,0.2446321,0.02632666,1.64,177
"20210710111200",576.4428,102.1204,288.8517,410.0298,14.79956,1091.003,58.48566,10.50032,53.03279,101.4828,9.274966,1.307141,-1.192272,0.3021418,4.678602,0.244802,0.01803064,1.46,187
"20210710111220",576.8684,102.2774,289.11,410.4971,14.80823,1092.431,58.48251,10.52189,52.61536,101.4815,9.281813,1.309151,-1.189776,0.3084216,4.684725,0.2447889,0.01686502,1.27,187
"20210710111240",577.1962,102.4675,289.3519,411.1364,14.82779,1094.569,58.52294,10.48155,53.96927,101.4825,9.287086,1.311584,-1.18817,0.3163905,4.693892,0.2449581,0.02223396,1.55,170
"20210710111300",577.5309,102.3791,289.0123,409.7942,14.84169,1093.844,58.61695,10.55539,53.7032,101.4811,9.292472,1.310453,-1.193071,0.2952107,4.690784,0.2453516,0.01358008,2.4,162
"20210710111320",577.8522,102.3005,288.7868,408.9806,14.84936,1093.631,58.52372,10.54013,54.2581,101.486,9.297642,1.309446,-1.196224,0.2824371,4.68987,0.2449614,0.0136838,1.91,161
"20210710111340",577.7641,102.1352,289.155,409.8392,14.87193,1095.828,58.45697,10.56456,54.75905,101.4848,9.296225,1.30733,-1.193319,0.2934377,4.699293,0.244682,0.0104599,1.77,167
"20210710111400",578.5202,102.0432,288.5424,409.0457,14.88604,1095.693,58.5966,10.64328,53.41906,101.4819,9.30839,1.306153,-1.201458,0.2804382,4.698712,0.2452664,0.00890541,2.01,178
"20210710111420",579.04,101.9885,288.7733,409.6932,14.89653,1098.111,58.63834,10.63237,52.10758,101.4812,9.316754,1.305453,-1.199401,0.2892645,4.709083,0.2454411,0.009999275,1.75,186
"20210710111440",578.8002,101.849,289.0195,409.9627,14.90197,1097.127,58.56457,10.5783,52.77084,101.4811,9.312896,1.303667,-1.196843,0.2928483,4.704862,0.2451324,-0.002882481,1.96,195
"20210710111500",579.4251,101.8015,288.907,409.905,14.91265,1097.901,58.60456,10.54989,54.04161,101.4803,9.32295,1.303059,-1.198856,0.2911221,4.70818,0.2452997,0.007502794,1.25,178
"20210710111520",579.525,101.9045,289.1006,410.6535,14.9181,1099.003,58.63113,10.50714,53.61746,101.4836,9.324556,1.304378,-1.196918,0.3018647,4.71291,0.2454109,0.001679182,1.41,178
"20210710111540",579.4238,102.1325,289.5305,411.4966,14.9314,1097.923,58.62905,10.4987,54.12176,101.4851,9.32293,1.307296,-1.192693,0.3133824,4.708276,0.2454022,0.01396537,1.82,170
"20210710111600",579.7659,102.3007,289.48,411.6204,14.94087,1099.001,58.5923,10.52918,55.32469,101.4817,9.328433,1.309448,-1.193897,0.3144637,4.712901,0.2452484,0.01375818,1.77,159
"20210710111620",580.0442,102.3335,289.4505,411.415,14.94591,1100.167,58.61092,10.58056,54.5771,101.482,9.332911,1.309869,-1.194567,0.3109862,4.717901,0.2453263,0.03277349,0.91,153
"20210710111640",580.2341,102.419,289.4433,411.716,14.95942,1098.888,58.63346,10.62214,54.73202,101.4816,9.335967,1.310964,-1.195516,0.314391,4.712413,0.2454207,0.01618457,2.24,138
"20210710111700",580.0882,102.1386,289.3299,411.5095,14.96708,1100.416,58.68132,10.66931,55.32509,101.4811,9.333619,1.307374,-1.197346,0.3106844,4.718966,0.245621,0.0005738735,2.44,135
"20210710111720",580.4106,101.964,289.3707,411.1054,14.98059,1099.536,58.62734,10.75144,55.72073,101.483,9.338806,1.305139,-1.197731,0.3035511,4.715191,0.2453951,0.01224804,2.07,137
"20210710111740",580.6105,102.0271,289.6211,410.661,15.00195,1097.79,58.65344,10.78354,55.24189,101.4865,9.342024,1.305947,-1.196142,0.2951809,4.707706,0.2455043,-0.00020504,1.51,146
"20210710111800",580.9348,102.1932,289.6945,411.2438,15.02735,1101.139,58.65057,10.81537,56.08567,101.4864,9.347242,1.308072,-1.196903,0.3018287,4.722069,0.2454923,0.0138526,1.14,125
"20210710111820",581.1307,102.2679,289.8789,411.1256,15.04832,1100.504,58.70326,10.89602,55.38213,101.4845,9.350392,1.309029,-1.196069,0.2983635,4.719344,0.2457128,0.01228523,2.19,172
"20210710111840",581.2802,101.9114,289.3791,409.8684,15.06082,1103.89,58.76315,10.94746,54.45679,101.4844,9.352798,1.304466,-1.202774,0.278565,4.733867,0.2459636,0.0180552,2.76,156
"20210710111900",581.6673,101.5569,288.9443,409.2835,15.08098,1101.028,58.7013,10.98841,55.02288,101.4844,9.359027,1.299929,-1.209201,0.2681928,4.721592,0.2457047,0.007578373,2.73,140
"20210710111920",581.5452,101.1836,288.8989,408.7018,15.06989,1102.604,58.7553,10.95941,51.71987,101.4842,9.357062,1.29515,-1.209026,0.2604021,4.728351,0.2459307,0.01287484,2.44,137
"20210710111940",581.1557,100.9606,289.1422,409.1115,15.06465,1102.055,58.72106,10.84445,52.64439,101.4896,9.350794,1.292295,-1.205816,0.2669474,4.725996,0.2457874,0.009576559,2.11,135
"20210710112000",580.9556,100.7735,289.476,408.8837,15.05537,1104.063,58.7647,10.7939,51.50052,101.4887,9.347575,1.289901,-1.201281,0.264294,4.734606,0.24597,0.008900642,2.01,144
"20210710112020",581.0859,100.7603,289.0146,408.3953,15.04892,1103.432,58.78859,10.7292,50.84716,101.4849,9.349674,1.289732,-1.206315,0.2575223,4.731901,0.24607,0.01749635,2.09,144
"20210710112040",581.2986,100.7366,289.176,409.2274,15.03884,1101.088,58.77963,10.6896,52.99048,101.4857,9.353096,1.289428,-1.203764,0.2707714,4.721847,0.2460325,0.02897811,1.99,139
"20210710112100",581.3367,100.8957,289.1698,409.1493,15.02735,1105.058,58.77067,10.65657,52.93094,101.4845,9.353708,1.291465,-1.203099,0.2705368,4.738874,0.245995,-0.003416538,1.74,130
"20210710112120",581.2966,101.1183,289.2153,409.8299,15.01687,1105.169,58.75297,10.63998,52.78456,101.485,9.353062,1.294314,-1.201891,0.2815533,4.739351,0.2459209,-0.006361723,1.9,131
"20210710112140",581.6918,101.2274,289.6269,410.4532,15.0074,1106.268,58.79615,10.6265,53.86952,101.4857,9.359422,1.29571,-1.196422,0.2916361,4.744062,0.2461016,0.01513529,1.98,137
"20210710112200",582.0718,101.2957,289.4414,410.3226,15.01707,1105.83,58.79276,10.69123,55.49356,101.488,9.365534,1.296585,-1.199232,0.2888993,4.742186,0.2460875,0.00450182,3.77,160
"20210710112220",582.2273,101.1056,289.0759,407.7742,15.00659,1106.73,58.81925,10.68167,52.83826,101.4855,9.368038,1.294151,-1.202879,0.2516759,4.746045,0.2461984,0.005586147,2.96,156
"20210710112240",582.3132,101.1199,289.2315,407.7372,14.99167,1106.283,58.83969,10.6084,52.04562,101.4848,9.36942,1.294335,-1.200084,0.2523327,4.744127,0.2462839,0.01220012,2.17,147
"20210710112300",582.5597,101.1422,289.631,409.4889,14.98522,1107.677,58.81611,10.53592,53.31378,101.4859,9.373386,1.29462,-1.194953,0.2790244,4.750104,0.2461852,0.003521204,1.07,153
"20210710112320",583.1379,101.2458,290.0182,410.9643,14.98684,1108.879,58.79973,10.5461,55.53975,101.4845,9.38269,1.295946,-1.190485,0.3009365,4.755258,0.2461166,0.003452063,1.95,141
"20210710112340",583.7614,101.3617,289.5378,410.409,14.99349,1108.764,58.92329,10.60125,55.20773,101.4842,9.39272,1.29743,-1.196584,0.2921013,4.754767,0.2466338,0.01326823,2.53,155
"20210710112400",584.0822,101.3889,289.0619,409.8129,15.00075,1108.639,58.8955,10.67454,55.88465,101.4891,9.397882,1.297778,-1.202668,0.2826084,4.754232,0.2465175,0.01175094,3.17,166
"20210710112420",584.1758,101.2324,288.9594,408.6105,15.00256,1109.044,58.90723,10.72423,54.35715,101.4896,9.39939,1.295774,-1.203995,0.2644968,4.755968,0.2465666,0.005296946,2.88,159
"20210710112440",584.4006,101.0673,288.8721,408.7229,14.99772,1109.682,58.94212,10.72637,52.10097,101.4855,9.403005,1.293662,-1.204716,0.2665699,4.758701,0.2467126,0.01037908,1.81,175
"20210710112500",584.6794,101.3603,289.1699,409.9052,14.99147,1109.407,58.93842,10.6744,51.5196,101.4845,9.40749,1.297412,-1.2008,0.2847382,4.757526,0.2466972,0.01582933,1.73,146
"20210710112520",584.8224,101.657,289.3083,410.9757,14.98724,1112.413,58.90162,10.61412,52.07253,101.4832,9.409792,1.301209,-1.198894,0.3010745,4.770413,0.2465431,0.01521921,1.49,154
"20210710112540",585.1798,102.0315,289.9262,412.423,15.00155,1111.224,58.88217,10.5733,53.86914,101.483,9.415542,1.306003,-1.192514,0.3215374,4.765317,0.2464617,0.02263069,1.75,156
"20210710112600",585.6511,102.2585,289.7157,412.0637,15.01264,1109.533,59.00372,10.61963,55.01233,101.4844,9.423126,1.308909,-1.19571,0.3152714,4.758062,0.2469705,0.02435517,1.45,130
"20210710112620",586.0496,102.218,289.5095,411.4962,15.02816,1111.835,58.99639,10.67835,55.64793,101.4862,9.429537,1.30839,-1.19914,0.3055338,4.767936,0.2469398,0.02089906,3.26,151
"20210710112640",586.0853,101.9317,288.8747,409.3993,15.03219,1112.093,59.03299,10.73264,51.57078,101.4828,9.430112,1.304725,-1.206896,0.2738785,4.769042,0.247093,0.00421977,2.98,144
"20210710112700",585.9634,101.5077,288.825,408.6566,15.01566,1113.035,59.0184,10.64984,51.18567,101.4829,9.42815,1.299299,-1.206422,0.2641238,4.773081,0.2470319,0.001725674,2.22,141
"20210710112720",586.0881,101.2684,288.9216,408.5928,14.99752,1113.676,59.04086,10.57741,51.68272,101.4828,9.430158,1.296236,-1.20412,0.2646399,4.775832,0.247126,0.01444936,2.28,131
"20210710112740",585.8678,101.3031,289.0734,408.6736,14.9824,1114.897,59.04163,10.50223,50.5673,101.4835,9.426614,1.29668,-1.201358,0.2670748,4.781067,0.2471292,0.01292205,1.76,140
"20210710112800",586.0034,101.5868,289.2955,409.8656,14.97615,1114.296,58.9814,10.45128,51.03533,101.4824,9.428795,1.300311,-1.198335,0.2853878,4.77849,0.2468771,0.01123095,0.97,132
"20210710112820",586.2788,102.0122,289.412,411.0285,14.96627,1114.616,59.05334,10.42056,52.79657,101.4869,9.433226,1.305756,-1.196326,0.3035631,4.779862,0.2471782,0.00532651,1.49,140
"20210710112840",586.6188,102.3195,289.8806,412.0669,14.96648,1113.192,58.97996,10.44974,53.38952,101.4861,9.438697,1.309689,-1.190804,0.3190621,4.773756,0.246871,0.01633596,0.73,155
"20210710112900",587.4901,102.6702,289.9883,412.9802,14.99147,1114.833,58.99791,10.51679,55.85536,101.4826,9.452716,1.314178,-1.191136,0.3306783,4.780793,0.2469462,0.01078534,1,151
"20210710112920",588.4675,103.0288,289.5674,413.5519,15.01949,1116.532,59.0266,10.59918,56.19632,101.483,9.468441,1.318768,-1.197901,0.3369479,4.78808,0.2470663,0.0193975,1.45,150
"20210710112940",588.6069,103.1174,289.6254,412.149,15.03663,1115.552,59.03873,10.66054,53.69172,101.4824,9.470685,1.319902,-1.198314,0.3146006,4.783876,0.247117,0.004710674,1.4,154
"20210710113000",588.9055,103.0728,289.9496,412.3105,15.05759,1114.153,59.06284,10.65233,52.71158,101.4825,9.47549,1.319332,-1.195829,0.3153125,4.777875,0.247218,0.02515268,1.71,174
"20210710113020",589.0347,102.7793,289.4749,410.8738,15.06868,1119.792,59.17958,10.74202,53.31541,101.4829,9.47757,1.315575,-1.202146,0.2929486,4.80206,0.2477066,-0.01011682,3.15,128
"20210710113040",589.1886,102.327,289.1139,409.8506,15.06888,1117.444,59.18178,10.78647,51.81282,101.483,9.480046,1.309786,-1.206423,0.2776446,4.79199,0.2477158,0.0007946491,2.87,132
"20210710113100",588.8956,101.7797,289.1211,409.5311,15.07432,1119.137,59.18274,10.82997,55.43236,101.4841,9.47533,1.30278,-1.206686,0.2724317,4.799249,0.2477198,0.003556728,2.55,135
"20210710113120",589.1465,101.5672,289.1684,409.511,15.06727,1119.354,59.26179,10.86696,51.1304,101.4846,9.479367,1.30006,-1.205675,0.272704,4.80018,0.2480507,-0.006891966,2.28,139
"20210710113140",589.1328,101.5909,289.4742,410.3076,15.06283,1119.409,59.24159,10.80998,51.8281,101.4848,9.479148,1.300363,-1.20178,0.2849628,4.800418,0.2479661,0.005732536,1.91,120
"20210710113200",589.1168,101.6553,289.7305,411.398,15.06807,1117.673,59.18404,10.80217,52.24318,101.489,9.478889,1.301188,-1.19909,0.3008276,4.792972,0.2477252,0.00680542,2.95,155
"20210710113220",589.91,101.7526,289.1336,409.9872,15.0717,1120.789,59.32016,10.81905,53.18608,101.4851,9.491651,1.302433,-1.206372,0.2794563,4.806334,0.248295,0.005670548,2.16,142
"20210710113240",589.9747,101.7179,289.5987,410.1293,15.06445,1120.897,59.32799,10.83296,50.05964,101.4848,9.492693,1.301989,-1.200414,0.2821678,4.806795,0.2483278,0.004556656,1.81,140
"20210710113300",590.1052,101.9457,289.8708,410.5912,15.06969,1122.49,59.24048,10.77696,51.85138,101.4846,9.494793,1.304905,-1.197534,0.2886465,4.813629,0.2479615,0.007996082,2.81,149
"20210710113320",590.3989,102.0984,289.4127,410.301,15.07271,1122.213,59.32045,10.77002,52.04517,101.4842,9.499518,1.30686,-1.203141,0.2840628,4.81244,0.2482962,0.02027774,2.71,147
"20210710113340",590.7786,101.9135,289.4937,409.9048,15.06868,1122.258,59.41136,10.75048,50.35824,101.484,9.505626,1.304493,-1.201924,0.2784729,4.812635,0.2486767,0.01327372,2.2,135
"20210710113400",591.0709,101.8229,289.3852,410.4579,15.05779,1122.153,59.35526,10.73903,51.60349,101.4891,9.51033,1.303333,-1.202508,0.2876174,4.812181,0.2484419,0.005195618,1.85,128
"20210710113420",591.4801,102.0004,290.094,411.7896,15.06525,1123.435,59.37256,10.75668,53.22773,101.4879,9.516915,1.305605,-1.194615,0.3069093,4.81768,0.2485143,-2.217293e-05,1.35,157
"20210710113440",592.1785,102.3301,289.1892,410.2572,15.07856,1124.303,59.50325,10.811,52.71518,101.4829,9.528153,1.309825,-1.206154,0.2829358,4.821404,0.2490613,0.006744862,3.59,151
"20210710113500",592.0118,102.025,289.3316,409.1929,15.07352,1125.08,59.49054,10.7985,50.94193,101.4839,9.52547,1.30592,-1.204149,0.2674442,4.824736,0.2490081,0.0007126331,2.87,136
"20210710113520",592.3191,101.8202,289.2271,409.383,15.07513,1126.239,59.4996,10.76787,52.65904,101.4845,9.530414,1.303299,-1.205487,0.2701519,4.829706,0.2490461,0.01417494,2.49,137
"20210710113540",592.6302,101.7607,289.5095,410.2828,15.07956,1127.013,59.49558,10.75582,52.73529,101.4835,9.535421,1.302537,-1.202437,0.2832368,4.833025,0.2490293,0.01425695,2.74,142
"20210710113600",593.2761,101.9379,289.1269,409.5168,15.08924,1127.304,59.56942,10.77398,52.40006,101.4852,9.545813,1.304805,-1.207575,0.2710074,4.834271,0.2493383,0.01209474,2.5,142
"20210710113620",593.191,101.7783,289.2504,409.1462,15.07795,1128.07,59.5307,10.7393,49.09677,101.4885,9.544443,1.302763,-1.205392,0.2663869,4.837556,0.2491762,0.01335001,2.44,140
"20210710113640",593.3826,101.7977,289.7055,410.4142,15.07694,1128.803,59.5506,10.67785,51.93485,101.4866,9.547526,1.303011,-1.199952,0.2854124,4.840701,0.2492596,0.01580596,2.19,156
"20210710113700",593.8692,101.8055,289.3741,409.9943,15.07513,1129.314,59.63249,10.70836,51.18823,101.4879,9.555355,1.303111,-1.203751,0.279284,4.842891,0.2496023,0.002346277,1.99,160
"20210710113720",594.4536,102.0638,289.8217,410.8107,15.0719,1130.926,59.60167,10.63953,49.51736,101.4868,9.564758,1.306417,-1.198258,0.2917451,4.849804,0.2494733,0.01810431,1.75,166
"20210710113740",594.7071,102.2625,290.1139,411.877,15.06888,1131.175,59.61933,10.65519,51.33077,101.4871,9.568837,1.30896,-1.194613,0.3079206,4.850872,0.2495472,0.01392126,1.69,165
"20210710113800",595.3702,102.5178,289.7594,411.2486,15.07513,1131.184,59.67149,10.64529,51.16887,101.4882,9.579507,1.312228,-1.199201,0.2980239,4.850912,0.2497656,0.002775908,2.51,167
"20210710113820",595.6887,102.6268,289.7436,411.2134,15.07311,1132.889,59.65212,10.67662,51.4671,101.4881,9.584632,1.313623,-1.199258,0.2976626,4.858223,0.2496845,0.001543284,2.32,152
"20210710113840",596.2448,102.8333,289.9004,411.1873,15.08098,1131.88,59.74655,10.69038,51.55122,101.4848,9.593579,1.316266,-1.197909,0.2966358,4.853894,0.2500797,0.01877856,2.25,164
"20210710113900",596.7978,102.8195,289.6227,409.9778,15.07775,1134.412,59.76097,10.72044,51.62763,101.4825,9.602477,1.31609,-1.200984,0.2788252,4.864754,0.2501401,0.003283739,3.01,153
"20210710113920",597.1809,102.7521,289.7064,408.6924,15.07352,1135.659,59.82791,10.66772,49.38922,101.4824,9.608641,1.315227,-1.199723,0.2599655,4.870102,0.2504203,0.01587439,2.15,164
"20210710113940",597.5823,102.8779,289.6029,410.0868,15.0707,1136.258,59.87502,10.58933,49.99322,101.4833,9.615099,1.316838,-1.200765,0.2810264,4.872668,0.2506175,0.007234335,1.79,176
"20210710114000",598.2652,102.9684,289.5634,410.7927,15.06001,1137.334,59.8836,10.48074,49.63316,101.4832,9.626087,1.317996,-1.200545,0.2924406,4.877284,0.2506534,0.002878428,1.68,187
"20210710114020",598.9162,103.2887,289.9117,411.51,15.0592,1138.593,59.87225,10.45722,50.20503,101.4859,9.636562,1.322096,-1.19638,0.3032226,4.882685,0.2506059,0.001000643,1.26,198
"20210710114040",599.5947,103.5586,289.8518,411.8848,15.06445,1138.723,59.94436,10.46744,50.58914,101.4859,9.647478,1.32555,-1.197425,0.3083959,4.883239,0.2509077,0.01621556,1.36,191
"20210710114100",600.231,103.804,289.8563,412.2902,15.05779,1141.796,59.97574,10.45826,50.5937,101.4811,9.657717,1.328691,-1.196945,0.3149931,4.89642,0.2510391,-0.006138802,1.23,195
"20210710114120",601.245,104.2539,290.3785,413.3892,15.06102,1143.648,60.08106,10.45835,52.05989,101.4801,9.674032,1.33445,-1.190983,0.3311506,4.90436,0.2514799,0.02952385,0.62,208
"20210710114140",602.1808,104.6458,290.7924,414.2922,15.07755,1144.039,60.09976,10.46556,52.90779,101.4796,9.68909,1.339466,-1.187156,0.3433,4.90604,0.2515581,0.01011467,1.3,166
"20210710114200",603.4913,104.9675,291.4512,415.1597,15.1096,1146.383,60.15704,10.55995,55.47736,101.4795,9.710175,1.343583,-1.18143,0.35366,4.916088,0.2517979,0.02272153,0.89,191
"20210710114220",604.6305,105.3256,291.0355,414.5612,15.14246,1146.333,60.27051,10.68562,55.16863,101.4801,9.728505,1.348168,-1.188449,0.3420515,4.915876,0.2522728,0.01269507,2.61,140
"20210710114240",606.5194,105.4942,290.0287,413.074,15.18076,1150.107,60.354,10.81607,52.96863,101.4841,9.758898,1.350326,-1.202798,0.3167229,4.932059,0.2526223,-0.005524874,2.58,161
"20210710114300",607.3077,105.3225,290.0366,411.7252,15.19286,1150.424,60.41682,10.82432,50.45283,101.4801,9.771582,1.348128,-1.203481,0.2955893,4.933417,0.2528853,0.02500772,2.18,166
"20210710114320",589.6104,101.6988,290.137,411.4525,15.1985,1106.933,58.11714,10.7884,49.00591,101.4805,9.486832,1.301745,-1.202657,0.2910564,4.746914,0.2432595,-0.003296614,1.83,169
"20210710114340",568.173,97.48242,290.3974,411.9792,15.20495,1061.359,55.71731,10.72624,50.51848,101.4798,9.141904,1.247775,-1.199997,0.2983998,4.551478,0.2332146,0.008341074,2.01,166
"20210710114400",543.0945,92.64778,290.1075,412.1562,15.20979,1031.163,53.99738,10.73054,52.38598,101.4806,8.738391,1.185892,-1.20373,0.300652,4.421984,0.2260156,0.00627327,1.49,148
"20210710114420",529.7962,90.24547,290.1011,411.9094,15.20737,1005.327,52.64894,10.73163,51.40757,101.4806,8.524421,1.155142,-1.203652,0.2971623,4.311193,0.2203714,-0.002909422,1.22,145
"20210710114440",527.2738,89.85499,290.0505,411.5757,15.21483,1001.565,52.41549,10.8174,53.3007,101.4851,8.483835,1.150144,-1.204728,0.2915705,4.295062,0.2193943,0.01281905,2.04,193
"20210710114500",502.8519,85.06691,289.6327,411.2955,15.21563,952.3082,49.78595,10.82316,52.33233,101.4845,8.090887,1.088857,-1.209715,0.2873172,4.08383,0.2083879,0.005642652,0.75,177
"20210710114520",495.74,83.97691,289.9843,411.3216,15.21241,948.6385,49.59577,10.84856,51.3131,101.4817,7.976457,1.074905,-1.205354,0.2879712,4.068092,0.2075918,0.001391411,1.61,203
"20210710114540",493.923,83.81413,290.0573,410.5498,15.20818,945.4038,49.4586,10.88335,51.52779,101.481,7.947221,1.072821,-1.20422,0.2767838,4.054221,0.2070177,0.0001344681,2.23,166
"20210710114600",500.3374,84.73888,290.0972,409.5688,15.19386,953.0812,49.81938,10.81503,49.31756,101.4813,8.05043,1.084658,-1.202831,0.2632892,4.087144,0.2085278,0.009776592,2.1,174
"20210710114620",546.6526,93.23957,290.3898,409.5942,15.1852,1055.686,55.19063,10.77003,49.89045,101.4805,8.795642,1.193467,-1.198818,0.2643742,4.527147,0.2310101,0.02027774,2.24,175
"20210710114640",575.6493,98.52778,290.5829,410.3463,15.1858,1110.697,58.06804,10.78066,50.0811,101.4843,9.262198,1.261156,-1.196576,0.2755617,4.763055,0.243054,0.01306844,1.95,163
"20210710114700",586.2662,100.4661,290.7802,411.364,15.18016,1116.513,58.37506,10.70323,49.30288,101.4858,9.433023,1.285966,-1.193883,0.2912246,4.787994,0.2443391,0.01563382,1.4,145
"20210710114720",588.854,101.0312,290.9589,412.6353,15.17854,1122.937,58.69868,10.65773,50.2272,101.4803,9.474661,1.2932,-1.191671,0.3103465,4.815546,0.2456937,0.009826422,1.3,176
"20210710114740",594.8812,102.3306,291.1335,413.3192,15.19024,1131.345,59.07132,10.69696,52.21236,101.4804,9.571639,1.309831,-1.190359,0.3196146,4.851601,0.2472534,0.01261783,1.31,169
"20210710114800",597.0713,102.7485,291.4481,413.8698,15.2106,1135.287,59.26151,10.73059,54.23939,101.481,9.606878,1.315181,-1.187952,0.3261867,4.868507,0.2480495,0.006272793,2.7,180
"20210710114820",595.9389,102.3598,291.3986,412.7927,15.22874,1129.115,59.03356,10.81756,52.19453,101.4806,9.588658,1.310205,-1.1897,0.3086225,4.842038,0.2470954,0.008739948,2.28,177
"20210710114840",593.3845,101.7841,291.145,412.5848,15.25575,1123.275,58.79342,10.91287,52.58631,101.4812,9.547557,1.302837,-1.19443,0.303321,4.816995,0.2460902,0.01013136,2.56,172
"20210710114900",593.7046,101.7771,290.8944,411.5576,15.27571,1127.581,58.89538,10.98261,51.26524,101.4863,9.552708,1.302746,-1.198672,0.2863517,4.835461,0.246517,0.01067734,2.17,171
"20210710114920",594.7258,102.0518,290.91,412.0121,15.29587,1130.41,58.99935,10.98481,52.14431,101.4838,9.569138,1.306263,-1.199784,0.2915019,4.84759,0.2469522,0.002503395,2.25,196
"20210710114940",596.9748,102.2733,291.1292,412.0016,15.29889,1133.868,59.09237,11.02854,51.30522,101.4814,9.605325,1.309098,-1.197391,0.2910991,4.862423,0.2473415,0.01036549,1.86,214
"20210710115000",597.649,102.3341,291.2653,412.3793,15.31683,1137.12,59.26936,11.04316,52.11162,101.4811,9.616172,1.309877,-1.196937,0.2952834,4.876367,0.2480824,0.01434636,2.24,188
"20210710115020",599.4431,102.5259,291.1233,412.6756,15.33255,1140.856,59.45913,11.07215,52.11091,101.4802,9.645039,1.312331,-1.199624,0.298431,4.89239,0.2488767,0.0008890629,2.52,150
"20210710115040",600.9281,102.7162,290.9582,411.8012,15.32993,1142.668,59.55283,11.02439,49.88088,101.4803,9.668934,1.314767,-1.201405,0.2855816,4.900158,0.2492689,0.007333517,3.04,165
"20210710115100",602.1628,102.7013,290.8511,411.1932,15.3255,1145.918,59.6963,10.98017,49.52295,101.4842,9.6888,1.314577,-1.202386,0.2768584,4.914096,0.2498694,0.003554821,2.43,153
"20210710115120",603.758,103.1389,291.2365,412.0693,15.3257,1149.37,59.81249,10.88512,50.25598,101.4847,9.714466,1.320178,-1.197847,0.2899301,4.928899,0.2503558,0.01745772,1.84,164
"20210710115140",598.8756,102.415,290.9407,412.3398,15.33437,1133.61,59.05009,10.872,51.20192,101.4805,9.635907,1.310912,-1.201898,0.2932658,4.861316,0.2471646,0.00123167,1.45,160
"20210710115200",595.0541,101.726,291.2221,413.3202,15.33598,1134.273,59.04535,10.8632,51.43565,101.4796,9.57442,1.302092,-1.198677,0.3077826,4.864157,0.2471447,0.01862669,1.27,187
"20210710115220",602.1245,103.2929,291.1462,413.3728,15.34989,1146.339,59.61713,10.90124,52.1115,101.4787,9.688184,1.32215,-1.200468,0.3074369,4.915902,0.249538,0.01632905,1.96,197
"20210710115240",602.8214,103.4427,291.1932,413.5097,15.35191,1145.141,59.55129,10.91903,49.6778,101.4783,9.699396,1.324067,-1.200043,0.309319,4.910765,0.2492624,0.01518846,1.89,201
"20210710115300",603.7521,103.6501,291.5047,414.2216,15.35937,1144.53,59.6167,10.93964,52.34654,101.4776,9.71437,1.326721,-1.196845,0.3193456,4.908144,0.2495362,0.006890058,1.45,210
"20210710115320",603.9407,103.6416,291.3176,414.073,15.37126,1147.076,59.70294,11.03896,51.48485,101.4812,9.717406,1.326612,-1.199819,0.31616,4.91906,0.2498972,0.009274721,2.23,213
"20210710115340",604.9858,103.6978,291.4947,414.3029,15.37852,1146.583,59.73068,11.05673,52.88863,101.4778,9.734222,1.327332,-1.198194,0.3190033,4.916949,0.2500133,0.01119423,1.86,210
"20210710115400",603.3024,103.3006,291.4654,414.4052,15.38839,1145.682,59.5593,11.11879,50.74279,101.4775,9.707136,1.322248,-1.199176,0.3197271,4.913084,0.2492959,0.007712126,1.51,177
"20210710115420",605.0414,103.8358,291.8907,415.1098,15.40351,1149.707,59.80185,11.12787,50.90744,101.477,9.735116,1.329098,-1.195125,0.3290249,4.930346,0.2503112,-0.001530647,1.39,170
"20210710115440",605.4517,104.0537,292.0267,415.127,15.43133,1148.637,59.77979,11.21409,52.69819,101.4776,9.741718,1.331887,-1.195311,0.3270145,4.925755,0.2502189,0.001963377,2.28,148
"20210710115500",605.8979,104.0122,291.9044,415.2392,15.45592,1149.959,59.78177,11.27803,54.66645,101.4762,9.748898,1.331356,-1.198339,0.3266879,4.931426,0.2502272,0.01173306,2.14,139
"20210710115520",605.324,103.9534,292.2677,415.1881,15.50168,1148.822,59.73372,11.40263,55.05398,101.4806,9.739664,1.330604,-1.196994,0.322197,4.926549,0.250026,0.01394963,2.32,162
"20210710115540",605.5433,103.8145,291.2946,413.8934,15.53374,1149.517,59.77723,11.44813,50.18717,101.4815,9.743193,1.328826,-1.210552,0.3002432,4.929529,0.2502082,0.01262093,2.69,149
"20210710115600",605.6591,103.5214,291.0297,413.0271,15.53958,1149.965,59.82512,11.42492,48.94071,101.4768,9.745055,1.325074,-1.214058,0.2868231,4.93145,0.2504086,0.003591776,2.19,151
"20210710115620",605.3451,103.3208,291.3385,413.245,15.54402,1149.191,59.76594,11.29945,47.9104,101.4767,9.740002,1.322506,-1.210695,0.2897173,4.928134,0.2501609,0.004444361,2.19,136
"20210710115640",604.5187,103.1623,291.9436,414.6446,15.55168,1150.075,59.71499,11.1978,50.76546,101.4756,9.726706,1.320477,-1.204043,0.3100023,4.931921,0.2499476,0.001054287,1.4,137
"20210710115700",605.8131,103.582,291.8424,414.9017,15.57083,1154.119,59.81158,11.17579,52.36665,101.4766,9.747533,1.32585,-1.206474,0.3122819,4.949266,0.2503519,0.008345604,2.63,160
"20210710115720",606.8802,103.7828,291.4422,414.6134,15.59119,1154.142,59.8689,11.24314,51.4095,101.478,9.764702,1.32842,-1.212512,0.3063136,4.949362,0.2505919,0.006867647,1.46,142
"20210710115740",607.1437,103.9851,291.5059,415.2277,15.5924,1153.819,59.94231,11.1939,48.60908,101.4792,9.768942,1.33101,-1.211838,0.3153914,4.947978,0.2508991,-0.003000736,1.02,171
"20210710115800",607.0636,104.2167,292.1984,416.2669,15.59542,1155.333,59.83958,11.19548,49.3804,101.4745,9.767654,1.333974,-1.203855,0.3306717,4.954472,0.2504691,0.00311017,0.72,102
"20210710115820",606.9155,104.3906,292.1226,417.0245,15.62788,1154.631,59.83994,11.23623,54.07067,101.4748,9.76527,1.3362,-1.206842,0.3393436,4.951459,0.2504706,0.009975672,1.25,165
"20210710115840",607.0698,104.3402,291.8844,416.171,15.64037,1154.354,59.78884,11.25174,51.19764,101.4746,9.767754,1.335554,-1.210463,0.3255696,4.950272,0.2502567,0.01191163,2.16,168
"20210710115900",606.8425,104.1279,291.7339,415.6031,15.65388,1154.028,59.74025,11.2288,49.25095,101.4751,9.764096,1.332838,-1.213111,0.3159858,4.948874,0.2500534,0.007985592,1.79,172
"20210710115920",606.8232,104.1173,291.8672,415.7249,15.66073,1155.938,59.76762,11.25005,49.68016,101.4751,9.763786,1.332701,-1.211979,0.317245,4.957064,0.2501679,0.01090241,1.28,170
"20210710115940",606.6543,104.0442,292.1495,415.7374,15.66698,1153.477,59.67851,11.26005,49.2514,101.4783,9.761067,1.331765,-1.209049,0.3169203,4.946513,0.2497949,0.001651287,1.65,152
"20210710120000",606.5145,104.0531,292.6462,416.1564,15.67525,1152.75,59.66268,11.25534,50.29556,101.4764,9.758818,1.33188,-1.203716,0.322505,4.943394,0.2497287,0.0231111,1.27,165
"20210710120020",606.801,104.1285,292.7466,417.0585,15.70145,1152.778,59.5836,11.30349,52.63465,101.4751,9.763429,1.332845,-1.20422,0.3338443,4.943515,0.2493977,0.01564193,1.02,154
"20210710120040",607.0199,104.3139,292.9617,417.5203,15.72907,1154.122,59.55026,11.35517,52.1735,101.4724,9.76695,1.335218,-1.203464,0.3384879,4.949278,0.2492581,0.01018906,1.19,156
"20210710120100",606.8097,104.2874,292.4781,416.8337,15.76012,1152.748,59.47729,11.42534,53.44409,101.4728,9.763568,1.334878,-1.211179,0.3256948,4.943386,0.2489527,0.007672071,2.44,179
"20210710120120",606.8456,103.9786,292.5132,415.3377,15.78148,1154.6,59.43981,11.48314,51.55358,101.474,9.764146,1.330926,-1.212147,0.3015957,4.951326,0.2487958,0.02667475,1.94,167
"20210710120140",606.093,103.4355,292.0675,415.6144,15.80547,1151.958,59.31098,11.54831,51.81658,101.4739,9.752037,1.323975,-1.218961,0.3037701,4.939998,0.2482566,0.01092124,2.42,177
"20210710120200",606.3051,103.2101,291.9184,414.509,15.81313,1152.303,59.33306,11.54756,49.87879,101.4784,9.75545,1.321089,-1.221216,0.2866295,4.941478,0.248349,-0.0003037453,1.76,173
"20210710120220",605.5114,103.2562,292.1469,415.6663,15.8218,1151.815,59.18206,11.53332,48.18991,101.4774,9.742678,1.321679,-1.219078,0.3032104,4.939385,0.247717,-0.001228094,0.9,198
"20210710120240",605.9447,103.6333,292.7679,417.195,15.82946,1152.623,59.21838,11.48412,51.45106,101.473,9.74965,1.326507,-1.212239,0.3254232,4.942847,0.247869,0.007273435,1.41,204
"20210710120300",606.1884,103.7018,292.8283,417.4986,15.84196,1153.82,59.2537,11.49763,51.97718,101.4724,9.75357,1.327383,-1.212332,0.3289384,4.947984,0.2480168,0.01024389,1.51,172
"20210710120320",605.8021,103.6768,292.9377,417.2652,15.85043,1153.597,59.1397,11.49178,50.18344,101.4725,9.747355,1.327063,-1.211589,0.3247572,4.947024,0.2475396,0.01947069,0.91,114
"20210710120340",605.1477,103.5843,292.5645,416.816,15.85788,1151.45,59.18862,11.50067,51.04473,101.4731,9.736827,1.32588,-1.216478,0.3174364,4.937817,0.2477444,0.01532722,1.52,149
"20210710120400",605.1805,103.5261,292.5308,416.9122,15.86958,1151.759,59.10256,11.53526,53.05076,101.472,9.737354,1.325134,-1.217632,0.3179176,4.939145,0.2473842,0.01509309,2.27,145
"20210710120420",603.3068,102.9011,292.2961,415.9454,15.87038,1149.334,58.91294,11.55588,52.06272,101.4755,9.707206,1.317134,-1.220457,0.3034064,4.928742,0.2465905,0.008827925,2.9,137
"20210710120440",602.7242,102.3475,292.5986,415.7054,15.8726,1146.723,58.84225,11.59322,53.00738,101.4745,9.697832,1.310048,-1.217026,0.2996404,4.917547,0.2462946,-0.001635552,1.87,139
"20210710120500",601.2568,102.129,292.6725,415.8539,15.88873,1143.682,58.70097,11.61313,52.13355,101.4736,9.674223,1.307251,-1.217198,0.3005394,4.904507,0.2457033,0.01558709,1.55,128
"20210710120520",601.4882,102.1878,292.9074,416.5249,15.89538,1145.712,58.79293,11.62899,49.48361,101.4728,9.677945,1.308004,-1.214853,0.3100199,4.913214,0.2460882,0.005268812,1.31,118
"20210710120540",602.606,102.5781,293.2606,417.2469,15.91151,1146.224,58.876,11.58173,50.98983,101.4719,9.69593,1.313,-1.211725,0.3194876,4.915408,0.2464359,0.006610632,1.92,168
"20210710120600",604.1582,102.9869,293.6227,416.9112,15.92864,1150.938,58.9767,11.61106,51.90724,101.4705,9.720906,1.318232,-1.208558,0.3130684,4.935624,0.2468574,0.01866412,3.18,174
"20210710120620",604.5216,102.6737,292.8903,415.834,15.9494,1150.196,58.9606,11.6524,52.50877,101.4728,9.726754,1.314223,-1.218551,0.2952762,4.932441,0.24679,0.002046585,2.25,155
"20210710120640",605.0347,102.6454,292.9186,415.5633,15.96231,1152.412,59.04369,11.66557,50.32561,101.472,9.735009,1.313861,-1.219052,0.2901749,4.941945,0.2471378,0.008084058,1.54,165
"20210710120700",606.1383,102.8204,293.1169,416.5114,15.96694,1153.81,59.1516,11.66194,49.44856,101.468,9.752766,1.316101,-1.21701,0.3039592,4.947938,0.2475895,0.004024506,1.35,181
"20210710120720",607.1701,103.2451,293.8862,417.8404,15.9865,1154.398,59.17546,11.62833,51.21001,101.4663,9.769367,1.321537,-1.20919,0.3222168,4.950462,0.2476893,-0.006979227,0.81,175
"20210710120740",608.4507,103.5862,292.9173,416.5684,16.00141,1158.26,59.29899,11.65695,51.67675,101.4666,9.789971,1.325903,-1.221598,0.3019894,4.967024,0.2482064,-0.008195162,2.68,188
"20210710120800",608.5764,103.3165,292.936,416.9422,16.01552,1157.256,59.30692,11.63492,53.31667,101.4664,9.791995,1.322451,-1.222293,0.3064161,4.962717,0.2482396,0.01441836,2.96,163
"20210710120820",609.1918,103.1393,293.0087,415.7053,16.01976,1160.144,59.4424,11.67481,50.37075,101.4685,9.801896,1.320183,-1.221706,0.2875926,4.975103,0.2488067,0.01312733,2.62,167
"20210710120840",609.23,102.9233,292.6577,415.5399,16.02762,1160.048,59.398,11.65865,49.79869,101.4693,9.802512,1.317418,-1.226362,0.2844761,4.974688,0.2486208,-0.01433349,2.38,147
"20210710120900",609.4396,102.9592,293.0375,416.3969,16.02782,1160.138,59.41612,11.63817,49.61938,101.4647,9.805883,1.317878,-1.221891,0.2972622,4.975075,0.2486966,0.005207062,2.34,134
"20210710120920",610.0571,103.0757,293.1599,416.9271,16.02621,1161.973,59.50785,11.66021,51.70154,101.4643,9.81582,1.319369,-1.220339,0.3053157,4.982946,0.2490806,0.02139521,2.3,152
"20210710120940",610.3308,103.1182,293.3824,417.1257,16.04032,1164.793,59.47961,11.63802,51.52786,101.4638,9.820223,1.319913,-1.218625,0.3071286,4.995038,0.2489624,0.00725007,1.86,156
"20210710121000",610.3022,103.218,293.5307,415.9686,16.0504,1161.577,59.46364,11.66962,50.19858,101.4629,9.819762,1.32119,-1.217527,0.2890162,4.981248,0.2488956,0.00397253,3.35,172
"20210710121020",610.1736,103.1669,292.7567,413.871,16.05141,1161.772,59.52038,11.62761,48.03518,101.4642,9.817694,1.320537,-1.226732,0.2575953,4.982081,0.2491331,0.007320404,2.79,170
"20210710121040",609.1285,102.8916,293.2473,414.8762,16.05201,1160.655,59.43053,11.53103,51.12471,101.4688,9.800877,1.317012,-1.220979,0.2725618,4.977294,0.248757,0.01818466,1.77,178
"20210710121100",609.6711,103.0381,293.2766,416.0947,16.06108,1160.261,59.40881,11.5466,52.28114,101.4663,9.809607,1.318888,-1.22122,0.2900237,4.975604,0.2486661,0.009912253,2.05,176
"20210710121120",609.9504,103.1677,293.0506,415.8914,16.06834,1161.861,59.41842,11.62104,51.93435,101.4645,9.814102,1.320546,-1.224359,0.286391,4.982465,0.2487063,0.01655459,2.15,187
"20210710121140",609.7898,103.0724,293.106,416.6462,16.07479,1160.997,59.34809,11.65261,52.16412,101.4636,9.811518,1.319326,-1.224124,0.2971382,4.978759,0.2484119,0.005108595,2.1,192
"20210710121200",609.4141,102.8312,293.2023,416.6722,16.08144,1159.202,59.24257,11.70488,49.91252,101.4625,9.805474,1.316239,-1.223418,0.296981,4.971062,0.2479703,0.00679636,2.23,196
"20210710121220",608.85,102.7765,293.3649,417.3848,16.0889,1159.286,59.1242,11.68102,51.37689,101.4624,9.796398,1.315539,-1.22198,0.3070157,4.971422,0.2474748,0.01002193,2.49,158
"20210710121240",609.6614,103.0324,292.9227,416.2898,16.09696,1160.786,59.21102,11.75245,50.82482,101.4656,9.809452,1.318815,-1.227725,0.2899971,4.977855,0.2478382,-0.00169611,2.36,150
"20210710121300",610.4188,103.0864,292.9689,415.924,16.08709,1163.336,59.26518,11.7346,48.2456,101.4664,9.821638,1.319506,-1.226539,0.2853391,4.988788,0.2480649,-0.007702589,2.03,160
"20210710121320",610.9147,103.2529,293.1703,416.4526,16.0766,1163.697,59.29287,11.64109,48.11784,101.4612,9.829618,1.321638,-1.223482,0.2940967,4.99034,0.2481808,-0.00706625,1.68,155
"20210710121340",610.7267,103.5929,293.6442,417.6998,16.07439,1166.497,59.24206,11.60628,48.99542,101.4623,9.826593,1.32599,-1.21774,0.3129134,5.002343,0.2479681,0.006443739,0.95,171
"20210710121400",611.5349,104.0842,293.8425,418.4501,16.08144,1165.608,59.34177,11.57283,49.72501,101.4623,9.839597,1.332278,-1.215857,0.3235425,4.998531,0.2483855,0.007692098,0.98,151
"20210710121420",611.9665,104.33,294.0692,419.2171,16.0883,1167.41,59.26363,11.59675,51.30069,101.4619,9.846542,1.335424,-1.213623,0.3344403,5.00626,0.2480584,0.00140357,1.3,145
"20210710121440",612.8008,104.46,293.2624,417.9816,16.08547,1167.41,59.41976,11.60631,49.57828,101.4629,9.859964,1.337088,-1.222969,0.3162128,5.00626,0.2487119,0.003380776,1.88,146
"20210710121500",612.8604,104.4189,294.1414,418.4808,16.08971,1169.406,59.36979,11.61875,49.5333,101.466,9.860924,1.336562,-1.212862,0.3233252,5.01482,0.2485027,-0.3632593,1.45,155
"20210710121520",613.352,104.5838,294.6307,420.1359,16.12902,1166.097,59.34161,11.67726,55.29839,101.4623,9.868834,1.338672,-1.209632,0.344826,5.00063,0.2483848,0.02434325,2.04,193
"20210710121540",613.7215,104.5847,293.0255,417.866,16.14333,1168.641,59.40477,11.82584,50.26492,101.4621,9.87478,1.338684,-1.229518,0.3097401,5.011538,0.2486492,0.006997824,2.14,181
"20210710121600",613.7263,104.3643,293.2753,417.8618,16.15079,1167.805,59.40639,11.7959,47.65794,101.4618,9.874856,1.335862,-1.227051,0.3090666,5.007954,0.2486559,0.009243726,1.22,207
"20210710121620",613.5954,104.3074,294.047,418.067,16.15684,1168.131,59.35792,11.68771,48.3239,101.461,9.872751,1.335134,-1.218329,0.3116363,5.009351,0.2484531,0.02018809,2.99,190
"20210710121640",613.6037,104.3135,293.7419,418.0982,16.17074,1168.202,59.35176,11.65156,51.68711,101.4618,9.872884,1.335213,-1.222834,0.3109608,5.009656,0.2484273,0.02451682,2.6,178
"20210710121700",613.6168,104.0561,293.491,417.0456,16.17397,1168.576,59.35425,11.73289,50.90249,101.4655,9.873094,1.331918,-1.226007,0.2949694,5.01126,0.2484377,0.01069164,2.63,167
"20210710121720",613.2408,103.9081,293.5403,416.9448,16.18042,1168.447,59.29087,11.75216,50.23007,101.4653,9.867046,1.330024,-1.225843,0.2929356,5.010709,0.2481724,0.003412008,2.18,175
"20210710121740",612.7921,103.7137,293.5459,416.9916,16.17538,1166.667,59.23871,11.72753,49.15532,101.4606,9.859825,1.327536,-1.22545,0.2940473,5.003073,0.2479541,0.003578901,1.76,179
"20210710121800",612.9167,103.6249,293.8467,417.2623,16.18082,1168.976,59.28466,11.72622,50.38138,101.4604,9.861829,1.326399,-1.222251,0.2976458,5.012976,0.2481464,0.009715318,2.02,172
"20210710121820",613.8037,103.7127,293.667,417.4091,16.1778,1170.244,59.34733,11.69272,50.99685,101.4609,9.876102,1.327523,-1.224177,0.3000873,5.018415,0.2484087,0.01300621,1.51,162
"20210710121840",613.7824,103.8131,293.8716,417.8591,16.1772,1170.174,59.30993,11.71512,49.00835,101.4616,9.875758,1.328808,-1.221721,0.3068604,5.018112,0.2482522,0.005705834,1.88,166
"20210710121900",614.1032,103.8545,294.0128,418.3859,16.17276,1171.987,59.33648,11.73434,51.79132,101.463,9.880921,1.329337,-1.219766,0.3150936,5.025886,0.2483633,0.001490355,1.61,172
"20210710121920",614.3989,103.9125,294.6107,418.6161,16.1776,1172.51,59.34878,11.73102,50.34861,101.4651,9.885678,1.33008,-1.213017,0.3181373,5.02813,0.2484148,0.001512766,2.5,182
"20210710121940",615.0517,104.135,293.94,417.747,16.20078,1171.788,59.36613,11.79799,52.45196,101.4617,9.896182,1.332928,-1.222444,0.303249,5.025034,0.2484874,0.01025105,2.88,195
"20210710122000",615.2598,104.0175,294.2481,416.1907,16.20401,1172.744,59.42283,11.8015,49.26904,101.4617,9.89953,1.331424,-1.219015,0.2797327,5.029135,0.2487248,0.01737618,1.76,191
"20210710122020",615.5687,103.9982,294.2374,417.8386,16.22054,1172.351,59.41099,11.82866,52.21988,101.4629,9.904501,1.331177,-1.220214,0.3029945,5.027452,0.2486752,0.01719284,2.77,196
"20210710122040",616.0924,103.905,293.6654,417.2966,16.23344,1172.877,59.38932,11.85412,50.87602,101.4633,9.912926,1.329984,-1.227806,0.2938392,5.029706,0.2485845,0.01804209,2.29,179
"20210710122100",615.8445,103.7037,293.5341,416.8094,16.23586,1173.7,59.38292,11.87264,49.70552,101.4639,9.908938,1.327407,-1.229515,0.2863602,5.033236,0.2485577,0.003616094,1.73,184
"20210710122120",615.9423,103.6532,294.0804,416.8273,16.23989,1174.407,59.46615,11.82601,49.46288,101.4675,9.910512,1.326761,-1.223324,0.2862964,5.036268,0.2489061,0.003932238,1.68,182
"20210710122140",616.4999,103.7083,294.1735,417.2462,16.24412,1176.756,59.4325,11.79181,49.80176,101.4663,9.919483,1.327466,-1.222498,0.2922104,5.046342,0.2487652,-0.0101347,1.75,187
"20210710122200",616.963,103.9707,294.4679,417.8138,16.25722,1176.526,59.44279,11.76202,51.06656,101.4627,9.926934,1.330825,-1.219874,0.2996115,5.045353,0.2488083,-0.01095295,1.77,191
"20210710122220",617.3807,104.1337,294.5509,418.347,16.26428,1176.9,59.43692,11.80868,52.411,101.4625,9.933656,1.332912,-1.219351,0.3069994,5.046958,0.2487837,0.0163064,2.46,172
"20210710122240",617.6273,104.0775,294.3489,418.5521,16.2794,1176.31,59.47485,11.87513,52.97871,101.4637,9.937624,1.332191,-1.222717,0.3088219,5.044426,0.2489425,0.003599405,1.78,187
"20210710122300",617.9059,104.1106,294.9434,418.0802,16.28706,1177.48,59.54601,11.94825,51.06408,101.4624,9.942106,1.332616,-1.216194,0.3011432,5.049442,0.2492403,0.01025486,2.84,192
"20210710122320",618.3237,104.1335,294.7916,417.7298,16.30742,1176.51,59.53414,11.93992,53.65583,101.4669,9.948828,1.332909,-1.219309,0.2942353,5.045285,0.2491906,0.01541948,2.18,197
"20210710122340",618.6706,104.1247,294.7763,418.0633,16.32536,1177.6,59.48975,11.99834,52.61281,101.4681,9.95441,1.332797,-1.220655,0.2977432,5.049959,0.2490048,0.002763271,1.9,177
"20210710122400",619.2191,104.2521,295.2269,419.1833,16.35358,1180.612,59.54126,12.09043,53.41357,101.4645,9.963235,1.334426,-1.217168,0.3121544,5.062876,0.2492205,0.01133633,1.85,180
"20210710122420",619.3898,104.3343,294.7357,418.1731,16.38684,1179.116,59.52643,12.19006,52.33794,101.4638,9.965982,1.335479,-1.225131,0.2943273,5.056459,0.2491584,-0.006712675,2.44,179
"20210710122440",619.6746,104.154,294.1856,416.9399,16.40378,1180.844,59.53132,12.19526,49.321,101.4645,9.970564,1.333171,-1.23273,0.2745102,5.063871,0.2491788,0.01164937,2.4,177
"20210710122500",619.5376,103.8592,294.0387,416.4367,16.41265,1180.472,59.57319,12.10478,49.57056,101.4643,9.96836,1.329397,-1.235042,0.2662623,5.062275,0.2493541,-0.001024008,2.74,172
"20210710122520",619.2745,103.6559,294.3517,417.563,16.42797,1180.58,59.53639,12.0707,52.35839,101.4637,9.964126,1.326796,-1.232341,0.2818273,5.062737,0.2492001,0.002272844,2.35,175
"20210710122540",619.4906,103.6601,294.3455,417.322,16.44389,1180.476,59.56074,12.07863,52.54568,101.4687,9.967604,1.32685,-1.23345,0.2769192,5.062293,0.249302,0.001197338,2.31,177
"20210710122600",619.5522,103.5978,294.3465,417.6492,16.45841,1182.381,59.53769,12.07924,51.95891,101.4667,9.968594,1.326051,-1.234382,0.2806121,5.070461,0.2492055,0.003237009,1.96,169
"20210710122620",619.7256,103.7203,294.3204,418.308,16.45962,1179.2,59.58466,12.1017,49.89922,101.4653,9.971386,1.327619,-1.23477,0.2903546,5.05682,0.2494021,0.00819397,1.49,176
"20210710122640",619.7725,104.0036,295.0024,420.0347,16.46788,1184.056,59.55775,12.05386,52.05457,101.4653,9.972138,1.331246,-1.227251,0.3154733,5.077645,0.2492895,0.01669264,1.9,199
"20210710122700",619.9868,104.1308,295.0296,419.531,16.48038,1183.2,59.531,12.06584,51.02064,101.4649,9.975588,1.332874,-1.227744,0.3069173,5.073974,0.2491775,0.009459018,1.66,199
"20210710122720",620.1624,104.1471,295.4605,419.7787,16.50175,1182.6,59.52254,12.08967,53.43862,101.4648,9.978412,1.333083,-1.224046,0.3088591,5.0714,0.2491421,0.008275509,2.13,192
"20210710122740",620.1848,104.0534,294.6353,418.5262,16.51203,1182.524,59.58188,12.16314,51.55805,101.4697,9.978772,1.331884,-1.234461,0.2892995,5.071075,0.2493905,-0.002441883,2.44,172
"20210710122800",620.0384,103.642,294.7311,418.4931,16.51183,1182.515,59.59152,12.09478,49.77973,101.4698,9.976418,1.326618,-1.233316,0.2888227,5.071034,0.2494308,-0.003000021,3.24,185
"20210710122820",619.8944,103.5182,294.7252,417.7524,16.51243,1182.602,59.61804,12.06101,49.73674,101.4657,9.974101,1.325033,-1.233425,0.2777073,5.07141,0.2495418,0.001316786,2.6,186
"20210710122840",620.0144,103.5017,294.383,417.2016,16.50316,1183.189,59.67001,11.99833,49.83914,101.4656,9.976031,1.324822,-1.236863,0.2702419,5.073925,0.2497594,0.004807234,2.92,212
"20210710122900",620.0472,103.3954,294.5827,417.067,16.48844,1183.255,59.68685,11.88532,51.0462,101.4649,9.97656,1.323461,-1.233547,0.269443,5.074208,0.2498299,0.001487494,3.01,204
"20210710122920",619.9347,103.3263,294.567,416.3952,16.47857,1184.183,59.65609,11.82987,50.49869,101.4657,9.974749,1.322577,-1.233091,0.2602175,5.078187,0.2497011,0.0100348,2.96,191
"20210710122940",620.0641,103.3054,294.7796,415.9418,16.46123,1184.577,59.67283,11.8297,50.41377,101.4661,9.976831,1.322308,-1.22945,0.2548731,5.079878,0.2497712,0.006971359,3.6,207
"20210710123000",620.2014,103.2246,294.4929,416.0915,16.44893,1185.003,59.65193,11.80823,53.51599,101.4693,9.979041,1.321275,-1.232038,0.2581196,5.081704,0.2496837,-3.266335e-05,3,206
"20210710123020",620.5473,103.0547,294.3948,415.8719,16.43119,1187.328,59.59743,11.81652,51.8754,101.4703,9.984606,1.3191,-1.232042,0.2562991,5.091676,0.2494556,0.007061005,2.97,190
"20210710123040",620.5985,102.9934,294.2255,415.6048,16.42192,1185.956,59.69055,11.84359,52.03749,101.4659,9.98543,1.318315,-1.233437,0.2530729,5.085792,0.2498453,0.007899284,3.03,203
"20210710123100",620.6135,103.056,294.5988,415.7535,16.40075,1185.716,59.69207,11.86472,48.55696,101.4657,9.985671,1.319117,-1.227653,0.2570339,5.084762,0.2498517,0.007755756,3.01,211
"20210710123120",621.0075,103.0553,294.4422,416.0091,16.39773,1186.19,59.72618,11.83546,52.3946,101.4659,9.992011,1.319108,-1.229306,0.2611006,5.086797,0.2499945,0.007954121,2.72,192
"20210710123140",621.1394,103.2938,294.6668,416.3736,16.38765,1186.84,59.66046,11.87336,50.062,101.4668,9.994133,1.322161,-1.225998,0.267376,5.089584,0.2497194,0.0107615,2.93,189
"20210710123200",621.426,103.3401,294.3412,416.2104,16.38322,1186.613,59.7199,11.86744,51.04834,101.4661,9.998744,1.322753,-1.229554,0.2653028,5.088612,0.2499682,0.007737398,2.92,191
"20210710123220",621.1437,103.327,294.8335,415.7596,16.37898,1185.648,59.72016,11.85685,49.57262,101.4705,9.994203,1.322585,-1.223465,0.2589173,5.084469,0.2499693,0.01189542,2.93,199
"20210710123240",621.3839,103.5398,294.2438,416.1436,16.38059,1186.325,59.72408,11.89974,51.98102,101.4695,9.998067,1.32531,-1.230534,0.2645202,5.087377,0.2499857,0.0095613,2.34,192
"20210710123300",621.7996,103.5633,294.3766,415.4702,16.37455,1189.006,59.76445,11.95768,49.74372,101.4673,10.00476,1.32561,-1.228573,0.2549572,5.098872,0.2501547,0.007126093,2.89,197
"20210710123320",621.4269,103.6907,294.5216,416.5636,16.36971,1187.52,59.68876,11.94379,50.37209,101.467,9.998759,1.327241,-1.226548,0.2716885,5.092501,0.2498378,0.00211215,2.88,195
"20210710123340",621.3998,103.6487,294.8342,416.4783,16.36527,1188.053,59.76124,11.90938,50.91662,101.4663,9.998322,1.326703,-1.222566,0.2707808,5.094784,0.2501412,0.007453442,3.08,192
"20210710123400",621.6933,103.4947,294.6909,416.953,16.37293,1188.072,59.7008,11.91964,53.31931,101.4667,10.00305,1.324733,-1.224757,0.2772433,5.094865,0.2498882,0.01453471,2.2,197
"20210710123420",622.044,103.4357,294.0635,417.0923,16.37092,1188.048,59.6835,11.99478,53.81961,101.4701,10.00869,1.323977,-1.232035,0.2794899,5.094764,0.2498158,-0.0002775192,2.65,213
"20210710123440",622.0058,103.4078,293.805,416.1713,16.34834,1188.718,59.7332,12.01475,49.23556,101.47,10.00807,1.32362,-1.23362,0.2675871,5.097637,0.2500238,0.001630545,1.82,219
"20210710123500",621.7521,103.503,294.5646,417.3152,16.33121,1187.815,59.70053,11.94563,49.23752,101.4661,10.00399,1.324839,-1.223537,0.2860852,5.093766,0.2498871,0.01640225,2.43,236
"20210710123520",621.9832,103.7039,294.6864,417.1934,16.32879,1189.468,59.74569,11.89705,52.92503,101.4642,10.00771,1.32741,-1.221942,0.284462,5.100853,0.2500761,0.007537126,3.6,234
"20210710123540",621.9008,103.7016,294.4422,415.5769,16.31911,1187.066,59.76178,11.89811,50.54228,101.4657,10.00638,1.327381,-1.224197,0.2611077,5.090553,0.2501435,0.009572506,3.25,215
"20210710123600",622.2422,103.5521,294.7252,416.3215,16.32193,1187.913,59.74668,11.87024,51.81241,101.465,10.01188,1.325467,-1.221037,0.2720012,5.094185,0.2500803,0.001589298,2.59,207
"20210710123620",622.4987,103.6484,294.0056,416.4105,16.32657,1188.849,59.69287,11.92325,53.46689,101.4641,10.01601,1.326699,-1.229836,0.272949,5.0982,0.249855,0.007359743,2.54,227
"20210710123640",622.3751,103.5362,293.8611,415.9142,16.31609,1189.877,59.73914,11.94503,49.71406,101.47,10.01402,1.325263,-1.230863,0.2663957,5.102608,0.2500487,0.008233309,3.17,216
"20210710123700",622.1729,103.5361,294.0556,416.0716,16.29976,1189.554,59.77913,11.90022,51.56938,101.4642,10.01076,1.325262,-1.227506,0.2700878,5.101222,0.2502161,-0.001678944,3.02,218
"20210710123720",622.5472,103.4209,294.1985,415.7625,16.28968,1190.084,59.8062,11.87917,52.48296,101.465,10.01678,1.323788,-1.225162,0.2662998,5.103496,0.2503294,-0.002557039,2.51,209
"20210710123740",622.6938,103.5449,294.3529,417.038,16.28585,1189.672,59.7811,11.86556,52.17072,101.4655,10.01914,1.325375,-1.22309,0.285669,5.101728,0.2502244,0.008771419,2.1,188
"20210710123800",623.2832,104.033,294.4909,418.2516,16.29956,1191.696,59.75116,11.89948,51.57235,101.4652,10.02863,1.331622,-1.222351,0.3026744,5.11041,0.250099,0.009563446,1.44,197
"20210710123820",623.4688,104.4283,294.4364,418.7678,16.30944,1191.218,59.79753,11.96005,51.28735,101.4655,10.03161,1.336683,-1.223636,0.3095742,5.108356,0.2502931,0.02345634,2.56,202
"20210710123840",623.7501,104.5972,294.4789,418.6616,16.32153,1192.381,59.80685,12.03571,54.62136,101.4689,10.03614,1.338844,-1.22392,0.3069952,5.113346,0.2503321,0.01272798,2.42,201
"20210710123900",624.0668,104.8604,294.6993,418.8682,16.34411,1190.809,59.79047,12.12905,54.52712,101.4677,10.04123,1.342213,-1.222785,0.3082257,5.106604,0.2502636,0.005964994,2.46,201
"20210710123920",624.3195,104.99,293.85,416.1595,16.34592,1191.898,59.83672,12.22723,49.23494,101.4643,10.0453,1.343872,-1.232931,0.2676093,5.111272,0.2504572,-0.0008325577,3.1,216
"20210710123940",624.0368,104.7332,294.5078,415.3652,16.33342,1192.397,59.86586,12.07433,48.17949,101.4632,10.04075,1.340585,-1.224352,0.2567685,5.113412,0.2505791,0.01655459,3.12,197
"20210710124000",624.2856,104.5987,294.6817,416.3029,16.34612,1192.159,59.83184,11.97257,54.01475,101.4637,10.04476,1.338864,-1.223124,0.269734,5.112395,0.2504368,0.003960132,2.44,239
"20210710124020",624.3996,104.689,294.9335,416.8018,16.36366,1192.582,59.83589,11.99596,52.95098,101.4643,10.04659,1.34002,-1.221287,0.2757465,5.114205,0.2504537,0.01810551,1.88,203
"20210710124040",624.986,104.6703,294.6516,416.7488,16.37918,1192.865,59.86147,12.07025,50.55716,101.4647,10.05603,1.339779,-1.225627,0.2736785,5.115421,0.2505608,0.004319668,2.35,219
"20210710124100",624.9785,104.439,294.5859,416.8728,16.37455,1194.348,59.84234,11.99949,49.71032,101.4685,10.0559,1.336819,-1.2261,0.2759114,5.121779,0.2504807,0.008885861,2.55,211
"20210710124120",625.1509,104.4685,294.8185,416.3027,16.37475,1192.437,59.90935,11.9436,50.82979,101.4644,10.05868,1.337197,-1.223368,0.2673765,5.113586,0.2507612,0.009264469,3.26,206
"20210710124140",625.4632,104.4753,294.3647,416.4576,16.38342,1191.683,59.9072,11.95731,49.79644,101.4657,10.0637,1.337284,-1.229291,0.2689779,5.110353,0.2507522,0.01121545,2.57,194
"20210710124200",625.7046,104.4898,294.6332,417.3506,16.39934,1195.409,59.83029,11.97279,51.38267,101.4657,10.06759,1.337469,-1.227156,0.281009,5.12633,0.2504303,0.008045435,1.94,194
"20210710124220",625.8856,104.4673,294.8915,417.6784,16.40378,1193.824,59.89946,12.00844,48.8004,101.4657,10.0705,1.337181,-1.224392,0.2855426,5.119533,0.2507198,0.003716946,2.83,201
"20210710124240",625.9927,104.5494,294.4027,417.0265,16.41809,1194.432,59.90872,12.03978,51.35216,101.466,10.07222,1.338232,-1.231096,0.2746257,5.12214,0.2507585,0.008613348,2.6,210
"20210710124300",625.9822,104.541,294.0065,415.8559,16.41003,1194.385,59.87717,12.05981,46.94553,101.471,10.07206,1.338125,-1.235251,0.2578003,5.121938,0.2506264,-0.001740456,2.72,199
"20210710124320",625.8566,104.3877,294.3451,416.2214,16.39571,1194.415,59.85149,11.9431,43.93959,101.4701,10.07003,1.336163,-1.230322,0.2644382,5.122066,0.250519,0.01744127,1.61,211
"20210710124340",626.0462,104.4512,294.4698,417.7192,16.39833,1196.801,59.89916,11.93742,48.8491,101.466,10.07308,1.336975,-1.22902,0.2865986,5.132301,0.2507185,0.00930667,2.2,198
"20210710124400",626.1866,104.3565,294.6276,417.5959,16.39773,1195.555,59.87176,11.98953,49.23581,101.467,10.07534,1.335763,-1.227117,0.2848074,5.126956,0.2506038,0.003845215,2.63,200
"20210710124420",626.2034,104.421,295.1199,416.6242,16.40176,1194.026,59.8661,12.00203,49.02016,101.4655,10.07561,1.336589,-1.221564,0.2699594,5.120399,0.2505801,0.009890556,4.09,172
"20210710124440",626.3332,104.4642,294.9349,417.2189,16.4195,1197.515,59.83387,12.13008,50.82742,101.467,10.0777,1.337142,-1.224902,0.2773857,5.135363,0.2504452,-0.0001735687,2.16,187
"20210710124500",626.6968,104.5856,294.4979,417.313,16.43321,1194.765,59.88639,12.14022,47.046,101.4697,10.08355,1.338696,-1.230955,0.2776642,5.123568,0.2506651,0.01099968,2.37,179
"20210710124520",626.9581,104.8082,294.8198,418.341,16.45155,1198.403,59.87244,12.15212,48.02782,101.4711,10.08776,1.341544,-1.228346,0.2915137,5.139172,0.2506067,0.01194048,1.72,200
"20210710124540",627.1585,104.8923,294.3894,418.0125,16.45437,1196.007,59.91555,12.12521,47.92372,101.466,10.09098,1.342621,-1.233614,0.2863716,5.128895,0.2507871,0.01416683,1.95,216
"20210710124600",626.9727,104.7453,294.3868,417.7846,16.45216,1196.815,59.89684,12.1172,49.06763,101.4657,10.08799,1.340739,-1.2335,0.2831499,5.13236,0.2507088,0.004001856,2.93,217
"20210710124620",626.8721,104.4895,294.4268,417.4348,16.44046,1196.962,59.89059,12.05842,49.35345,101.4651,10.08637,1.337465,-1.232267,0.2788852,5.132991,0.2506826,0.01359654,2.6,199
"20210710124640",626.7905,104.3668,294.3627,417.4736,16.43401,1198.402,59.90668,11.9824,49.88739,101.4639,10.08506,1.335895,-1.232605,0.2799945,5.139166,0.25075,0.01411033,2.63,188
"20210710124700",626.8831,104.3329,294.4265,416.9826,16.42837,1199.502,59.8552,11.98806,50.06589,101.4654,10.08655,1.335461,-1.231484,0.2731252,5.14388,0.2505345,0.008963346,3.27,204
"20210710124720",626.9069,104.2216,294.7245,416.9162,16.42152,1196.17,59.92651,11.94624,48.49819,101.47,10.08693,1.334036,-1.227518,0.272698,5.129594,0.250833,0.02661467,2.11,186
"20210710124740",626.9913,104.3891,294.5531,418.0527,16.42696,1196.927,59.84688,11.98473,52.22084,101.4658,10.08829,1.33618,-1.229898,0.2892266,5.132838,0.2504997,0.02328968,2.43,204
"20210710124800",627.3116,104.5416,294.3551,418.0266,16.43462,1198.105,59.86108,12.05596,50.10324,101.4643,10.09344,1.338132,-1.232734,0.2882068,5.137891,0.2505591,0.01667881,2.73,202
"20210710124820",627.1423,104.4275,294.6173,417.4084,16.42535,1200.723,59.86484,12.00989,48.33322,101.464,10.09072,1.336673,-1.229034,0.2797341,5.149118,0.2505749,0.00370717,2.99,198
"20210710124840",627.1854,104.4026,294.6639,417.7764,16.42595,1196.262,59.87262,12.01111,50.78518,101.4631,10.09141,1.336354,-1.228523,0.2851824,5.129988,0.2506074,0.006764174,2.73,207
"20210710124900",627.4359,104.5409,294.6231,418.1594,16.43301,1194.36,59.86308,12.0774,50.31504,101.463,10.09545,1.338124,-1.229464,0.2903236,5.121833,0.2505675,0.01346827,2.45,207
"20210710124920",627.571,104.7945,294.5944,417.7918,16.43321,1196.53,59.84512,12.09096,47.74026,101.4658,10.09762,1.34137,-1.229816,0.2848176,5.131136,0.2504923,-0.006039381,2.46,214
"20210710124940",627.5952,104.8705,294.1219,418.0042,16.43321,1199.688,59.86788,12.0545,48.99873,101.4663,10.09801,1.342342,-1.235395,0.2879908,5.144678,0.2505876,0.0003392696,2.43,188
"20210710125000",627.5085,104.7161,294.5378,418.7962,16.4326,1199.057,59.84234,12.05178,50.63279,101.461,10.09661,1.340366,-1.230446,0.2998694,5.141976,0.2504807,0.01364112,2.08,217
"20210710125020",627.6812,105.0816,294.4232,418.4137,16.43724,1199.048,59.82664,12.04229,49.51516,101.4608,10.09939,1.345044,-1.232099,0.2937766,5.141935,0.250415,-0.007752657,2.84,219
"20210710125040",627.5538,104.9391,295.1765,419.2892,16.43422,1198.171,59.84246,12.05455,51.12949,101.4603,10.09734,1.34322,-1.223007,0.3071059,5.138176,0.2504812,0.01157904,2.85,196
"20210710125100",628.2861,105.0036,294.8275,418.5003,16.4582,1200.417,59.83988,12.06784,48.26124,101.4606,10.10912,1.344046,-1.228687,0.2933452,5.147805,0.2504704,0.01557636,2.47,167
"20210710125120",628.3052,104.7935,295.0247,417.9674,16.46728,1200.115,59.8206,12.1051,46.28055,101.4614,10.10943,1.341356,-1.22695,0.2846349,5.14651,0.2503897,0.01123691,2.45,171
"20210710125140",628.4043,104.5688,295.3883,419.36,16.4957,1198.308,59.86645,12.11847,48.87475,101.465,10.11103,1.338481,-1.224506,0.3031021,5.138762,0.2505816,0.01727796,1.92,175
"20210710125200",628.7902,104.6971,295.3661,420.1514,16.53823,1202.084,59.85278,12.2564,52.52663,101.4647,10.11723,1.340123,-1.227537,0.3114217,5.154957,0.2505244,0.009191513,1.21,200
"20210710125220",629.2792,104.8331,295.2015,419.3148,16.56202,1201.013,59.75119,12.36023,50.76664,101.4629,10.1251,1.341863,-1.231029,0.2969642,5.15036,0.2500992,0.000310421,3.24,223
"20210710125240",629.1369,104.5148,294.7537,418.7207,16.58319,1199.145,59.89681,12.42913,49.03002,101.464,10.12281,1.337789,-1.237697,0.2863433,5.14235,0.2507087,0.0162034,3.15,183
"20210710125300",628.7702,104.1566,294.5152,417.7182,16.59307,1201.341,59.86172,12.41193,46.97592,101.4637,10.11691,1.333205,-1.241158,0.2705505,5.15177,0.2505618,-0.003107548,2.09,165
"20210710125320",628.5203,104.0959,294.6129,418.3316,16.58883,1200.15,59.85658,12.30059,45.8322,101.4633,10.11289,1.332427,-1.239728,0.2800653,5.146659,0.2505403,-0.008486033,1.72,161
"20210710125340",628.5845,104.1941,294.8438,419.2556,16.5852,1202.856,59.88508,12.21936,45.42151,101.4635,10.11393,1.333685,-1.236765,0.2941686,5.158263,0.2506596,0.001265287,2.23,190
"20210710125400",628.7261,104.2351,294.8003,420.7426,16.59145,1199.793,59.84713,12.15505,49.04732,101.4633,10.1162,1.334209,-1.237686,0.3158694,5.145132,0.2505007,0.01498675,2.15,224
"20210710125420",628.8865,104.2624,294.7899,419.9728,16.58742,1199.554,59.84462,12.1627,50.97684,101.4594,10.11878,1.334558,-1.237547,0.3046987,5.144106,0.2504902,0.009825468,1.85,229
"20210710125440",628.8672,104.3189,294.6576,419.7508,16.57996,1201.612,59.86762,12.21255,49.72985,101.46,10.11847,1.335282,-1.238622,0.3019992,5.152932,0.2505865,0.005399942,2.54,211
"20210710125500",628.9944,104.4336,295.1241,419.6007,16.5723,1202.743,59.85407,12.17855,49.83167,101.4597,10.12052,1.336751,-1.232613,0.3003883,5.157781,0.2505298,0.01380658,1.84,227
"20210710125520",629.3006,104.4351,295.1714,419.8048,16.57774,1202.013,59.86702,12.2168,50.09564,101.4594,10.12545,1.336769,-1.232409,0.3029901,5.154652,0.250584,0.004348755,2.59,210
"20210710125540",629.776,104.5239,295.0788,419.8489,16.58641,1202.277,59.85999,12.2306,50.82241,101.4614,10.1331,1.337906,-1.234069,0.3029322,5.155781,0.2505546,0.001188994,2.91,205
"20210710125600",629.9269,104.3884,294.7489,419.1786,16.59024,1202.606,59.89565,12.26771,49.59618,101.4631,10.13552,1.336172,-1.238214,0.292603,5.157191,0.2507038,0.0172925,3.24,185
"20210710125620",629.8622,104.1864,294.5659,417.4194,16.58702,1201.915,59.87998,12.2311,46.09428,101.4592,10.13448,1.333586,-1.240163,0.2665881,5.154232,0.2506382,0.0144732,3.01,171
"20210710125640",629.8184,103.9852,294.5825,417.173,16.57815,1202.835,59.88783,12.17064,45.51584,101.4591,10.13378,1.331011,-1.239391,0.2636347,5.158175,0.2506711,0.001595497,2.34,177
"20210710125700",629.9109,103.9959,294.4696,417.3936,16.56666,1203.902,59.92212,12.14011,46.96593,101.4601,10.13527,1.331148,-1.239975,0.2678794,5.162752,0.2508146,0.003846645,2.55,180
"20210710125720",629.9063,104.0322,294.9027,418.1176,16.55597,1202.448,59.92594,12.03489,46.09164,101.4584,10.13519,1.331612,-1.234164,0.2795756,5.156516,0.2508306,0.0004720688,2.98,176
"20210710125740",629.9089,104.0974,294.949,417.3006,16.55376,1205.104,59.90803,12.01014,45.54552,101.4585,10.13524,1.332447,-1.233472,0.2675537,5.167905,0.2507556,0.01085758,2.93,197
"20210710125800",630.2836,103.9478,294.6889,418.2644,16.55839,1203.455,59.84658,11.99504,47.99946,101.4635,10.14126,1.330532,-1.236847,0.2815708,5.160832,0.2504984,0.01402497,2.88,199
"20210710125820",630.4133,103.9899,294.5425,418.1865,16.56202,1205.085,59.90422,12.023,46.42665,101.4615,10.14335,1.33107,-1.238812,0.2801079,5.167825,0.2507397,0.02303171,2.6,187
"20210710125840",630.4302,104.0492,294.4969,417.9219,16.56726,1204.722,59.89452,12.04168,47.8066,101.4591,10.14362,1.33183,-1.239692,0.2757213,5.16627,0.2506991,0.01575303,2.93,197
"20210710125900",630.2531,103.9915,294.5073,417.2129,16.55638,1205.154,59.90748,12.102,46.58363,101.4582,10.14077,1.331091,-1.23886,0.2660274,5.168119,0.2507533,0.02249885,2.75,202
"20210710125920",630.3152,103.9386,294.4066,417.6248,16.55154,1203.045,59.88179,12.04128,45.81882,101.4577,10.14177,1.330414,-1.239735,0.2725776,5.159076,0.2506458,0.00962472,2.13,185
"20210710125940",630.4329,104.1975,294.7946,419.649,16.56101,1205.341,59.83658,12.02288,49.25768,101.4588,10.14367,1.333728,-1.23577,0.3020394,5.168922,0.2504566,0.0005538464,1.43,185
"20210710130000",630.7532,104.5251,294.8788,420.4696,16.56908,1206.811,59.85838,12.01498,47.98129,101.4609,10.14882,1.337921,-1.235299,0.3136362,5.175227,0.2505478,0.008780956,1.33,196
"20210710130020",630.8888,104.7805,294.7442,420.7954,16.57533,1204.663,59.8734,12.03691,48.57866,101.4591,10.151,1.34119,-1.237297,0.3179872,5.166015,0.2506107,0.01271987,1.17,199
"20210710130040",631.1186,104.8409,294.8501,420.4098,16.58722,1205.212,59.92004,12.068,49.25515,101.4563,10.1547,1.341963,-1.236822,0.3112471,5.168368,0.2508059,0.0002477169,1.79,211
"20210710130100",631.289,104.8238,294.6883,420.5015,16.59105,1205.338,59.90035,12.16515,51.38798,101.4541,10.15744,1.341745,-1.238981,0.3123024,5.168908,0.2507235,0.005720854,2.53,200
"20210710130120",631.1504,104.4942,295.0244,420.2909,16.60012,1205.956,59.90436,12.233,51.64338,101.4536,10.15521,1.337526,-1.235604,0.3084056,5.171559,0.2507403,0.00321722,2.83,212
"20210710130140",631.1811,104.2753,294.8413,419.4036,16.5977,1208.638,59.91444,12.27507,50.45568,101.4547,10.1557,1.334724,-1.237607,0.2953513,5.18306,0.2507825,0.01519847,3.28,217
"20210710130200",631.1222,104.1322,294.5607,418.19,16.58883,1206.933,59.89528,12.24618,48.37621,101.4545,10.15476,1.332892,-1.240344,0.2779489,5.175749,0.2507023,0.01232743,3.12,230
"20210710130220",630.8186,103.8118,294.3525,417.2486,16.56867,1206.156,59.96377,12.12804,47.09576,101.4593,10.14987,1.328791,-1.241489,0.2655464,5.172418,0.250989,0.00086236,2.45,206
"20210710130240",630.7364,103.6391,294.6424,418.2176,16.55033,1205.285,59.89337,11.93901,47.69371,101.4571,10.14855,1.32658,-1.236871,0.2815346,5.168684,0.2506943,0.004188061,2.54,210
"20210710130300",630.7529,103.76,294.4128,417.7546,16.52473,1206.386,59.89497,11.85135,46.89578,101.4547,10.14881,1.328127,-1.237915,0.2767267,5.173405,0.250701,0.005803347,1.49,207
"20210710130320",630.607,104.0252,294.9083,419.3282,16.508,1205.744,59.92394,11.78132,48.23721,101.4565,10.14647,1.331523,-1.230974,0.301614,5.170652,0.2508222,0.01547051,2.43,227
"20210710130340",631.0687,104.3238,295.118,420.1316,16.50679,1204.791,59.90791,11.79872,50.63608,101.4567,10.15389,1.335344,-1.228418,0.3137169,5.166563,0.2507551,0.006160021,2.19,212
"20210710130400",631.1771,104.3422,294.576,419.4005,16.50336,1207.561,59.92508,11.85691,53.47014,101.4567,10.15564,1.33558,-1.234598,0.3030758,5.17844,0.250827,0.01087332,2.7,232
"20210710130420",631.296,104.1969,294.5698,419.3774,16.49973,1206.5,59.924,11.97723,52.46569,101.4566,10.15755,1.33372,-1.234434,0.3030297,5.173892,0.2508225,0.003928661,2.97,233
"20210710130440",631.2823,104.0791,294.7336,418.9531,16.4826,1206.996,59.903,11.99303,49.66817,101.4597,10.15733,1.332213,-1.231385,0.2980998,5.176018,0.2507346,0.01403832,2.72,241
"20210710130500",631.6286,104.1615,295.2334,419.7022,16.50215,1207,59.91881,12.10083,53.87778,101.4553,10.1629,1.333267,-1.226754,0.3076849,5.176038,0.2508008,0.02250695,2.52,216
"20210710130520",631.8829,104.3125,294.7858,418.691,16.51727,1205.289,59.9578,12.28498,50.26673,101.4557,10.167,1.335199,-1.233026,0.29133,5.168699,0.2509639,-0.00531292,3.12,210
"20210710130540",632.3625,104.2686,294.8404,419.1598,16.54448,1207.825,59.94779,12.32491,54.41821,101.4531,10.17471,1.334638,-1.234153,0.2960915,5.179576,0.2509221,0.009750366,3.02,224
"20210710130600",632.164,104.0307,294.1593,417.7009,16.53964,1208.731,59.94642,12.34636,49.13779,101.4554,10.17152,1.331593,-1.241881,0.2746958,5.183458,0.2509163,0.01982903,2.78,220
"20210710130620",632.056,103.8284,294.2412,417.9239,16.53622,1207.58,59.96904,12.26098,49.95227,101.454,10.16978,1.329004,-1.240691,0.2783085,5.178522,0.251011,-0.002083778,3.25,231
"20210710130640",631.6567,103.6053,294.1656,416.8359,16.51142,1207.867,59.97839,12.15405,46.89927,101.4577,10.16336,1.326148,-1.239968,0.2640977,5.179753,0.2510501,0.01805997,2.25,235
"20210710130700",631.3121,103.5211,294.3618,417.2054,16.48542,1209.03,59.99112,12.04525,48.61131,101.4567,10.15781,1.32507,-1.235959,0.2717578,5.184744,0.2511034,0.01062012,2.9,222
"20210710130720",631.3505,103.6706,294.5757,417.4809,16.47836,1208.724,59.97236,11.99264,47.71756,101.4547,10.15843,1.326984,-1.232974,0.2764542,5.183431,0.2510249,0.01199746,2.29,207
"20210710130740",631.5728,103.7934,294.8117,418.5178,16.47373,1207.49,60.00348,11.91622,50.37926,101.4541,10.16201,1.328555,-1.229885,0.2923287,5.178136,0.2511551,0.01047158,2.78,215
"20210710130800",631.7777,103.8341,294.5817,417.7854,16.46284,1209.138,59.99843,11.91692,48.7601,101.4545,10.1653,1.329077,-1.231892,0.2822828,5.185205,0.251134,0.005358696,3.04,218
"20210710130820",631.6726,103.8042,294.6425,417.5302,16.45196,1207.085,59.96617,11.91687,50.19462,101.4557,10.16361,1.328694,-1.230467,0.2793644,5.1764,0.250999,0.01046705,2.65,214
"20210710130840",632.0466,103.8526,294.6517,418.0421,16.45659,1208.181,59.97209,11.9402,54.41309,101.4568,10.16963,1.329314,-1.230661,0.2866304,5.181102,0.2510238,0.01950359,2.64,224
"20210710130900",632.2163,103.9137,293.9925,417.2723,16.45175,1209.34,60.0202,12.0501,50.2425,101.4596,10.17236,1.330095,-1.23813,0.2755285,5.186072,0.2512251,0.007521868,3.09,224
"20210710130920",631.8589,103.7069,294.2785,416.9859,16.4316,1209.076,60.00523,12.01194,48.74262,101.4543,10.16661,1.327448,-1.233442,0.2729068,5.184939,0.2511625,0.009823322,2.64,208
"20210710130940",632.1496,103.6744,294.4604,418.003,16.4324,1208.21,60.03867,12.00122,52.80858,101.4554,10.17129,1.327032,-1.231345,0.2880382,5.181227,0.2513025,0.002743721,2.99,223
"20210710131000",632.1264,103.6686,294.3934,417.6505,16.41486,1213.422,60.0393,12.00155,49.63257,101.4559,10.17091,1.326958,-1.230996,0.2842154,5.203575,0.2513051,-0.003388643,2.09,205
"20210710131020",632.454,103.5341,294.3322,418.1677,16.40216,1209.762,59.98095,12.00692,49.64333,101.4566,10.17619,1.325237,-1.230893,0.2929861,5.187882,0.2510609,0.008836031,2.38,210
"20210710131040",632.4494,103.6217,294.6767,418.8255,16.39208,1209.531,60.04834,11.95915,50.60461,101.4566,10.17611,1.326357,-1.22617,0.3036425,5.186891,0.2513429,-0.002078772,2.13,211
"20210710131100",632.7423,103.939,294.3748,418.5254,16.38886,1208.345,60.05986,12.03339,52.07244,101.4597,10.18082,1.330419,-1.229525,0.2994247,5.181806,0.2513911,0.02091813,3.51,219
"20210710131120",632.662,103.9286,294.1531,416.947,16.37092,1212.443,60.05356,12.04188,48.19067,101.4584,10.17953,1.330287,-1.230976,0.2773181,5.199378,0.2513648,0.001446962,2.47,217
"20210710131140",632.8087,103.9574,294.2776,417.8107,16.37374,1210.356,60.11094,11.98055,49.21778,101.4565,10.18189,1.330655,-1.229691,0.2899897,5.19043,0.2516049,0.005949259,2.57,222
"20210710131200",633.2596,104.1126,294.229,417.5884,16.36668,1211.253,60.10338,11.95932,47.09732,101.4564,10.18915,1.332641,-1.229804,0.2872513,5.194276,0.2515733,0.01835299,2.17,210
"20210710131220",633.222,104.0623,294.7244,417.8201,16.3558,1211.894,60.05902,11.89025,46.65968,101.4559,10.18854,1.331998,-1.223248,0.2916051,5.197026,0.2513877,0.007582665,2.04,216
"20210710131240",633.5668,104.2452,295.2017,418.6855,16.36608,1210.421,60.11756,11.87346,50.98932,101.4563,10.19409,1.334338,-1.218279,0.3036893,5.190707,0.2516327,0.0005459785,2.44,190
"20210710131300",633.9146,104.4406,294.5357,419.132,16.38322,1212.5,60.07378,11.97331,51.75499,101.4598,10.19969,1.33684,-1.227258,0.3089521,5.199624,0.2514494,0.01621532,3.12,218
"20210710131320",633.8857,104.4415,294.9189,418.6455,16.38422,1211.768,60.09794,12.01371,50.58057,101.4609,10.19922,1.336851,-1.222798,0.3016003,5.196483,0.2515505,0.01798582,2.21,201
"20210710131340",634.2853,104.5314,295.1939,419.85,16.41386,1211.948,60.08847,12.13424,53.65968,101.4576,10.20565,1.338002,-1.221476,0.3171586,5.197256,0.2515109,0.02023792,2.89,214
"20210710131400",634.9956,104.6339,295.3709,419.7098,16.44732,1210.374,60.11099,12.30812,51.53186,101.4565,10.21708,1.339313,-1.221564,0.3123097,5.190506,0.2516052,0.02417588,2.14,201
"20210710131420",635.1322,104.7605,294.664,419.7889,16.48098,1212.207,60.11881,12.41965,50.53392,101.4572,10.21928,1.340934,-1.232102,0.3107199,5.198365,0.2516379,0.009109974,3.09,217
"20210710131440",634.7128,104.472,293.9447,417.6964,16.47232,1212.023,60.14056,12.3511,47.12496,101.4562,10.21253,1.337242,-1.240033,0.2801725,5.197576,0.2517289,-0.001672268,3.57,222
"20210710131500",634.2712,104.1836,294.5704,418.0325,16.46365,1213.14,60.16052,12.20501,47.60687,101.4582,10.20543,1.33355,-1.232079,0.2859066,5.202367,0.2518125,0.0003402233,2.9,210
"20210710131520",634.359,104.0886,294.9109,418.8313,16.47171,1213.681,60.18345,12.16665,50.6329,101.462,10.20684,1.332334,-1.228583,0.297178,5.204687,0.2519085,0.01184249,2.75,212
"20210710131540",634.4456,104.1086,294.6182,417.7379,16.48038,1213.174,60.16492,12.19215,50.52071,101.4583,10.20823,1.33259,-1.232603,0.2801284,5.202514,0.2518309,0.008604288,3.79,212
"20210710131600",634.3433,104.0558,294.4557,417.173,16.48038,1214.935,60.13053,12.21659,50.04271,101.457,10.20658,1.331914,-1.234523,0.2716887,5.210064,0.251687,0.01252723,3.28,227
"20210710131620",634.5202,103.9861,294.5885,416.7795,16.47977,1212.82,60.21446,12.26374,48.24256,101.4562,10.20943,1.331022,-1.232914,0.2658603,5.200996,0.2520383,-0.001080036,3.71,223
"20210710131640",634.0508,103.8636,294.6404,415.9914,16.46203,1213.752,60.2293,12.18578,48.12825,101.4567,10.20188,1.329454,-1.231147,0.2555458,5.204993,0.2521004,0.01580167,4.08,223
"20210710131700",634.0411,103.8123,294.5656,415.042,16.45014,1215.04,60.2502,12.06169,46.34909,101.4573,10.20172,1.328797,-1.231257,0.2423411,5.210513,0.2521878,0.01766181,3.49,215
"20210710131720",634.1449,103.729,294.9636,416.0748,16.43482,1216.673,60.25034,11.96217,48.97452,101.4611,10.20339,1.327731,-1.22556,0.2590325,5.217518,0.2521884,0.008117676,1.74,229
"20210710131740",634.6808,104.0294,295.7667,418.1284,16.44853,1214.238,60.27006,11.95735,52.42964,101.4599,10.21201,1.331577,-1.216966,0.2885843,5.207074,0.252271,0.02040982,2.57,217
"20210710131800",635.2961,104.3289,294.5927,417.9308,16.46889,1215.199,60.30304,12.1553,52.33931,101.4567,10.22191,1.33541,-1.232158,0.2839556,5.211197,0.252409,0.02009559,4.28,220
"20210710131820",635.2094,104.126,294.1971,415.6578,16.45458,1215.28,60.30973,12.18164,47.46425,101.4558,10.22052,1.332813,-1.235898,0.2511739,5.211543,0.252437,-0.004611492,3.92,227
"20210710131840",634.7995,103.765,294.4009,415.6114,16.43986,1215.549,60.3104,12.02056,48.50383,101.455,10.21392,1.328192,-1.232532,0.2516939,5.212696,0.2524399,0.01078725,3.42,222
"20210710131900",635.0604,103.7158,294.6857,416.3244,16.42958,1215.683,60.25322,12.0403,50.01443,101.4534,10.21812,1.327562,-1.2285,0.2631932,5.213273,0.2522005,0.008609772,3.24,237
"20210710131920",635.6339,103.9217,294.963,416.6368,16.43119,1217.337,60.35793,12.08458,50.98711,101.4554,10.22735,1.330197,-1.225331,0.2677272,5.220364,0.2526388,0.01852894,3.35,226
"20210710131940",636.4676,104.217,294.8885,417.4762,16.45397,1217.214,60.38686,12.22181,55.13143,101.4597,10.24076,1.333978,-1.227694,0.2783925,5.219836,0.2527598,-0.001817942,2.54,219
"20210710132000",638.2045,104.724,294.8905,418.1384,16.48421,1219.468,60.48793,12.40117,53.34585,101.4544,10.26871,1.340467,-1.229638,0.285795,5.229504,0.2531829,0.02763939,2.76,230
"20210710132020",640.6289,105.3182,294.5919,418.3506,16.50779,1223.999,60.70513,12.52107,49.53334,101.4532,10.30772,1.348073,-1.234698,0.2870253,5.248932,0.254092,0.003311157,2.31,234
"20210710132040",646.4396,106.2911,294.8759,418.1819,16.52977,1241.583,61.52574,12.51722,49.65294,101.4523,10.40121,1.360526,-1.232774,0.2826957,5.32434,0.2575269,-0.0007534027,3.7,240
"20210710132100",516.5169,81.64718,294.1684,417.0036,16.54206,1008.577,50.13727,12.52092,53.16289,101.4529,8.310757,1.045084,-1.24193,0.264079,4.32513,0.2098584,0.001267195,3.66,227
"20210710132120",619.88,101.2684,294.7108,417.2114,16.56162,1204.775,59.74224,12.53622,52.33347,101.4537,9.97387,1.296235,-1.236798,0.2655724,5.166496,0.2500617,0.00525403,2.84,227
"20210710132140",630.8341,103.1844,295.0821,416.7898,16.57069,1195.339,59.26564,12.54402,49.48038,101.4558,10.15012,1.32076,-1.233004,0.2585274,5.12603,0.2480668,-0.005025625,2.92,206
"20210710132200",635.526,103.879,295.5542,417.4267,16.58016,1219.201,60.52162,12.5239,50.72622,101.4561,10.22561,1.329651,-1.228047,0.2672597,5.22836,0.2533239,0.0002243519,2.86,218
"20210710132220",638.0712,104.3303,295.4291,418.2675,16.59851,1220.627,60.40834,12.49945,50.85903,101.456,10.26657,1.335428,-1.230719,0.2783101,5.234476,0.2528498,-0.004723549,2.28,219
"20210710132240",637.8692,104.2954,295.2408,418.2586,16.61947,1217.755,60.40242,12.57021,51.01604,101.4558,10.26332,1.334981,-1.234309,0.276448,5.222159,0.252825,0.01320601,2.49,231
"20210710132300",636.9285,104.0838,295.0256,417.777,16.61947,1218.431,60.434,12.55273,51.82392,101.4558,10.24818,1.332272,-1.236851,0.2692533,5.225056,0.2529572,0.009233236,3.14,243
"20210710132320",636.8184,104.0018,295.0378,418.0397,16.63661,1215.922,60.30134,12.58505,50.83867,101.454,10.24641,1.331223,-1.237822,0.2717662,5.214297,0.2524019,0.005946636,2.67,220
"20210710132340",636.7747,104.0011,294.6601,417.1091,16.64003,1218.151,60.3719,12.58785,49.47678,101.4542,10.24571,1.331214,-1.242508,0.2575795,5.223857,0.2526973,-0.00634551,3.44,227
"20210710132400",636.5806,103.9832,294.7426,417.1753,16.63419,1218.347,60.39166,12.52695,49.73466,101.4559,10.24258,1.330985,-1.241151,0.2590505,5.224696,0.25278,0.0104301,2.94,229
"20210710132420",635.8178,103.8499,294.6995,416.284,16.61766,1218.138,60.30579,12.43543,47.698,101.453,10.23031,1.329278,-1.240583,0.2470987,5.223801,0.2524205,0.01104832,3.4,216
"20210710132440",635.499,103.6768,295.1973,416.3455,16.5981,1217.625,60.44338,12.28679,47.85355,101.4527,10.22518,1.327063,-1.23343,0.2496281,5.221602,0.2529964,-0.0012362,3.13,222
"20210710132500",635.4172,103.58,294.9041,415.9251,16.57795,1218.364,60.34456,12.16716,47.17404,101.4525,10.22386,1.325823,-1.235579,0.2450089,5.22477,0.2525828,0.004685164,2.99,212
"20210710132520",635.4194,103.4924,295.14,416.4503,16.55839,1218.477,60.36536,12.00728,47.4527,101.4534,10.2239,1.324703,-1.231519,0.2544673,5.225252,0.2526699,0.01802897,2.89,210
"20210710132540",635.4666,103.3624,295.0817,417.8058,16.54186,1218.766,60.3541,12.00575,52.94372,101.4538,10.22466,1.323039,-1.231132,0.2760797,5.226495,0.2526227,0.01190877,2.3,215
"20210710132600",635.7088,103.6049,295.4784,418.4092,16.534,1217.671,60.36227,12.01189,49.41067,101.4583,10.22856,1.326143,-1.225935,0.2857426,5.221796,0.2526569,0.004715204,2.32,205
"20210710132620",635.9321,104.0008,295.3839,418.1768,16.52674,1218.585,60.36472,12.02327,46.57369,101.4554,10.23215,1.33121,-1.226579,0.2828688,5.225717,0.2526672,0.0005509853,2.12,206
"20210710132640",636.0889,104.1303,295.649,418.7865,16.51868,1216.902,60.3977,11.94341,49.36738,101.4547,10.23467,1.332868,-1.222923,0.2926417,5.218502,0.2528052,0.01437402,1.87,214
"20210710132700",636.4918,104.4493,296.2211,420.8211,16.53581,1220.073,60.33466,12.03949,54.80155,101.4535,10.24115,1.336951,-1.217282,0.3216257,5.232097,0.2525414,0.01474619,2,203
"20210710132720",637.0322,104.8179,295.6031,420.5128,16.56001,1217.723,60.32816,12.1897,53.71234,101.4545,10.24985,1.34167,-1.226155,0.3150289,5.222021,0.2525142,0.009642601,2.96,201
"20210710132740",636.7966,104.692,295.3702,418.8758,16.57432,1217.304,60.41092,12.23677,50.12624,101.4544,10.24606,1.340057,-1.229838,0.2893921,5.220226,0.2528605,0.01136851,3.37,194
"20210710132800",636.5905,104.4546,294.8669,416.9808,16.5727,1218.16,60.35832,12.30632,47.31244,101.4588,10.24274,1.337018,-1.235676,0.2612149,5.223894,0.2526404,0.003742695,3,192
"20210710132820",636.426,104.13,295.1039,417.0945,16.56565,1219.741,60.39192,12.188,46.11472,101.46,10.24009,1.332864,-1.232419,0.2634935,5.230674,0.252781,0.01374269,2.17,196
"20210710132840",635.7952,104.1497,295.3973,418.7538,16.56061,1218.349,60.34149,12.07189,46.9617,101.4551,10.22995,1.333116,-1.228625,0.2886989,5.224704,0.25257,0.02576733,1.96,200
"20210710132900",635.7839,104.2437,295.6975,419.6932,16.55476,1219.254,60.35046,12.01615,49.73496,101.4559,10.22976,1.334319,-1.224701,0.3032128,5.228585,0.2526075,0.0281868,2.89,215
"20210710132920",636.0109,104.3739,295.6384,418.3556,16.54529,1218.834,60.41863,11.99327,50.81606,101.4543,10.23342,1.335986,-1.22478,0.284011,5.226785,0.2528929,-0.0002672672,3.22,198
"20210710132940",635.8909,104.2265,295.6077,418.2884,16.54146,1218.607,60.36282,11.9841,49.16242,101.4557,10.23148,1.3341,-1.224894,0.2833221,5.225811,0.2526593,0.03146791,2.66,218
"20210710133000",635.9329,104.2073,295.4249,418.7849,16.53844,1217.246,60.37544,12.04369,52.45858,101.4565,10.23216,1.333853,-1.226854,0.2909912,5.219976,0.252712,0.00245595,3.72,211
"20210710133020",635.631,103.8824,295.3081,417.9337,16.52795,1216.099,60.36784,12.13427,52.78255,101.4579,10.2273,1.329694,-1.227552,0.2791364,5.215057,0.2526802,0.006951809,2.2,211
"20210710133040",635.9501,104.0343,295.8545,419.5208,16.53783,1219.67,60.39676,12.14895,52.64443,101.4584,10.23244,1.331639,-1.221743,0.3020329,5.23037,0.2528013,0.001742125,1.9,196
"20210710133100",636.5494,104.4665,296.0952,419.6727,16.56121,1215.481,60.36144,12.22683,51.5541,101.4632,10.24208,1.337171,-1.220423,0.3023758,5.212405,0.2526534,0.003258705,1.61,202
"20210710133120",636.6823,104.6131,295.3163,418.0821,16.55779,1218.571,60.40937,12.20117,47.75176,101.4633,10.24422,1.339048,-1.229399,0.2788955,5.225656,0.2528541,0.01671982,2.94,199
"20210710133140",636.5394,104.4579,295.9455,418.5319,16.55376,1219.645,60.44884,12.13368,49.36347,101.4594,10.24192,1.337061,-1.221704,0.2859487,5.230262,0.2530193,0.01615357,2.79,222
"20210710133200",636.6827,104.4862,295.5462,418.0925,16.55013,1220.192,60.46755,12.1035,47.38152,101.4597,10.24423,1.337423,-1.226185,0.2796809,5.232609,0.2530976,0.0132916,2.94,207
"20210710133220",636.6236,104.557,295.434,417.8614,16.54267,1218.343,60.50849,12.01841,47.68671,101.46,10.24327,1.338329,-1.227023,0.2768441,5.224678,0.253269,0.01488876,2.45,194
"20210710133240",636.5962,104.536,295.425,417.2196,16.53602,1218.402,60.44204,12.05079,49.89113,101.4603,10.24283,1.338061,-1.226697,0.2678031,5.22493,0.2529908,0.005473614,3.37,223
"20210710133300",636.7045,104.3921,295.553,417.2132,16.52896,1219.919,60.5315,12.04607,48.443,101.4631,10.24458,1.336219,-1.224726,0.268289,5.231439,0.2533652,0.006527186,3.25,216
"20210710133320",636.7915,104.4753,295.3327,417.5833,16.53682,1219.777,60.53467,12.06765,49.76095,101.465,10.24598,1.337284,-1.22784,0.2731703,5.230829,0.2533785,0.01149035,2.62,192
"20210710133340",636.7754,104.3579,295.2322,417.4056,16.52372,1220.725,60.52133,12.00097,46.03703,101.4599,10.24572,1.335782,-1.228173,0.2715944,5.234894,0.2533227,0.0007023811,2.33,204
"20210710133400",636.868,104.3539,295.5559,417.7677,16.52332,1219.06,60.48988,11.95944,48.40279,101.4602,10.24721,1.33573,-1.224324,0.2770377,5.227753,0.2531911,0.007113934,2.42,188
"20210710133420",637.0728,104.3606,295.8729,418.5722,16.5207,1220.521,60.47644,11.9166,49.15978,101.4597,10.2505,1.335816,-1.22041,0.2892733,5.23402,0.2531348,0.01046872,2.64,217
"20210710133440",637.1699,104.5164,295.9518,418.8061,16.52755,1220.897,60.52993,12.0029,51.54892,101.4591,10.25207,1.33781,-1.219925,0.2922024,5.235631,0.2533587,0.006819725,3.34,206
"20210710133500",637.6143,104.7136,295.4785,418.0878,16.54569,1219.698,60.56782,12.07748,50.48522,101.4603,10.25921,1.340334,-1.226695,0.2799776,5.23049,0.2535173,0.01040173,2.7,219
"20210710133520",637.5477,104.6247,295.3284,417.9341,16.55053,1220.653,60.50632,12.20063,51.03102,101.4631,10.25814,1.339196,-1.228784,0.2772822,5.234585,0.2532599,0.01059079,2.98,227
"20210710133540",637.3852,104.4236,295.4828,417.7331,16.55356,1220.239,60.51574,12.25636,49.14894,101.4606,10.25553,1.336622,-1.227157,0.2740294,5.23281,0.2532993,0.00919199,3.51,232
"20210710133600",637.4609,104.2884,295.661,419.0981,16.56746,1220.521,60.48455,12.26951,50.1903,101.4584,10.25675,1.334891,-1.225958,0.293277,5.23402,0.2531688,-0.005208016,2.84,225
"20210710133620",637.8485,104.4504,296.0028,419.0105,16.58802,1221.187,60.56608,12.34895,51.59486,101.4585,10.26298,1.336965,-1.22326,0.2902758,5.236875,0.25351,0.002431631,2.17,202
"20210710133640",638.0557,104.5359,295.7902,419.4859,16.61766,1220.875,60.6026,12.35778,51.48409,101.4582,10.26632,1.33806,-1.227701,0.2949355,5.235536,0.2536629,0.006461382,3.22,213
"20210710133700",637.957,104.5532,295.61,418.0504,16.61101,1222.147,60.58047,12.35528,48.82822,101.4568,10.26473,1.338281,-1.229397,0.2740372,5.240991,0.2535703,0.008522987,3.38,220
"20210710133720",637.9274,104.449,295.4439,418.1434,16.62209,1221.21,60.54221,12.28451,51.32896,101.4599,10.26425,1.336947,-1.232082,0.2745099,5.236972,0.2534101,0.009001494,3.61,196
"20210710133740",637.8308,104.2659,295.0677,417.2524,16.62169,1220.775,60.60726,12.23386,50.4876,101.4607,10.2627,1.334604,-1.236497,0.2612345,5.235106,0.2536824,0.002189159,2.6,211
"20210710133800",637.4977,104.205,295.1452,417.2152,16.60879,1221.363,60.58152,12.19798,47.9441,101.457,10.25734,1.333824,-1.234742,0.261741,5.23763,0.2535747,0.02389598,2.83,212
"20210710133820",637.2383,103.9978,294.9085,416.5728,16.58057,1221.166,60.59095,12.08881,45.72122,101.4569,10.25316,1.331172,-1.235698,0.2544707,5.236785,0.2536141,0.01850033,3.61,222
"20210710133840",636.9182,103.94,295.0063,416.4578,16.55416,1221.545,60.59658,11.97557,45.88101,101.4556,10.24801,1.330431,-1.232824,0.2549277,5.23841,0.2536377,0.0008747578,2.78,227
"20210710133900",636.8574,103.8697,295.5437,417.4523,16.52594,1222.329,60.54933,11.91318,48.14226,101.4566,10.24704,1.329532,-1.22464,0.2721096,5.241772,0.2534399,0.0002765655,2.68,186
"20210710133920",637.203,104.1197,295.4917,417.9691,16.53844,1221.745,60.64658,11.98768,50.90004,101.4567,10.2526,1.332732,-1.226066,0.2788028,5.239267,0.2538469,0.001814127,3.56,184
"20210710133940",637.3262,104.1975,295.8467,417.6594,16.53138,1222.48,60.62611,12.01333,48.08697,101.4609,10.25458,1.333729,-1.221415,0.2747558,5.242419,0.2537613,0.0006184578,4.21,192
"20210710134000",637.3124,104.2898,295.3456,416.9082,16.53682,1221.769,60.59818,12.01465,49.24823,101.4561,10.25436,1.334909,-1.227688,0.2630835,5.239371,0.2536444,0.01184893,3.39,198
"20210710134020",637.0526,104.1773,295.4113,417.0035,16.52876,1220.389,60.56827,12.01542,51.43246,101.4576,10.25018,1.333469,-1.226385,0.2651734,5.233453,0.2535192,0.009799958,3.36,190
"20210710134040",636.9417,104.1343,295.2337,416.6774,16.5211,1223.065,60.65904,12.03854,55.6761,101.4584,10.24839,1.332919,-1.227985,0.2609321,5.244929,0.2538991,0.002491236,3.18,201
"20210710134100",636.6329,103.9018,294.579,415.1992,16.49892,1220.822,60.66153,11.95693,52.74134,101.4573,10.24342,1.329943,-1.234274,0.2406723,5.235309,0.2539096,-0.007172108,3.74,209
"20210710134120",636.3854,103.5618,295.1261,416.2186,16.47715,1220.823,60.66408,11.8302,55.93405,101.4586,10.23944,1.325592,-1.226394,0.2576963,5.235314,0.2539202,0.005946875,3.27,214
"20210710134140",636.681,103.606,295.6058,417.2492,16.46929,1221.936,60.68904,11.82177,58.21202,101.4625,10.2442,1.326157,-1.220219,0.2737395,5.240087,0.2540247,-0.00114584,2.89,206
"20210710134200",637.4532,103.832,295.2166,417.4325,16.47635,1221.214,60.69882,11.9448,57.23606,101.4625,10.25662,1.329049,-1.225274,0.2758974,5.236992,0.2540656,0.01742983,2.74,205
"20210710134220",637.4718,104.0169,294.6933,416.1616,16.46526,1223.983,60.7108,11.99998,52.85102,101.4584,10.25692,1.331417,-1.230733,0.2578231,5.248868,0.2541158,0.004796028,3.3,197
"20210710134240",637.2816,104.022,294.6301,415.7306,16.44591,1222.484,60.67569,11.92825,51.52217,101.4592,10.25386,1.331482,-1.230219,0.2529777,5.242438,0.2539688,-0.001868963,2.8,197
"20210710134300",637.3879,104.1182,294.9998,416.811,16.43482,1225.577,60.73135,11.83824,51.93468,101.4596,10.25557,1.332712,-1.225133,0.2700307,5.255701,0.2542018,0.003849745,2.87,186
"20210710134320",637.1402,104.2053,294.6916,415.8353,16.41184,1222.323,60.7695,11.77861,51.99946,101.4599,10.25159,1.333828,-1.227277,0.2573441,5.241746,0.2543615,0.004254103,3.34,188
"20210710134340",636.9799,104.1012,294.6903,415.4082,16.38362,1222.688,60.75594,11.68151,52.39764,101.4616,10.24901,1.332496,-1.225457,0.2532856,5.243312,0.2543047,0.004912376,3.44,197
"20210710134400",636.872,104.1006,295.0237,416.3258,16.36124,1221.894,60.74324,11.59892,54.01972,101.4634,10.24727,1.332487,-1.220065,0.2688332,5.239906,0.2542515,0.0003683567,2.68,205
"20210710134420",637.1711,104.1985,295.0562,417.3578,16.35822,1221.738,60.76116,11.62381,56.94305,101.4591,10.25208,1.33374,-1.219486,0.2844999,5.239237,0.2543266,0.006325245,2.72,196
"20210710134440",637.7394,104.4143,295.236,418.1981,16.37293,1223.181,60.74816,11.78182,58.12908,101.4576,10.26123,1.336503,-1.218318,0.295845,5.245426,0.2542722,0.00831747,3.31,185
"20210710134500",638.0726,104.6243,294.4556,416.4949,16.3683,1222.982,60.77812,11.84049,52.11812,101.4593,10.26659,1.339191,-1.227234,0.27078,5.244574,0.2543975,0.008941174,3.29,177
"20210710134520",637.4646,104.384,294.4767,415.4221,16.35056,1221.67,60.74875,11.79246,54.59867,101.4588,10.25681,1.336115,-1.225832,0.2562106,5.238947,0.2542746,0.002117157,3.79,165
"20210710134540",636.9146,104.2962,294.489,415.116,16.32476,1222.462,60.73154,11.64898,53.22162,101.4584,10.24796,1.334991,-1.224011,0.2537574,5.242345,0.2542026,0.001048565,3.52,154
"20210710134600",637.1948,104.2174,294.0243,415.191,16.30641,1222.522,60.74841,11.56463,54.95006,101.4652,10.25247,1.333982,-1.228305,0.2563881,5.242598,0.2542732,-0.001441002,3.56,176
"20210710134620",636.5653,104.1227,294.3578,414.876,16.28081,1221.704,60.77523,11.49783,53.32868,101.4619,10.24234,1.332771,-1.222707,0.2537829,5.239093,0.2543854,-0.004049301,3.63,188
"20210710134640",636.8917,104.0022,294.8133,416.1552,16.26609,1221.344,60.81552,11.46069,58.07408,101.4607,10.24759,1.331228,-1.216369,0.2741058,5.237546,0.2545541,0.005390644,3.09,169
"20210710134700",637.5612,104.1946,295.05,416.4931,16.27416,1223.78,60.81048,11.53871,61.52424,101.4602,10.25836,1.333691,-1.214098,0.2784887,5.247997,0.254533,0.008944273,3.06,176
"20210710134720",637.9271,104.3894,293.8943,416.2237,16.27758,1221.514,60.79282,11.67219,61.42654,101.4599,10.26425,1.336185,-1.227969,0.2741841,5.238278,0.2544591,-0.001150608,3.82,164
"20210710134740",637.4711,104.1333,293.7889,414.8245,16.25077,1222.211,60.85625,11.71492,55.65294,101.4608,10.25691,1.332906,-1.227472,0.2554827,5.241268,0.2547246,-0.007568598,3.5,169
"20210710134800",637.4144,103.8813,294.1717,415.4019,16.23142,1222.412,60.84902,11.67301,58.35232,101.4643,10.256,1.329681,-1.221696,0.2656986,5.242129,0.2546943,0.01007628,3.07,175
"20210710134820",637.446,103.8626,293.9387,415.2915,16.21691,1224.66,60.83309,11.62104,56.20818,101.4647,10.25651,1.329441,-1.223506,0.2652395,5.251767,0.2546276,0.004302025,3.72,184
"20210710134840",637.3885,103.7889,294.1077,414.8506,16.2038,1223.505,60.88079,11.54102,55.99,101.4608,10.25558,1.328498,-1.220659,0.2597286,5.246815,0.2548273,-0.007405996,2.99,186
"20210710134900",637.3508,103.9398,294.1436,415.0512,16.19231,1222.211,60.86607,11.51969,60.01298,101.4611,10.25497,1.330429,-1.21949,0.2636686,5.241266,0.2547657,0.001927137,4.23,171
"20210710134920",636.8742,103.9959,294.0635,413.3102,16.15784,1222.494,60.83146,11.4498,59.78866,101.461,10.24731,1.331148,-1.2182,0.2404871,5.242481,0.2546208,-0.002701759,2.97,177
"20210710134940",636.9089,103.9185,293.7473,415.0099,16.13789,1221.656,60.89324,11.38501,64.46204,101.4595,10.24787,1.330157,-1.22064,0.2675183,5.238886,0.2548794,0.002842188,3.76,163
"20210710135000",636.6541,103.3969,293.6464,414.3592,16.09918,1224.12,60.86611,11.34582,59.58122,101.4607,10.24377,1.32348,-1.219322,0.2609693,5.249453,0.2547658,-0.001993895,3.87,161
"20210710135020",637.1256,103.2545,294.01,414.2708,16.07257,1223.254,60.92068,11.28132,59.52451,101.4637,10.25135,1.321657,-1.213303,0.2618306,5.245739,0.2549943,-0.01175904,4.18,171
"20210710135040",637.2102,103.4732,293.4133,413.2006,16.04375,1225.165,60.9086,11.18304,59.91993,101.4597,10.25271,1.324457,-1.218481,0.2482076,5.253935,0.2549437,0.00829649,3.9,169
"20210710135100",636.9834,103.5113,293.0143,413.0437,15.99597,1222.801,60.92518,11.0419,58.09134,101.4593,10.24906,1.324944,-1.220101,0.2497761,5.243797,0.2550131,-0.001965284,3.7,173
"20210710135120",636.6195,103.547,293.1006,413.1906,15.95525,1224.725,60.9517,10.92944,59.29671,101.4594,10.24321,1.325402,-1.216446,0.255303,5.252046,0.2551241,0.01205826,3.35,182
"20210710135140",637.0736,103.5341,293.3177,414.4473,15.93287,1224.711,60.91171,10.93504,61.8956,101.4596,10.25052,1.325237,-1.212432,0.2759135,5.251989,0.2549567,0.003861904,3.76,171
"20210710135200",637.1719,103.6819,292.7852,412.8258,15.89961,1223.527,60.9205,11.04176,60.90427,101.4595,10.2521,1.327129,-1.216571,0.2544086,5.24691,0.2549935,-0.00910449,4.14,166
"20210710135220",636.5749,103.5888,292.7768,411.6774,15.85002,1224.007,60.94521,10.95014,57.38179,101.4639,10.24249,1.325936,-1.213463,0.2413079,5.248968,0.2550969,0.01089788,3.09,172
"20210710135240",636.644,103.7701,292.9803,412.4918,15.80487,1224.382,60.87195,10.81979,58.76591,101.4629,10.2436,1.328257,-1.20814,0.2571684,5.250576,0.2547903,0.002606869,2.75,180
"20210710135300",636.9228,103.7831,292.7773,412.8369,15.77685,1222.993,60.94685,10.78566,60.97594,101.4598,10.24809,1.328424,-1.208728,0.2646138,5.244618,0.2551038,0.00997591,3.5,181
"20210710135320",637.221,103.8381,292.6918,413.0514,15.74338,1223.482,60.95811,10.80824,62.98325,101.4596,10.25289,1.329127,-1.207575,0.2705533,5.246719,0.2551509,0.006764174,3.62,176
"20210710135340",637.2191,104.0261,292.7922,412.8984,15.71113,1223.847,60.92516,10.75169,59.42774,101.4596,10.25286,1.331534,-1.204307,0.2709019,5.248282,0.255013,0.01224613,3.11,186
"20210710135400",637.3199,104.2673,292.9788,412.426,15.68432,1223.349,60.91283,10.73296,61.36012,101.4592,10.25448,1.334622,-1.200374,0.2660324,5.246146,0.2549614,0.005237102,3.39,181
"20210710135420",637.6246,104.4191,292.6061,413,15.65368,1223.306,60.89612,10.74294,61.25124,101.4605,10.25938,1.336565,-1.202797,0.2771108,5.245964,0.2548915,-0.01420116,2.54,164
"20210710135440",637.8148,104.5006,292.86,413.6493,15.63332,1221.891,60.93381,10.74427,59.90464,101.4651,10.26244,1.337607,-1.198486,0.2884718,5.239893,0.2550492,0.002101898,2.66,162
"20210710135500",638.3372,104.7434,292.6855,414.4282,15.6315,1224.069,60.9103,10.81257,64.06653,101.4635,10.27085,1.340716,-1.200429,0.3002587,5.249236,0.2549508,0.008773804,2.91,160
"20210710135520",638.3671,104.5572,292.7919,414.0299,15.62082,1223.571,60.91236,10.97445,61.24714,101.4631,10.27133,1.338332,-1.198483,0.2951792,5.247099,0.2549595,0.007673025,2.38,175
"20210710135540",638.7075,104.5241,292.9885,414.1938,15.61578,1223.585,60.94649,11.02582,60.53716,101.4642,10.2768,1.337908,-1.195837,0.298039,5.24716,0.2551023,0.007324218,2.75,171
"20210710135600",638.9337,104.7144,292.6479,414.5405,15.61618,1219.364,60.88436,11.08859,59.7641,101.4639,10.28044,1.340344,-1.199885,0.3031853,5.229057,0.2548423,-0.009423971,3.64,156
"20210710135620",638.5863,104.6027,292.7034,413.4412,15.59119,1222.157,60.96437,11.04639,57.3043,101.4657,10.27485,1.338914,-1.197618,0.2888016,5.241036,0.2551771,0.002084494,2.99,171
"20210710135640",638.6154,104.9079,293.2686,413.9648,15.58312,1224.148,60.9914,11.03265,60.59974,101.4649,10.27532,1.342821,-1.190423,0.2972815,5.249571,0.2552903,0.01645732,3,151
"20210710135700",638.7572,104.9244,293.4351,414.6922,15.58796,1222.38,60.98126,11.01679,59.96302,101.4655,10.2776,1.343032,-1.188768,0.3077544,5.241992,0.2552478,0.001265764,3.5,157
"20210710135720",638.5944,105.065,292.5271,412.9062,15.57506,1223.986,61.02132,11.00285,56.76187,101.463,10.27498,1.344833,-1.198661,0.2821232,5.248878,0.2554155,-0.003739118,3.7,169
"20210710135740",638.2138,105.4174,292.7772,412.7577,15.56619,1224,61.00953,10.89063,57.48012,101.4638,10.26886,1.349342,-1.195135,0.2806279,5.248938,0.2553662,0.008242846,2.74,167
"20210710135800",638.3909,105.5649,292.8161,413.5657,15.57042,1223.934,60.99791,10.87247,58.56627,101.4653,10.27171,1.35123,-1.194949,0.2923541,5.248655,0.2553175,0.01142573,3.91,164
"20210710135820",638.1484,105.5724,292.809,413.0548,15.55752,1223.671,60.9979,10.86359,58.01812,101.4642,10.26781,1.351327,-1.194201,0.2857733,5.247528,0.2553175,0.01046586,4.17,158
"20210710135840",637.8886,105.4521,292.4123,412.6336,15.54261,1223.554,61.01049,10.89647,57.14064,101.4693,10.26363,1.349787,-1.197924,0.2806975,5.247027,0.2553702,0.005144358,4.12,169
"20210710135900",637.8135,105.6161,292.8285,412.4946,15.52991,1224.611,60.97408,10.88699,56.68352,101.4705,10.26242,1.351886,-1.192191,0.2796569,5.25156,0.2552178,0.001129627,3.11,163
"20210710135920",637.6566,105.7331,292.0454,412.4474,15.51499,1224.183,60.9942,10.89905,57.11904,101.4651,10.25989,1.353383,-1.200477,0.2801677,5.249722,0.255302,-0.00813055,4.46,159
"20210710135940",637.2565,105.6314,291.9883,411.0699,15.48475,1224.951,61.07023,10.83601,54.616,101.4674,10.25346,1.352081,-1.199204,0.2620512,5.253018,0.2556202,-0.007699966,3.38,166
"20210710140000",637.3052,105.5572,292.1104,412.3342,15.46479,1224.042,61.00676,10.76703,56.79567,101.4668,10.25424,1.351132,-1.196476,0.2825662,5.249118,0.2553546,-0.00315094,3.63,165
"20210710140020",637.7126,105.974,292.2446,412.3926,15.45371,1223.265,61.06726,10.73854,58.60184,101.4673,10.2608,1.356468,-1.194178,0.2843404,5.245787,0.2556078,0.01233554,3.49,160
"20210710140040",637.8798,106.1366,292.5114,412.1435,15.43395,1224.69,61.05743,10.81583,57.09252,101.4709,10.26349,1.358548,-1.189755,0.2822281,5.251899,0.2555667,0.01486921,3.23,155
"20210710140100",638.089,106.6249,293.008,412.7908,15.43294,1223.081,61.03206,10.80034,59.48519,101.4685,10.26685,1.364798,-1.183825,0.2919808,5.244996,0.2554604,0.000699997,3.54,179
"20210710140120",638.6279,107.9861,292.2944,412.3601,15.43738,1225.536,61.05188,10.94135,57.48035,101.4697,10.27552,1.382223,-1.192538,0.2851855,5.255527,0.2555434,0.01401734,3.54,175
"20210710140140",638.8353,110.0112,292.3258,412.6333,15.44927,1225.899,61.06674,10.923,57.51849,101.4705,10.27886,1.408143,-1.192934,0.2882972,5.257082,0.2556056,0.01108241,4.07,183
"20210710140200",639.2205,112.4893,292.6496,413.3373,15.45955,1223.211,61.11134,10.98961,59.51678,101.4689,10.28506,1.439863,-1.189772,0.297978,5.245556,0.2557923,0.007570266,2.78,180
"20210710140220",639.5104,115.3346,292.4232,412.6277,15.47588,1224.108,61.08948,11.09808,57.80324,101.4689,10.28972,1.476283,-1.193497,0.2860468,5.2494,0.2557008,0.00479269,3.39,187
"20210710140240",640.0118,118.062,292.5728,412.3092,15.49685,1224.194,61.1194,11.15316,57.48422,101.4718,10.29779,1.511194,-1.193081,0.2795799,5.249768,0.255826,0.005438328,3.38,161
"20210710140300",639.9905,119.0017,292.5535,412.5422,15.50934,1226.103,61.09686,11.13537,55.91255,101.4697,10.29745,1.523222,-1.194112,0.2820438,5.257959,0.2557317,-0.003622055,4.26,168
"20210710140320",639.419,119.9943,292.051,410.8074,15.4912,1224.918,61.11777,11.08622,55.18273,101.4655,10.28825,1.535927,-1.198879,0.2576026,5.252875,0.2558192,-0.007367611,4.53,159
"20210710140340",638.9116,118.1329,292.3701,410.9106,15.48536,1227.592,61.18425,10.97174,56.22933,101.4647,10.28009,1.512101,-1.194733,0.2596228,5.264341,0.2560975,0.004631996,3.72,158
"20210710140400",638.698,117.2956,292.7761,412.0076,15.47084,1225.364,61.16609,10.91779,57.34691,101.4654,10.27665,1.501383,-1.189004,0.2771931,5.254788,0.2560215,0.001939774,3.85,177
"20210710140420",638.8426,115.3692,292.2206,410.795,15.45895,1226.938,61.23164,10.88494,55.58374,101.4649,10.27898,1.476725,-1.1948,0.260046,5.261538,0.2562959,-0.01109338,5.04,176
"20210710140440",638.5574,114.1302,292.1138,410.1326,15.44806,1224.898,61.2539,10.84394,56.00745,101.4713,10.27439,1.460866,-1.195359,0.2510372,5.252788,0.256389,0.007540703,3.93,174
"20210710140500",638.3394,113.0024,292.3278,409.8056,15.42891,1226.902,61.25334,10.74073,55.68367,101.4711,10.27088,1.446431,-1.1916,0.2477086,5.261384,0.2563867,0.01130104,3,181
"20210710140520",639.1249,111.687,291.786,409.9747,15.42448,1228.525,61.33727,10.76093,57.96661,101.4677,10.28352,1.429594,-1.197712,0.2505986,5.268342,0.256738,-0.002089739,3.53,180
"20210710140540",639.0356,110.6954,291.8215,409.8086,15.40089,1228.148,61.30992,10.78421,55.79778,101.4662,10.28208,1.416901,-1.195775,0.2500376,5.266728,0.2566235,0.006927252,3.91,168
"20210710140600",638.8572,109.8214,292.0717,409.4105,15.37166,1229.114,61.3833,10.6902,55.44338,101.4674,10.27921,1.405713,-1.190939,0.2464676,5.270867,0.2569306,0.005528212,4.6,169
"20210710140620",639.1299,109.5567,292.6797,409.9561,15.35715,1226.663,61.40557,10.62677,57.66306,101.4665,10.2836,1.402325,-1.182825,0.2558012,5.260357,0.2570238,-0.004233122,4.52,167
"20210710140640",639.6896,109.3167,291.9618,409.9053,15.35009,1228.129,61.43214,10.70291,58.9278,101.4674,10.29261,1.399253,-1.19085,0.2556152,5.266644,0.2571351,0.004422426,3.62,169
"20210710140700",639.5916,109.0123,291.8961,408.1735,15.32328,1229.536,61.52321,10.65489,55.53416,101.4714,10.29103,1.395357,-1.189901,0.2319236,5.27268,0.2575163,0.003730059,4.6,173
"20210710140720",639.0401,108.7989,291.8569,407.7126,15.29183,1229.674,61.5054,10.5637,55.35824,101.4684,10.28216,1.392626,-1.188343,0.2275953,5.273269,0.2574417,0.0002746582,4.8,180
"20210710140740",638.8951,108.5289,292.5887,408.3233,15.26039,1229.379,61.49917,10.41084,55.0043,101.4671,10.27982,1.38917,-1.177679,0.2392767,5.272004,0.2574156,0.007430315,3.23,183
"20210710140800",639.848,108.4788,291.9888,409.6963,15.25575,1229.892,61.56515,10.40636,59.14764,101.4658,10.29516,1.388529,-1.184465,0.2601659,5.274206,0.2576918,0.003385544,3.95,160
"20210710140820",640.0291,108.1431,292.179,409.9898,15.2362,1228.662,61.53616,10.45797,58.21464,101.4662,10.29807,1.384231,-1.180964,0.2661388,5.268929,0.2575705,-0.001042366,3.41,165
"20210710140840",640.5046,108.106,292.4305,410.3276,15.22047,1227.638,61.52611,10.54589,57.73966,101.4665,10.30572,1.383757,-1.176982,0.2724651,5.264539,0.2575284,0.01160622,4.55,164
"20210710140900",640.6083,107.8489,291.7804,409.5447,15.19346,1230.172,61.52451,10.59272,55.38726,101.4709,10.30739,1.380465,-1.182925,0.2629632,5.275404,0.2575217,0.006192207,3.52,156
"20210710140920",640.5859,107.7618,292.1033,410.3444,15.18479,1231.1,61.5518,10.61192,58.00308,101.4698,10.30703,1.379351,-1.178556,0.2756138,5.279385,0.2576359,-5.38826e-05,4.46,157
"20210710140940",641.0931,107.8646,291.9291,410.1034,15.1735,1229.694,61.58043,10.63443,55.61799,101.4665,10.31519,1.380667,-1.179887,0.2729306,5.273358,0.2577558,-0.004285097,3.64,157
"20210710141000",641.1042,108.0596,291.3798,409.275,15.16746,1230.223,61.58268,10.63439,54.11392,101.468,10.31537,1.383163,-1.185987,0.2610449,5.275627,0.2577652,-0.002246141,3.93,167
"20210710141020",640.9813,108.0976,291.575,409.6333,15.15173,1230.258,61.62032,10.52694,55.15727,101.4677,10.31339,1.38365,-1.182674,0.2676743,5.275774,0.2579227,0.005620718,4.42,170
"20210710141040",641.0426,108.4174,291.7808,409.1242,15.1352,1230.092,61.63701,10.49559,54.52411,101.4669,10.31438,1.387743,-1.179181,0.2614115,5.275064,0.2579926,-0.002318144,3.76,170
"20210710141100",641.4002,108.7802,291.6417,409.7492,15.1348,1230.472,61.60732,10.51764,55.98355,101.4692,10.32013,1.392386,-1.180798,0.2707806,5.276693,0.2578683,0.005683899,3.85,178
"20210710141120",641.5584,108.9784,292.1231,410.4612,15.12915,1230.394,61.58943,10.52733,55.67925,101.4713,10.32268,1.394924,-1.17475,0.2818778,5.276357,0.2577934,0.006637335,3.1,184
"20210710141140",641.9303,109.4228,292.0426,410.6446,15.13823,1230.72,61.62818,10.59596,56.8562,101.4674,10.32866,1.400612,-1.176282,0.2838823,5.277757,0.2579556,0.006170034,2.76,175
"20210710141200",642.298,109.9565,291.6853,410.0373,15.14246,1229.526,61.69573,10.71575,56.3178,101.4673,10.33457,1.407444,-1.180775,0.2744641,5.272634,0.2582384,0.00331521,4.28,161
"20210710141220",641.9638,110.3274,291.9053,409.5262,15.13178,1231.259,61.66975,10.6773,54.30276,101.4676,10.3292,1.412191,-1.177491,0.2676955,5.280066,0.2581296,0.006635189,3.8,166
"20210710141240",641.7749,111.1126,291.969,409.6103,15.12331,1230.884,61.6583,10.6111,52.90308,101.4681,10.32616,1.422241,-1.176197,0.2696371,5.278462,0.2580817,0.006067038,4.68,170
"20210710141300",641.9863,111.6851,291.6584,409.7521,15.12351,1231.148,61.6511,10.56206,55.24188,101.4677,10.32956,1.42957,-1.179877,0.2717414,5.279592,0.2580515,0.001304627,4.17,162
"20210710141320",641.8721,112.3256,292.2465,410.5874,15.11444,1231.24,61.65643,10.58646,55.87373,101.4726,10.32772,1.437767,-1.172349,0.2849569,5.279986,0.2580739,0.01642656,1.81,178
"20210710141340",642.4657,112.3355,292.5024,409.2812,15.12149,1228.882,61.74774,10.58312,54.81306,101.4694,10.33727,1.437894,-1.169779,0.2648689,5.269875,0.2584561,0.008295536,3.55,149
"20210710141400",642.3674,112.7526,292.2892,409.3723,15.12593,1231.414,61.70864,10.64193,54.98292,101.4652,10.33569,1.443233,-1.172581,0.265871,5.280734,0.2582924,-0.0012784,4.23,166
"20210710141420",642.2945,112.9982,292.6317,409.8206,15.12815,1230.826,61.72312,10.64203,56.67516,101.4656,10.33452,1.446377,-1.16868,0.2723879,5.278211,0.258353,0.007894754,3.74,155
"20210710141440",643.3036,113.3593,292.0981,410.6423,15.14508,1230.314,61.77714,10.66597,55.70057,101.4657,10.35076,1.450999,-1.176068,0.2832901,5.276015,0.2585791,0.001615763,3.04,142
"20210710141500",643.7037,113.1346,292.0926,411.477,15.15758,1231,61.78741,10.69199,56.68646,101.4655,10.35719,1.448124,-1.176935,0.2947459,5.278957,0.2586221,-0.004678011,3.87,157
"20210710141520",643.7898,112.8154,292.139,411.5408,15.16403,1231.717,61.73667,10.68053,55.62759,101.4698,10.35858,1.444037,-1.176802,0.2951741,5.28203,0.2584097,0.009671688,3.84,169
"20210710141540",644.206,112.9963,292.2829,411.3248,15.16947,1231.275,61.87432,10.70999,56.08985,101.468,10.36528,1.446352,-1.17545,0.2915069,5.280135,0.2589859,0.009471178,3.72,150
"20210710141600",644.184,113.0361,293.1975,412.291,15.19003,1231.436,61.85243,10.76613,57.7669,101.4644,10.36492,1.446862,-1.16597,0.3042702,5.280827,0.2588943,0.02234292,3.04,164
"20210710141620",645.171,114.1648,292.3428,413.136,15.22954,1232.789,61.81004,10.9249,59.68622,101.4631,10.3808,1.461309,-1.178602,0.3136836,5.28663,0.2587168,-0.001168013,3.76,151
"20210710141640",645.2088,114.9235,292.2027,411.2038,15.25031,1232.567,61.90721,11.04531,54.26586,101.4629,10.38141,1.471021,-1.181589,0.28313,5.285678,0.2591236,-0.001988888,3.07,164
"20210710141700",644.8802,115.903,292.5999,412.0853,15.26764,1233.332,61.86928,11.00503,55.08611,101.4616,10.37612,1.483558,-1.178013,0.2948909,5.288956,0.2589648,0.01052523,4.34,154
"20210710141720",644.528,116.6433,292.4372,411.5477,15.27813,1234.444,61.87073,11.03989,53.89588,101.461,10.37046,1.493034,-1.180609,0.2860062,5.293727,0.2589709,0.001108408,3.65,148
"20210710141740",643.74,117.023,292.3151,410.4307,15.27228,1230.971,61.87488,10.99233,51.75634,101.4651,10.35778,1.497894,-1.181675,0.2697938,5.278832,0.2589883,-0.009787082,3.73,155
"20210710141800",643.2249,117.1591,293.0371,411.7595,15.28175,1231.109,61.88254,10.90923,54.82906,101.4597,10.34949,1.499637,-1.173757,0.2888744,5.279425,0.2590203,0.001997709,3.18,166
"20210710141820",643.507,117.696,293.3556,412.1748,15.30615,1229.623,61.81172,10.95887,56.62949,101.4609,10.35403,1.506509,-1.171564,0.2930954,5.27305,0.2587239,0.01185846,3.47,167
"20210710141840",643.332,118.3679,292.4214,411.449,15.3255,1229.968,61.82836,11.03501,54.38492,101.461,10.35121,1.515109,-1.18384,0.2806804,5.274532,0.2587935,0.001141787,3.84,162
"20210710141900",643.116,118.2785,292.9761,411.0416,15.32227,1229.361,61.784,10.98946,52.7995,101.4588,10.34774,1.513965,-1.177082,0.2748567,5.271928,0.2586079,0.002471447,4.37,151
"20210710141920",642.4542,118.5576,292.7723,410.6845,15.3263,1230.967,61.7631,10.93081,54.52073,101.4607,10.33709,1.517538,-1.179747,0.2691938,5.278817,0.2585203,0.01102924,4.16,166
"20210710141940",642.131,118.513,292.8863,410.4568,15.32167,1230.923,61.80622,10.90759,53.79364,101.4657,10.33189,1.516966,-1.178102,0.2661689,5.278626,0.2587008,-0.007169008,5.26,166
"20210710142000",641.7329,118.3271,292.5388,410.5409,15.31905,1230.538,61.81103,10.84451,54.76796,101.4643,10.32548,1.514586,-1.18204,0.2676362,5.276976,0.258721,0.005497694,4.2,168
"20210710142020",641.6957,117.6542,292.5652,410.611,15.30756,1230.127,61.77386,10.83849,53.19392,101.4618,10.32488,1.505973,-1.180988,0.2696199,5.275215,0.2585654,-0.008736372,3.22,173
"20210710142040",641.6971,117.2985,292.3608,410.6264,15.30594,1231.75,61.80104,10.84475,54.28912,101.4621,10.32491,1.501421,-1.183299,0.2699799,5.282174,0.2586792,-0.01285815,4.18,157
"20210710142100",641.7217,117.329,292.7322,411.3009,15.3003,1231.289,61.79529,10.80404,54.29693,101.4614,10.3253,1.501811,-1.17855,0.2805172,5.280195,0.2586551,0.005772829,4.27,164
"20210710142120",641.7096,116.7581,292.5287,410.2801,15.29808,1231.333,61.80604,10.84441,53.32877,101.4623,10.32511,1.494504,-1.180811,0.2654446,5.280384,0.2587001,0.005497932,4.87,155
"20210710142140",641.3547,116.529,292.7322,410.22,15.27954,1230.652,61.78606,10.78455,51.03067,101.4621,10.3194,1.491571,-1.177215,0.266056,5.277463,0.2586164,0.01406193,3.22,144
"20210710142200",642.208,116.8223,292.4129,411.5087,15.28417,1231.254,61.85834,10.7373,54.9096,101.4676,10.33313,1.495326,-1.181284,0.2849314,5.280046,0.258919,0.003168821,4.34,164
"20210710142220",642.127,117.148,292.2957,410.5291,15.27974,1232.749,61.83704,10.7632,53.42597,101.4634,10.33182,1.499495,-1.182382,0.2706589,5.286457,0.2588298,0.005031109,4.16,157
"20210710142240",641.6983,116.7889,292.3615,410.1998,15.2624,1231.859,61.88605,10.77726,52.2666,101.4652,10.32493,1.494898,-1.180491,0.2671481,5.282641,0.259035,-0.004240036,3.88,157
"20210710142300",642.0261,116.5883,292.6555,410.5724,15.25696,1230.23,61.89055,10.73505,54.29752,101.4632,10.3302,1.492331,-1.176669,0.2731558,5.275656,0.2590538,0.004203558,3.8,161
"20210710142320",641.8969,116.2336,292.9745,410.9678,15.24245,1230.637,61.83785,10.72783,53.097,101.4642,10.32812,1.487789,-1.17197,0.2802435,5.277398,0.2588332,-0.002883673,2.27,162
"20210710142340",642.4049,116.1368,292.6071,409.9893,15.2366,1230.471,61.87109,10.74311,52.77501,101.4646,10.3363,1.486551,-1.175933,0.2660995,5.276686,0.2589724,0.003129005,4.13,165
"20210710142400",641.9077,115.3753,292.4187,409.6503,15.23438,1230.991,61.90204,10.70084,53.3446,101.4701,10.3283,1.476804,-1.178016,0.2612154,5.278917,0.2591019,0.00035882,4.34,163
"20210710142420",641.9172,114.5948,292.7899,410.1117,15.22995,1231.314,61.85758,10.6699,52.99259,101.4675,10.32845,1.466813,-1.173347,0.2684692,5.280302,0.2589158,0.01076317,2.58,168
"20210710142440",642.102,114.5218,292.5111,409.9222,15.22128,1229.683,61.91893,10.69425,53.76914,101.4653,10.33142,1.465879,-1.176084,0.2663417,5.273307,0.2591726,0.001422882,3.28,166
"20210710142500",642.3693,114.3035,292.9111,411.2554,15.2235,1230.497,61.86735,10.67542,54.00639,101.4645,10.33572,1.463085,-1.171502,0.286079,5.276799,0.2589567,0.01072574,4.16,168
"20210710142520",642.7,113.9268,292.324,411.2884,15.2366,1230.187,61.89165,10.76266,56.58484,101.4659,10.34104,1.458263,-1.179277,0.2855086,5.27547,0.2590584,0.001976728,4.3,155
"20210710142540",642.3805,113.3284,292.3971,410.3674,15.22874,1229.211,61.89339,10.77889,53.51013,101.4643,10.3359,1.450603,-1.177908,0.2723875,5.271287,0.2590657,0.0008461475,3.88,160
"20210710142600",642.3846,112.5662,293.1708,411.0734,15.22289,1230.803,61.8629,10.75464,53.31328,101.4677,10.33597,1.440847,-1.168396,0.2834087,5.278111,0.2589381,0.01630378,2.78,153
"20210710142620",642.6942,112.4162,292.539,411.3964,15.23398,1229.998,61.8766,10.81272,55.30181,101.4672,10.34095,1.438927,-1.176569,0.2873341,5.274659,0.2589954,0.006733418,3.79,165
"20210710142640",642.5018,111.8512,292.5877,410.9548,15.23761,1230.392,61.85577,10.80563,53.54657,101.4634,10.33785,1.431696,-1.176227,0.280442,5.276348,0.2589082,-0.003414392,3.58,162
"20210710142700",642.5098,111.7957,292.7526,410.9195,15.23176,1230.04,61.88563,10.83631,53.86692,101.4614,10.33798,1.430984,-1.173904,0.2803906,5.274841,0.2590332,0.003513813,4.32,158
"20210710142720",642.6573,111.8845,292.7014,411.0746,15.24023,1230.529,61.9279,10.84707,53.767,101.4621,10.34036,1.432121,-1.175053,0.2820193,5.276937,0.2592102,-0.001657724,3.75,158
"20210710142740",642.8164,111.8104,293.3263,411.7888,15.24164,1229.551,61.85583,10.85442,54.25346,101.4612,10.34292,1.431173,-1.167764,0.2925747,5.272744,0.2589085,-0.004766464,3.2,157
"20210710142800",643.1702,112.0796,293.7936,412.7788,15.26462,1230.495,61.94701,10.88559,55.76503,101.4612,10.34861,1.434619,-1.163721,0.3054973,5.276791,0.2592902,0.005217791,3.68,172
"20210710142820",643.3824,112.4262,293.7245,413.4346,15.30272,1225.932,61.8755,11.00703,57.117,101.465,10.35202,1.439055,-1.166985,0.3121977,5.257222,0.2589908,0.01153159,3.1,178
"20210710142840",643.5193,112.5227,293.2551,412.3784,15.32389,1230.301,61.87475,11.07872,53.90679,101.4603,10.35423,1.440291,-1.173891,0.2946972,5.27596,0.2589877,0.006964683,3.94,157
"20210710142900",643.2499,112.6214,292.8806,412.1282,15.34102,1228.255,61.86057,11.1305,54.21216,101.4598,10.34989,1.441554,-1.179416,0.2895623,5.267185,0.2589283,0.006613016,3.89,155
"20210710142920",642.8426,111.8667,293.0872,412.3287,15.34747,1228.331,61.7597,11.09895,53.29956,101.4594,10.34334,1.431894,-1.17739,0.2920355,5.267511,0.2585061,0.00784707,3.6,154
"20210710142940",642.8088,111.8443,293.4893,413.7493,15.37186,1228.984,61.7899,11.07002,54.8678,101.4604,10.34279,1.431607,-1.17421,0.3112742,5.270313,0.2586325,-0.003177166,3.97,174
"20210710143000",642.6825,112.1592,292.7968,412.184,15.37791,1228.095,61.75934,11.05925,53.52731,101.4599,10.34076,1.435638,-1.182777,0.2873979,5.266499,0.2585046,-4.36306e-05,4.19,168
"20210710143020",642.2085,111.9395,293.1051,412.026,15.3886,1228.043,61.81527,11.06899,53.87761,101.4585,10.33314,1.432826,-1.179823,0.2841672,5.266275,0.2587387,-0.005210161,4.29,162
"20210710143040",642.0052,111.8472,293.5262,411.8546,15.39484,1228.043,61.79911,10.99301,53.08223,101.4633,10.32987,1.431645,-1.175253,0.2810977,5.266278,0.2586711,0.01876616,4.2,164
"20210710143100",641.7442,112.1594,293.596,411.3681,15.40391,1226.535,61.78865,10.9715,52.58023,101.4636,10.32566,1.43564,-1.175012,0.2730907,5.259809,0.2586273,-0.0004658699,3.4,171
"20210710143120",642.3534,112.119,293.6837,413.2115,15.43496,1226.783,61.72532,11.03827,56.97135,101.4586,10.33547,1.435123,-1.175975,0.2981018,5.260874,0.2583622,0.01335979,2.05,140
"20210710143140",642.6538,112.5596,293.8266,413.6626,15.46479,1229.093,61.70557,11.17167,56.1459,101.4597,10.3403,1.440764,-1.176207,0.3024136,5.270779,0.2582796,0.006333113,3.6,158
"20210710143200",642.7055,112.6849,293.8552,413.461,15.50209,1228.037,61.6845,11.29028,55.78161,101.4611,10.34113,1.442367,-1.178271,0.2963629,5.266249,0.2581914,-0.002636909,2.92,170
"20210710143220",642.9492,112.9269,293.6543,414.5801,15.54966,1226.038,61.73562,11.43766,56.69918,101.4604,10.34505,1.445464,-1.18371,0.3092037,5.25768,0.2584053,0.00350523,2.94,191
"20210710143240",642.6376,112.9342,292.9533,413.484,15.57647,1225.589,61.74833,11.51357,53.84111,101.4615,10.34004,1.445558,-1.193718,0.2906399,5.255751,0.2584586,0.005031347,3.12,181
"20210710143300",642.0794,112.5528,293.5497,412.4832,15.59784,1226.148,61.75021,11.49398,50.87521,101.4645,10.33106,1.440676,-1.188052,0.2739457,5.258152,0.2584664,-0.003001928,2.98,194
"20210710143320",642.0118,112.3496,294.0167,413.35,15.61921,1223.962,61.70414,11.36952,52.90806,101.4638,10.32997,1.438075,-1.183914,0.2851531,5.248777,0.2582736,0.01111245,2.69,171
"20210710143340",642.0333,112.2438,293.4494,412.6184,15.64017,1224.87,61.73407,11.37718,51.0764,101.4644,10.33032,1.436721,-1.191966,0.2725114,5.252668,0.2583989,-0.001186848,2.82,181
"20210710143400",641.9631,111.6966,293.6003,413.4995,15.65892,1226.017,61.73905,11.30146,53.12806,101.4638,10.32919,1.429716,-1.191393,0.2841466,5.257586,0.2584197,-0.006794691,3.09,180
"20210710143420",641.6376,111.2132,293.1154,412.2159,15.67061,1226.026,61.76244,11.31561,52.29432,101.4634,10.32395,1.423529,-1.197877,0.2640131,5.257627,0.2585176,0.006375313,4.16,185
"20210710143440",641.2532,110.5423,293.948,412.6962,15.6817,1226.346,61.77556,11.2686,54.31208,101.4625,10.31776,1.414941,-1.188758,0.2702847,5.258998,0.2585725,0.01179719,3.11,180
"20210710143500",641.5927,110.1771,293.9268,413.708,15.71053,1225.572,61.76067,11.34993,55.34688,101.4639,10.32323,1.410267,-1.190871,0.2830454,5.25568,0.2585102,0.01124549,2.53,184
"20210710143520",641.3746,109.946,292.9462,412.0982,15.71335,1225.751,61.77657,11.35446,51.52997,101.4621,10.31972,1.407309,-1.202632,0.2587658,5.256446,0.2585768,0.00611186,4.06,186
"20210710143540",640.5488,109.134,293.3691,412.0282,15.70811,1224.601,61.74309,11.27796,50.83282,101.4596,10.30643,1.396915,-1.197299,0.2581495,5.251514,0.2584366,0.006631136,2.46,179
"20210710143600",640.4464,108.6673,293.1644,412.4087,15.7077,1224.588,61.77547,11.15131,52.54684,101.4592,10.30478,1.390941,-1.19969,0.2638662,5.251459,0.2585721,0.003410578,4.05,180
"20210710143620",640.2038,108.3849,293.4462,412.458,15.69662,1225.975,61.79376,11.10177,52.37263,101.4585,10.30088,1.387327,-1.195647,0.265507,5.257406,0.2586487,-0.002373457,4.34,178
"20210710143640",639.8891,108.2039,293.1777,411.2728,15.6817,1225.496,61.81748,11.01719,52.01856,101.4586,10.29582,1.38501,-1.197856,0.2490185,5.255355,0.258748,0.009422541,4.22,178
"20210710143700",639.603,107.9754,293.4752,411.2676,15.65993,1224.211,61.82416,10.90258,51.74878,101.461,10.29121,1.382085,-1.192938,0.2507177,5.249843,0.2587759,-0.003055573,3.57,168
"20210710143720",639.7466,107.9568,293.9334,412.7728,15.65388,1225.394,61.75045,10.89487,54.15564,101.4615,10.29352,1.381847,-1.187134,0.2737018,5.254918,0.2584674,0.009233951,3.14,170
"20210710143740",640.1993,107.915,294.0465,413.7988,15.65428,1223.728,61.77821,11.03497,55.56128,101.4577,10.30081,1.381313,-1.185826,0.2889946,5.247773,0.2585836,0.01950169,3.16,152
"20210710143800",640.6034,108.0492,293.3297,412.932,15.65328,1225.325,61.80885,11.15567,52.74737,101.4568,10.30731,1.38303,-1.194227,0.2761266,5.254622,0.2587118,0.004400968,3.74,162
"20210710143820",640.057,107.7293,293.9169,412.4968,15.64521,1223.338,61.75836,11.16137,53.409,101.4553,10.29852,1.378935,-1.18677,0.2702853,5.2461,0.2585005,0.004362106,3.99,154
"20210710143840",639.8998,107.5454,293.1209,411.6141,15.63473,1222.454,61.78032,11.19453,51.77003,101.4564,10.29599,1.376581,-1.195496,0.2579514,5.24231,0.2585925,0.003116608,4.36,170
"20210710143900",639.6957,107.3314,293.1733,411.3318,15.62384,1225.642,61.80485,11.13091,51.1924,101.4562,10.2927,1.373841,-1.194174,0.2546228,5.255981,0.2586951,-0.003591776,3.72,157
"20210710143920",639.6504,107.151,293.4832,412.0808,15.61175,1223.525,61.78397,11.07344,53.25823,101.4605,10.29198,1.371533,-1.189735,0.2667999,5.246904,0.2586077,0.002920151,3.2,165
"20210710143940",639.5376,107.2035,293.2133,412.0555,15.60086,1223.948,61.80119,11.04286,52.81959,101.4579,10.29016,1.372205,-1.192219,0.26731,5.248715,0.2586798,-0.000951767,3.47,180
"20210710144000",639.8757,107.3445,293.8985,412.0204,15.60288,1221.757,61.78101,11.05666,53.31548,101.456,10.2956,1.37401,-1.184258,0.2666214,5.239319,0.2585953,0.01017475,3.8,165
"20210710144020",640.1262,107.6196,293.2731,411.9658,15.61094,1223.933,61.81046,11.08444,53.81254,101.4568,10.29963,1.377531,-1.192162,0.2651491,5.248652,0.2587186,0.001825333,4.01,173
"20210710144040",640.0844,107.4512,293.5731,412.3775,15.6049,1218.723,61.79313,11.09942,53.33145,101.4555,10.29896,1.375375,-1.18823,0.2717922,5.226308,0.2586461,-0.003377199,2.2,181
"20210710144100",640.2394,107.584,293.1055,413.1283,15.61598,1223.678,61.6871,11.15735,55.03848,101.4549,10.30145,1.377075,-1.194469,0.2821029,5.247556,0.2582022,0.005409956,3.65,150
"20210710144120",640.2589,107.3684,292.8071,412.4603,15.60691,1222.791,61.70499,11.21108,53.59618,101.4598,10.30177,1.374315,-1.197406,0.2728646,5.243752,0.2582771,0.008105517,3.36,158
"20210710144140",639.9042,107.2862,293.2195,412.58,15.60026,1221.836,61.75123,11.16343,51.38771,101.4589,10.29606,1.373264,-1.192107,0.2751945,5.23966,0.2584707,-0.003813028,3.41,161
"20210710144200",639.5702,107.2948,293.6241,413.7713,15.60328,1221.435,61.6824,11.1404,54.05027,101.4555,10.29069,1.373373,-1.187523,0.2927476,5.237938,0.2581826,0.003484726,3.03,171
"20210710144220",639.2483,107.2326,293.0139,411.8308,15.58776,1221.982,61.791,11.1139,51.07144,101.456,10.28551,1.372577,-1.19373,0.2650213,5.240285,0.2586372,-0.006536245,4.55,165
"20210710144240",638.5439,107.007,293.2462,411.7006,15.56942,1221.313,61.66032,10.99144,51.50298,101.4566,10.27417,1.36969,-1.189804,0.2645707,5.237414,0.2580901,0.001438379,3.36,164
"20210710144300",638.0071,106.8591,293.3314,412.1176,15.5416,1220.854,61.61869,10.89764,50.08041,101.4547,10.26553,1.367797,-1.187005,0.2730707,5.235448,0.2579159,3.71933e-05,4.21,159
"20210710144320",637.8126,106.7186,293.543,412.6413,15.53112,1221.235,61.64784,10.8186,52.78563,101.4576,10.26241,1.365998,-1.183831,0.2817475,5.237083,0.2580379,0.01586986,3.24,175
"20210710144340",637.6312,106.7146,293.2568,412.2356,15.52749,1220.191,61.64982,10.87222,53.70229,101.4613,10.25949,1.365947,-1.186976,0.2759823,5.232606,0.2580462,0.006328344,3.69,176
"20210710144400",637.5541,106.413,293.9591,413.6118,15.52648,1218.742,61.51312,10.94659,54.91672,101.4566,10.25825,1.362087,-1.178617,0.2966251,5.22639,0.257474,0.01704097,2.19,176
"20210710144420",637.8356,106.924,293.1896,413.0479,15.54099,1219.167,61.6309,11.10641,54.96716,101.4569,10.26277,1.368628,-1.188639,0.2870192,5.228213,0.257967,0.0006556511,3.44,168
"20210710144440",637.5676,107.0945,292.7159,412.227,15.55389,1217.453,61.55272,11.19634,53.82654,101.4578,10.25846,1.370809,-1.195066,0.2737021,5.220862,0.2576398,-0.00505805,4.6,166
"20210710144500",636.9545,106.9503,293.1049,411.7927,15.54644,1217.564,61.51981,11.1503,51.54226,101.4563,10.2486,1.368964,-1.189992,0.2678202,5.221339,0.257502,0.008518458,4.26,156
"20210710144520",636.2411,106.8131,293.1463,411.5266,15.54825,1216.41,61.54325,11.13136,53.969,101.4583,10.23712,1.367208,-1.189619,0.2636982,5.216391,0.2576001,0.01476812,4.14,175
"20210710144540",635.5872,106.7031,292.769,410.6838,15.54865,1214.766,61.48234,11.17883,51.31,101.463,10.2266,1.3658,-1.1941,0.2510744,5.209342,0.2573452,-0.006978989,4.47,172
"20210710144600",634.7597,106.4587,293.7623,411.5064,15.54583,1213.949,61.42942,11.04884,52.11481,101.4616,10.21328,1.362671,-1.182189,0.2635941,5.205835,0.2571237,-0.002012253,3.49,176
"20210710144620",635.2694,106.6462,293.4975,411.699,15.56377,1212.959,61.43343,11.07189,54.10373,101.4588,10.22149,1.365071,-1.186473,0.2650067,5.201589,0.2571405,0.01517129,4.07,178
"20210710144640",635.8362,106.7821,292.9633,411.373,15.57768,1214.925,61.57939,11.17008,54.22266,101.4585,10.23061,1.36681,-1.193677,0.2590054,5.210023,0.2577514,0.002263069,4.54,182
"20210710144700",636.172,106.6724,292.9319,410.3968,15.57425,1219.433,61.62306,11.14822,52.33883,101.4566,10.23601,1.365407,-1.193827,0.2446985,5.229352,0.2579342,0.006492138,4.71,173
"20210710144720",634.9872,106.3659,292.243,409.2744,15.57103,1212.976,61.51246,11.10833,51.3148,101.4588,10.21695,1.361483,-1.201754,0.2281949,5.201666,0.2574713,0.01084399,4.71,172
"20210710144740",616.216,102.3568,292.595,409.3897,15.55369,1173.264,59.49646,11.04831,53.09232,101.463,9.914915,1.310167,-1.196479,0.2313317,5.031364,0.2490329,0.003091097,3.99,166
"20210710144800",626.8261,104.397,292.1733,408.1758,15.5295,1211.493,61.4418,10.95067,50.18187,101.464,10.08563,1.336282,-1.199903,0.2151653,5.195304,0.2571755,-0.006442785,4.43,176
"20210710144820",634.9642,106.0068,292.379,408.5135,15.51015,1216.947,61.65688,10.88783,53.05064,101.46,10.21658,1.356887,-1.196226,0.2217879,5.218692,0.2580758,0.006222248,4.18,183
"20210710144840",633.494,105.7488,292.6892,407.4184,15.47991,1210.594,61.44105,10.79275,51.21389,101.4602,10.19292,1.353585,-1.190615,0.2078912,5.19145,0.2571724,-0.002307177,4.76,175
"20210710144900",631.378,105.3252,292.7479,408.6459,15.45008,1211.035,61.36463,10.68855,52.93361,101.4596,10.15887,1.348162,-1.188,0.2286617,5.193342,0.2568525,-0.008732319,4.57,175
"20210710144920",629.499,104.7707,292.6034,409.5136,15.42024,1204.173,61.20768,10.62445,53.79243,101.4609,10.12864,1.341065,-1.187787,0.244052,5.163913,0.2561955,0.0131104,3.89,168
"20210710144940",631.766,105.2278,292.7922,409.5534,15.4023,1209.495,61.3799,10.68766,53.4313,101.4595,10.16512,1.346915,-1.184403,0.2461089,5.186737,0.2569164,-0.003628969,5.04,170
"20210710145000",632.1692,105.4845,292.7643,409.5792,15.39968,1207.892,61.30884,10.70412,54.15636,101.4638,10.1716,1.350201,-1.184563,0.2467084,5.17986,0.256619,0.01868534,3.48,175
"20210710145020",633.7538,105.9091,292.159,409.2126,15.39363,1210.179,61.47504,10.8543,51.64599,101.4601,10.1971,1.355636,-1.191323,0.2417227,5.189668,0.2573146,-0.00374651,3.82,174
"20210710145040",633.3776,105.7715,291.9994,408.5631,15.37287,1210.339,61.512,10.83793,51.69529,101.4594,10.19105,1.353875,-1.19187,0.2337104,5.190355,0.2574694,0.009620905,4.85,195
"20210710145100",632.5002,105.6082,292.0038,407.5358,15.3384,1210.715,61.46692,10.741,50.91403,101.459,10.17693,1.351785,-1.189602,0.2211654,5.191969,0.2572806,8.511543e-05,5.32,182
"20210710145120",632.4079,105.3087,292.0934,408.311,15.32489,1210.502,61.50155,10.65091,52.83886,101.4599,10.17544,1.347952,-1.187675,0.2338466,5.191053,0.2574256,0.004776239,4.96,189
"20210710145140",632.7366,105.398,292.1902,407.9116,15.30715,1210.02,61.51656,10.65067,52.27275,101.4588,10.18073,1.349094,-1.185391,0.2293231,5.188988,0.2574884,-0.003376722,5.26,186
"20210710145200",633.431,105.5291,292.3129,408.1343,15.29849,1211.806,61.5571,10.62132,52.97487,101.4634,10.1919,1.350773,-1.183386,0.2333543,5.196645,0.2576581,-0.0001182556,4.78,194
"20210710145220",633.8862,105.7284,292.1927,407.5436,15.27732,1212.29,61.65072,10.63325,51.27935,101.4624,10.19923,1.353323,-1.183444,0.2262517,5.198722,0.25805,0.004896641,3.82,182
"20210710145240",634.4871,105.9155,292.5987,407.4209,15.25635,1213.862,61.71936,10.59318,51.18273,101.459,10.2089,1.355719,-1.177301,0.2261227,5.205463,0.2583373,0.004150391,3.49,190
"20210710145300",636.1774,106.114,292.5494,408.7586,15.25918,1217.294,61.77547,10.66501,55.72324,101.4592,10.23609,1.358259,-1.178066,0.2458761,5.220179,0.2585721,0.00773859,2.96,182
"20210710145320",638.4009,106.5745,292.829,409.7587,15.27369,1219.001,61.9195,10.74162,54.98316,101.4596,10.27187,1.364153,-1.175696,0.2596395,5.227502,0.259175,0.001099825,4.97,166
"20210710145340",640.4205,107.0231,292.3066,409.5131,15.27853,1222.316,62.03892,10.89447,53.25054,101.4586,10.30437,1.369896,-1.182177,0.2555763,5.241718,0.2596749,0.004138231,3.62,159
"20210710145400",642.0787,107.3688,292.7544,409.3479,15.28438,1224.04,62.25664,10.94363,51.5469,101.4621,10.33105,1.374321,-1.177263,0.2526345,5.249109,0.2605862,0.001763582,3.02,171
"20210710145420",645.1764,108.2133,292.2427,408.9419,15.28901,1229.17,62.6018,10.92323,51.79115,101.4643,10.38089,1.38513,-1.183605,0.2461914,5.27111,0.2620309,0.001902819,4.65,176
"20210710145440",649.1152,109.1094,292.606,409.3386,15.29062,1237.579,62.96937,10.88176,54.09868,101.4593,10.44426,1.396601,-1.179418,0.2519878,5.30717,0.2635694,0.003204584,5.4,173
"20210710145500",648.1462,109.0068,292.048,408.2092,15.28317,1223.914,62.37595,10.85889,52.4471,101.4615,10.42867,1.395287,-1.185528,0.2357197,5.248568,0.2610855,0.001321316,4.22,173
"20210710145520",625.1937,104.5044,292.6522,408.1992,15.2747,1145.617,58.31146,10.76559,51.13154,101.4604,10.05937,1.337657,-1.177849,0.2362594,4.912806,0.2440729,-0.004160881,4.37,167
"20210710145540",623.5245,104.8195,292.2741,409.0983,15.27752,1182.865,60.45675,10.71446,54.54129,101.4606,10.03251,1.34169,-1.182495,0.2494607,5.072539,0.2530524,0.001285315,5.01,167
"20210710145600",656.2998,111.07,292.3238,408.1651,15.27087,1256.07,64.03842,10.68641,52.19914,101.4611,10.55986,1.421696,-1.181481,0.2360611,5.386467,0.2680441,0.001476288,4.11,176
"20210710145620",627.342,104.8772,292.0372,408.42,15.26986,1146.409,58.29419,10.71079,53.41682,101.465,10.09393,1.342428,-1.184801,0.2399506,4.916201,0.2440006,-0.006844998,4.35,190
"20210710145640",532.7543,86.8329,291.8997,407.619,15.25071,988.9869,50.30732,10.68027,54.92537,101.4651,8.572018,1.111461,-1.185194,0.2295412,4.24112,0.2105702,0.005596161,4.76,190
"20210710145700",519.7059,84.78458,291.4891,405.938,15.22874,1058.258,54.065,10.72376,55.15929,101.4617,8.362067,1.085243,-1.188631,0.2062125,4.53818,0.2262986,0.00835824,4.94,194
"20210710145720",625.8506,104.4409,292.5515,406.3953,15.22067,1246.605,63.37668,10.71242,56.70954,101.4617,10.06994,1.336844,-1.175568,0.2136994,5.345878,0.2652743,0.01760983,3.94,172
"20210710145740",412.1332,63.73947,291.4908,405.959,15.21362,785.9623,40.14126,10.78999,57.35023,101.4617,6.631224,0.8158652,-1.187641,0.2077541,3.37048,0.1680183,0.01504469,3.75,194
"20210710145800",490.2418,78.62255,291.2941,404.2829,15.19084,986.9374,50.10855,10.80679,55.36351,101.4613,7.88799,1.006369,-1.1885,0.184565,4.232332,0.2097382,-0.006480932,4.44,178
"20210710145820",341.8724,51.06548,290.417,402.0682,15.13964,659.8102,33.84618,10.74108,52.3998,101.4647,5.500726,0.6536381,-1.195573,0.155634,2.829496,0.1416692,-0.008071422,4.67,168
"20210710145840",400.8234,62.26766,290.542,401.0736,15.09791,807.375,41.22871,10.65156,54.24234,101.4654,6.449248,0.797026,-1.191418,0.1441626,3.462305,0.17257,0.01190686,4.92,173
"20210710145900",346.6901,52.30997,290.2022,399.1719,15.03824,695.9263,35.64145,10.5188,51.29944,101.4629,5.578244,0.6695676,-1.191606,0.1205913,2.984375,0.1491836,-0.0004386902,4.74,180
"20210710145920",355.8425,54.60924,290.3631,398.6746,14.98623,757.3967,38.90636,10.41074,54.41553,101.4627,5.725505,0.6989982,-1.186372,0.1173787,3.247981,0.1628494,0.003355503,3.74,167
"20210710145940",492.8606,79.783,291.1551,399.9263,14.95499,1032.664,52.81956,10.33596,55.32174,101.462,7.930127,1.021222,-1.175016,0.1386113,4.42842,0.2210856,-0.001228094,3.12,161
"20210710150000",525.7572,85.78793,291.4031,401.7668,14.94208,983.2061,50.40073,10.33567,56.41212,101.462,8.459434,1.098085,-1.171261,0.1671544,4.21633,0.2109612,0.005904913,4.31,176
"20210710150020",452.1441,71.96293,291.2148,402.5152,14.91668,836.9462,43.02731,10.35312,57.24198,101.4615,7.274998,0.9211255,-1.171858,0.1803923,3.589117,0.1800984,0.007823467,3.21,182
"20210710150040",528.1739,85.78722,290.9869,402.0241,14.8931,986.3517,50.3341,10.42166,55.26977,101.4611,8.498318,1.098077,-1.17304,0.1749654,4.22982,0.2106822,0.002262115,5.66,178
"20210710150100",407.2392,63.52413,290.2944,399.7626,14.84855,814.5045,42.09738,10.33544,51.58552,101.4593,6.552478,0.8131088,-1.178367,0.1447857,3.492879,0.176206,0.005906582,3.57,180
"20210710150120",484.5962,77.91534,290.7668,399.1203,14.80521,950.393,48.78334,10.2171,51.9435,101.4591,7.797153,0.9973164,-1.170017,0.1386959,4.075616,0.2041913,0.002638817,4.49,173
"20210710150140",460.4715,73.14948,291.1223,400.193,14.77558,888.7355,45.79234,10.11597,54.73049,101.4639,7.408987,0.9363134,-1.163923,0.1571195,3.811208,0.1916719,0.01045752,3.72,168
"20210710150200",383.2008,58.41486,290.8139,400.0649,14.74352,722.617,36.92941,10.17557,55.5603,101.464,6.165702,0.7477102,-1.165517,0.1577971,3.098833,0.1545746,0.01921797,3.4,170
"20210710150220",325.4172,48.78461,289.8589,397.6364,14.69978,640.5662,33.08923,10.23291,54.9387,101.4577,5.235963,0.624443,-1.173999,0.1250522,2.746971,0.1385008,0.01067948,5.97,173
"20210710150240",292.4474,43.31542,289.7368,395.663,14.6391,570.51,29.57543,10.2294,54.32662,101.4563,4.705479,0.5544374,-1.171566,0.1004725,2.446545,0.1237932,0.0005178452,4.85,170
"20210710150300",272.5061,40.06926,289.744,394.1294,14.56935,545.0906,28.22351,10.07993,52.82015,101.4577,4.384623,0.5128865,-1.167032,0.08318908,2.337538,0.1181345,0.0005204678,4.91,168
"20210710150320",264.2023,38.77428,289.9592,393.4285,14.50102,528.5274,27.43686,9.961712,54.20833,101.4556,4.251016,0.4963108,-1.16013,0.07823198,2.26651,0.1148418,-0.008852482,3.94,156
"20210710150340",263.4828,38.56943,290.0893,393.8141,14.45062,525.465,27.32726,9.892872,57.68948,101.4568,4.239438,0.4936887,-1.155382,0.08805624,2.253377,0.1143831,0.001798391,3.72,167
"20210710150400",266.779,39.20586,290.0445,393.0764,14.40264,541.7896,28.1186,9.917706,54.75099,101.4605,4.292474,0.501835,-1.152855,0.08090156,2.323382,0.1176954,0.0006103516,3,165
"20210710150420",285.5685,42.45689,290.5229,393.7657,14.36716,581.0353,30.06623,9.944118,58.15502,101.4563,4.594798,0.5434482,-1.144945,0.09405819,2.491682,0.1258475,-0.005678177,3.79,165
"20210710150440",313.7241,47.58435,290.6365,394.4908,14.35023,627.2206,32.38636,10.05611,59.30027,101.4552,5.047822,0.6090797,-1.142526,0.1062545,2.689741,0.1355588,0.004755974,3.82,177
"20210710150500",340.2195,52.29022,290.4061,394.1076,14.32019,676.6182,34.86524,10.06556,56.05722,101.457,5.474132,0.6693148,-1.143335,0.1029477,2.901575,0.1459346,-0.003454208,4.64,182
"20210710150520",342.2626,52.51588,290.5992,393.5534,14.29379,681.2046,35.048,10.03583,53.83979,101.4558,5.507005,0.6722033,-1.139375,0.09679225,2.921242,0.1466996,-0.002233028,4.5,180
"20210710150540",341.6885,52.47498,290.8832,394.1082,14.27141,679.5586,35.00762,9.973934,55.60568,101.4558,5.497768,0.6716798,-1.134599,0.106881,2.914184,0.1465306,0.006334543,3.76,172
"20210710150600",358.393,55.33941,291.1122,394.2875,14.25589,705.161,36.13205,10.03603,57.05465,101.461,5.766543,0.7083444,-1.130907,0.1108094,3.023976,0.1512371,0.001838446,4.07,185
"20210710150620",346.2872,53.07782,291.0651,394.4918,14.23956,681.8885,34.99082,10.05558,56.38577,101.4604,5.571761,0.679396,-1.130425,0.1151755,2.924176,0.1464603,0.00475955,4.29,178
"20210710150640",343.7711,52.82978,291.1357,393.7221,14.21456,684.2618,35.13616,10.07924,54.17352,101.4572,5.531277,0.6762213,-1.128001,0.1056862,2.934353,0.1470686,0.01478076,5.23,175
"20210710150700",332.4002,50.66881,291.2538,393.68,14.19824,650.5024,33.38773,10.04002,54.17876,101.4553,5.34832,0.6485608,-1.125569,0.1063687,2.789581,0.1397503,0.0007932186,4.08,180
"20210710150720",346.4776,53.4521,291.4821,393.5104,14.1809,711.2902,36.48263,10.03873,53.17951,101.4559,5.574824,0.6841869,-1.121771,0.1052288,3.05026,0.1527045,0.00385642,4.65,164
"20210710150740",356.2676,55.02582,291.4204,393.5182,14.16598,712.8456,36.51176,10.056,53.63286,101.4574,5.732346,0.7043305,-1.121552,0.1065454,3.05693,0.1528264,0.003738642,4.32,162
"20210710150800",421.9478,66.52534,291.9728,394.2874,14.15631,858.1678,43.67745,10.06538,53.57297,101.4592,6.78914,0.8515245,-1.114414,0.1188132,3.680123,0.1828197,-0.004471779,4.45,160
"20210710150820",394.4254,60.65659,292.2217,395.4715,14.15852,782.7847,39.89356,10.06178,56.70578,101.4608,6.346306,0.7764044,-1.111614,0.1363276,3.356854,0.1669816,0.003698826,4.32,159
"20210710150840",399.0198,61.20062,292.4315,395.782,14.15227,790.6953,40.15144,10.09768,55.70073,101.4577,6.420228,0.783368,-1.10874,0.1414677,3.390777,0.1680609,0.002435446,3.92,168
"20210710150900",407.4096,62.5996,292.5224,396.3981,14.15913,783.863,39.74902,10.17618,57.20289,101.4592,6.55522,0.8012748,-1.108101,0.1501215,3.361478,0.1663766,-0.008285046,3.94,175
"20210710150920",401.4365,62.02267,292.6595,395.6619,14.15671,827.7718,42.1188,10.20516,53.9321,101.4586,6.459113,0.7938901,-1.106329,0.1393164,3.549774,0.1762957,-0.01255751,4.13,163
"20210710150940",512.6247,83.17997,293.0812,395.7211,14.16135,1067.437,54.34549,10.13759,51.12659,101.4592,8.248132,1.064704,-1.101643,0.1398293,4.577541,0.2274726,-0.003947258,4.71,174
"20210710151000",724.406,123.12,294.6189,399.2856,14.1936,1423.509,72.37067,10.11615,53.3883,101.4599,11.65569,1.575936,-1.085533,0.1904888,6.104503,0.3029202,0.006383181,3.24,180
"20210710151020",694.1561,116.9782,294.9812,402.8641,14.25024,1289.35,65.7908,10.13479,55.84242,101.4626,11.16897,1.497321,-1.084855,0.2393976,5.52918,0.275379,0.001163721,5.22,167
"20210710151040",697.6526,117.7775,294.6118,402.7122,14.28492,1330.068,67.59356,10.26676,53.49703,101.4645,11.22523,1.507552,-1.091422,0.2343397,5.703794,0.2829248,0.006374598,3.86,166
"20210710151100",708.044,119.4457,294.7455,402.9832,14.31939,1338.758,68.15848,10.3052,52.60426,101.4619,11.39243,1.528905,-1.092037,0.2356119,5.741063,0.2852893,-0.002037287,5.28,168
"20210710151120",705.9507,118.4821,295.3203,402.9005,14.33108,1329.176,67.42047,10.23837,50.30679,101.4628,11.35875,1.516571,-1.085992,0.2334365,5.699972,0.2822003,-0.004636049,3.85,165
"20210710151140",695.1522,116.1966,295.685,403.573,14.36333,1268.441,64.38942,10.18957,52.19114,101.4614,11.185,1.487317,-1.083738,0.2408856,5.439516,0.2695133,-0.002265453,4.3,173
"20210710151200",672.736,111.9721,295.3069,404.4368,14.39922,1258.743,63.70971,10.27782,54.14161,101.4643,10.82432,1.433243,-1.090487,0.2509037,5.397931,0.2666682,0.0001871586,5.03,166
"20210710151220",585.1204,95.73266,295.2573,404.1419,14.42703,1081.741,55.53216,10.36734,54.4369,101.4625,9.414588,1.225378,-1.092845,0.2442541,4.638884,0.2324397,0.009764433,4.57,166
"20210710151240",671.1582,112.5174,295.5449,403.8363,14.45888,1363.317,69.39178,10.47323,51.73006,101.4634,10.79894,1.440222,-1.091479,0.2371205,5.846378,0.2904515,0.002929449,5.45,166
"20210710151300",712.0285,119.5079,296.0141,403.9272,14.48368,1363,69.35643,10.44072,51.79788,101.4591,11.45654,1.529702,-1.087516,0.2364812,5.845018,0.2903036,0.005188704,4.48,177
"20210710151320",657.0311,108.3003,296.9773,405.7887,14.51533,1219.36,61.89861,10.39698,53.80307,101.4582,10.57163,1.386244,-1.078158,0.2617398,5.22904,0.2590876,0.007524967,3.9,170
"20210710151340",644.0945,106.2869,296.6222,406.2287,14.56008,1263.891,64.23623,10.46614,55.84165,101.4573,10.36348,1.360472,-1.085208,0.2647017,5.420006,0.2688721,0.01724362,3.9,157
"20210710151400",569.3186,91.84688,297.149,406.8253,14.60201,1023.074,51.8929,10.58217,53.98338,101.457,9.160335,1.17564,-1.081662,0.2702305,4.387296,0.2172069,0.004225492,4.42,171
"20210710151420",483.731,76.0241,296.1165,403.9281,14.61914,954.831,48.33791,10.66629,53.13803,101.4572,7.78323,0.9731084,-1.094948,0.2255634,4.094648,0.2023268,-0.005522013,4.39,166
"20210710151440",493.6177,77.35694,296.835,403.8237,14.63305,911.1604,46.13895,10.64878,53.59516,101.4604,7.942309,0.9901688,-1.087351,0.2228806,3.907374,0.1931227,0.002752304,4.13,163
"20210710151500",522.0922,82.98951,296.7549,402.4298,14.6391,972.7178,49.29666,10.56556,51.326,101.4551,8.400463,1.062266,-1.088683,0.2015676,4.171353,0.2063399,-0.002795458,5.02,182
"20210710151520",545.1885,87.40922,297.2816,401.7104,14.64455,1018.912,51.41144,10.5561,51.75046,101.4552,8.772083,1.118838,-1.082809,0.1903814,4.369448,0.2151916,-0.002731085,3.23,176
"20210710151540",564.6857,90.93467,297.4536,403.2868,14.67216,1066.416,53.87455,10.49089,54.98685,101.4545,9.085794,1.163964,-1.082542,0.2117008,4.573162,0.2255015,0.01503754,3.85,163
"20210710151600",559.2203,89.89795,297.7321,404.125,14.70804,1001.106,50.64902,10.58888,53.75672,101.4541,8.997854,1.150694,-1.081544,0.2213243,4.293092,0.2120004,0.006217956,3.12,176
"20210710151620",552.84,88.75217,297.0141,403.644,14.73304,1028.228,52.26138,10.68563,53.3802,101.4531,8.895195,1.136028,-1.091621,0.2121181,4.4094,0.2187492,0.008617401,5.28,176
"20210710151640",565.3876,90.98233,297.1736,402.9378,14.73526,1074.807,54.46131,10.70918,50.95052,101.4573,9.097086,1.164574,-1.089879,0.2013862,4.609146,0.2279574,0.007437706,5.1,169
"20210710151700",597.4954,96.59421,297.5735,403.5298,14.7411,1047.801,53.12723,10.57835,50.7504,101.4564,9.613701,1.236406,-1.085529,0.2097604,4.493334,0.2223734,0.004251242,2.87,189
"20210710151720",527.3596,83.53675,297.3431,403.4543,14.73808,1023.676,51.80625,10.56099,53.42014,101.4534,8.485217,1.06927,-1.088057,0.2088762,4.38988,0.2168442,0.006407738,4.48,184
"20210710151740",562.9045,90.65215,297.1382,403.7991,14.74272,1221.003,61.9048,10.55311,54.03592,101.4537,9.057133,1.160348,-1.090774,0.2136518,5.236084,0.2591135,0.02276778,5.07,165
"20210710151800",542.815,87.2149,296.7161,403.0372,14.74332,1062.639,54.18067,10.52585,51.4119,101.4541,8.733893,1.116351,-1.095799,0.2022201,4.556965,0.2267828,-0.0004866123,4.65,171
"20210710151820",600.8656,97.76227,297.2923,403.0425,14.73909,1043.654,52.98194,10.45157,49.08572,101.4526,9.667928,1.251357,-1.088723,0.2026421,4.475551,0.2217653,0.01122856,4.41,163
"20210710151840",625.8564,103.3481,297.0451,404.8886,14.75824,1177.371,60.16094,10.39952,52.46581,101.456,10.07003,1.322855,-1.092866,0.2286737,5.048976,0.2518142,-0.0006432533,4.68,166
"20210710151900",616.1985,101.5994,297.1318,404.6845,14.76288,1153.232,58.61294,10.44549,50.26768,101.4558,9.914634,1.300472,-1.092139,0.2252495,4.945459,0.2453348,0.001080751,3.89,153
"20210710151920",643.8245,107.1935,297.4272,405.4906,14.79069,1248.984,63.64261,10.50278,52.74812,101.4527,10.35914,1.372077,-1.090428,0.2350432,5.356079,0.2663874,0.01189947,3.81,166
"20210710151940",704.386,118.5732,296.6711,406.0446,14.82456,1324.9,67.63413,10.63252,51.78814,101.4537,11.33357,1.517737,-1.101523,0.2405791,5.681631,0.2830946,0.0008244514,3.89,176
"20210710152000",707.2207,118.9991,296.7865,406.6488,14.85359,1335.229,68.1423,10.59399,50.85863,101.4529,11.37918,1.523189,-1.102017,0.2472571,5.725928,0.2852216,0.00210619,3.44,188
"20210710152020",668.4782,111.5299,296.9928,407.3914,14.88181,1253.751,64.18238,10.61102,51.44907,101.4522,10.75582,1.427583,-1.101388,0.2560664,5.376522,0.2686467,0.02237511,4.28,183
"20210710152040",637.2105,105.9312,296.2157,408.1869,14.92193,1220.144,62.37172,10.72175,53.11401,101.4536,10.25272,1.35592,-1.113135,0.2647018,5.232401,0.2610678,-0.00182271,4.61,168
"20210710152100",622.339,103.3496,295.75,406.0335,14.92596,1203.564,61.51572,10.78251,48.89744,101.4581,10.01343,1.322875,-1.118892,0.2322032,5.1613,0.2574849,0.008978129,4.19,172
"20210710152120",628.5844,104.582,295.7717,407.516,14.95015,1221.151,62.47218,10.75246,51.90279,101.4537,10.11392,1.33865,-1.120184,0.2523951,5.236722,0.2614883,-0.0101881,4.36,169
"20210710152140",682.9692,114.5441,295.9209,407.5824,14.97051,1289.774,65.93394,10.74635,50.40808,101.4531,10.98898,1.466165,-1.119728,0.2517336,5.531001,0.2759782,-0.0009710789,5.47,162
"20210710152200",684.0515,114.8568,295.3171,407.1633,14.98724,1292.462,66.10745,10.7193,50.75748,101.4545,11.00639,1.470167,-1.12793,0.2441171,5.542526,0.2767044,0.006349564,5.5,168
"20210710152220",677.5582,113.5706,294.9922,407.0104,14.99087,1275.102,65.21419,10.69001,48.53317,101.4563,10.90191,1.453704,-1.131999,0.2415381,5.46808,0.2729655,0.01164579,4.83,165
"20210710152240",671.8796,112.3163,295.4538,408.0464,15.00095,1267.761,64.81107,10.70352,51.91242,101.4567,10.81054,1.437648,-1.127194,0.2561999,5.4366,0.2712782,0.01767015,3.1,173
"20210710152300",666.2954,111.3695,294.9111,407.8512,15.01728,1254.832,64.29885,10.74986,52.53864,101.4602,10.72069,1.425529,-1.134649,0.25196,5.381156,0.2691342,0.003082991,4.99,174
"20210710152320",661.1802,110.3997,295.1288,408.3379,15.0455,1246.571,63.77296,10.82621,53.6448,101.461,10.63839,1.413116,-1.133888,0.2569426,5.345731,0.266933,0.00154376,4.82,169
"20210710152340",656.491,109.5143,294.1868,408.0912,15.06566,1237.588,63.45912,10.92015,53.57215,101.457,10.56294,1.401784,-1.146304,0.2516224,5.307208,0.2656194,0.01008177,5.58,148
"20210710152400",651.2613,108.3082,294.7015,406.9463,15.06707,1230.895,62.97756,10.871,50.77587,101.4577,10.47879,1.386346,-1.140317,0.2344017,5.278505,0.2636037,0.01449466,3.8,172
"20210710152420",646.6854,107.6548,293.8401,407.4062,15.09025,1220.862,62.55872,10.85375,51.76879,101.4578,10.40517,1.377982,-1.151976,0.2393923,5.235481,0.2618506,-0.00272274,5,151
"20210710152440",641.9034,106.6047,293.7972,406.8712,15.0963,1212.624,62.2599,10.78951,50.8424,101.4556,10.32823,1.36454,-1.152871,0.23091,5.200156,0.2605998,0.002812862,5.17,146
"20210710152500",636.6654,105.5093,293.9985,406.8966,15.09549,1204.009,61.86253,10.66206,52.62038,101.4586,10.24395,1.350519,-1.150443,0.2313539,5.16321,0.2589366,0.01285505,4.85,162
"20210710152520",632.4858,104.7037,293.6188,406.4892,15.09771,1197.904,61.59139,10.66227,53.31575,101.4609,10.1767,1.340208,-1.15507,0.2250875,5.13703,0.2578017,-0.007532835,5.53,152
"20210710152540",628.3994,103.8426,293.4504,405.5843,15.07332,1192.437,61.36582,10.60548,50.8848,101.455,10.11095,1.329185,-1.155492,0.213549,5.113586,0.2568575,0.005085468,4.33,160
"20210710152600",625.769,103.3464,293.4897,406.2608,15.07009,1188.741,61.15879,10.59145,53.59709,101.4572,10.06862,1.322834,-1.154823,0.223914,5.097736,0.2559909,0.002123833,4.09,160
"20210710152620",624.025,102.9872,293.4332,405.4652,15.0463,1185.632,61.10182,10.52615,52.84408,101.455,10.04056,1.318237,-1.153964,0.2139592,5.084403,0.2557524,-0.0004887581,4.5,158
"20210710152640",622.5803,102.664,293.9252,406.0776,15.02534,1184.308,60.98511,10.45651,54.06372,101.4545,10.01732,1.314099,-1.146809,0.2248099,5.078726,0.255264,0.009157181,4.73,155
"20210710152700",622.4968,102.7549,293.5728,406.5657,15.02131,1183.817,60.9784,10.45864,56.20732,101.4538,10.01597,1.315263,-1.150712,0.2324285,5.07662,0.2552359,0.01118088,4.2,159
"20210710152720",621.9349,102.709,293.75,406.0488,15.00337,1181.802,60.96778,10.4739,54.03098,101.4588,10.00693,1.314675,-1.147469,0.2261616,5.067978,0.2551914,-0.006245852,3.9,167
"20210710152740",621.8439,102.9164,294.7497,407.5898,15.00437,1183.152,60.87594,10.40318,55.56648,101.4547,10.00547,1.31733,-1.135728,0.2491013,5.073768,0.254807,0.01257706,3.4,161
"20210710152800",621.9833,103.2966,293.7603,407.7314,15.01969,1179.61,60.7805,10.57312,59.88386,101.4544,10.00771,1.322197,-1.148395,0.2499742,5.058576,0.2544075,0.004287004,4.02,149
"20210710152820",621.3375,102.9758,293.9108,407.4207,15.01808,1179.914,60.75155,10.67127,56.74961,101.4528,9.99732,1.31809,-1.146514,0.2454635,5.059883,0.2542863,0.00463748,4.1,147
"20210710152840",620.5523,102.5314,293.9768,407.9862,15.01506,1179.518,60.7321,10.67269,55.81785,101.4527,9.984687,1.312403,-1.14554,0.2541583,5.058182,0.2542049,0.007686138,3.34,181
"20210710152900",619.7601,102.6744,293.843,408.4029,15.02937,1176.909,60.70084,10.71482,58.57575,101.4532,9.971939,1.314233,-1.148038,0.2592218,5.046998,0.2540741,0.009438276,3.62,180
"20210710152920",619.8262,102.8563,293.5457,408.2373,15.05638,1176.849,60.66477,10.81721,57.23986,101.4553,9.973004,1.31656,-1.153283,0.2545557,5.046739,0.2539231,-0.007571698,4.07,177
"20210710152940",619.2703,102.8138,293.4971,407.3573,15.05779,1174.74,60.59936,10.79453,54.52057,101.4556,9.964059,1.316017,-1.153947,0.2412952,5.037692,0.2536493,0.01195526,4.83,175
"20210710153000",617.6728,102.6641,293.3544,406.3693,15.04973,1172.806,60.53962,10.68632,54.44806,101.4505,9.938356,1.314101,-1.155115,0.2271874,5.029399,0.2533993,-0.002600193,4.68,171
"20210710153020",616.5959,102.5312,293.5181,406.712,15.03764,1171.007,60.47312,10.53746,54.10536,101.4517,9.921028,1.312399,-1.152406,0.2332905,5.021684,0.2531209,0.007587194,3.9,156
"20210710153040",616.0143,102.4536,294.0148,407.8297,15.03804,1168.466,60.45485,10.44727,56.20614,101.4502,9.91167,1.311406,-1.146565,0.2499563,5.010791,0.2530445,0.00718236,3.71,163
"20210710153100",616.0598,102.4201,294.0555,408.7775,15.04288,1167.721,60.40044,10.45324,57.2761,101.4486,9.912402,1.310978,-1.146396,0.2637222,5.007596,0.2528167,0.001027823,3.35,169
"20210710153120",616.0938,102.6449,293.8886,409.1416,15.06586,1168.714,60.396,10.56295,58.15753,101.4498,9.91295,1.313855,-1.149839,0.2672989,5.011851,0.2527981,0.01250935,4.84,167
"20210710153140",615.9336,102.7138,293.0345,408.9245,15.08944,1167.958,60.33733,10.66769,58.47807,101.4527,9.910372,1.314737,-1.16144,0.2621412,5.008612,0.2525526,-0.01164746,4.57,164
"20210710153200",615.2409,102.482,293.2952,407.949,15.08985,1168.007,60.29832,10.70494,55.21508,101.4483,9.899226,1.31177,-1.158386,0.2475353,5.008819,0.2523893,0.00950551,3.66,175
"20210710153220",614.8846,102.4524,293.3659,408.524,15.10597,1167.459,60.29004,10.6897,57.69206,101.4465,9.893494,1.31139,-1.158587,0.2548155,5.006472,0.2523546,0.009609222,4.67,176
"20210710153240",613.704,102.2694,293.0062,407.7658,15.11162,1164.321,60.22481,10.65233,57.13228,101.4481,9.874498,1.309048,-1.163195,0.2430311,4.993014,0.2520816,0.009863615,4.47,171
"20210710153300",613.1196,102.0756,293.2294,407.0885,15.11041,1164.483,60.22846,10.59628,56.40376,101.4475,9.865095,1.306568,-1.160483,0.2330101,4.99371,0.2520968,0.01635981,3.79,160
"20210710153320",612.6075,101.9123,292.5991,407.7959,15.1217,1162.374,60.16661,10.62741,58.28824,101.4471,9.856854,1.304477,-1.168651,0.2426626,4.984664,0.251838,0.006974935,4.23,153
"20210710153340",611.9811,101.7276,293.102,407.9297,15.11444,1160.093,60.13073,10.58907,56.08902,101.4524,9.846775,1.302113,-1.162246,0.2452508,4.974884,0.2516878,0.004178524,2.56,151
"20210710153400",611.9491,101.3772,293.3019,408.2225,15.11525,1161.134,60.10314,10.55952,56.43536,101.4497,9.846261,1.297628,-1.159936,0.2495608,4.979349,0.2515723,0.004379749,3.77,156
"20210710153420",611.7556,101.3983,292.6378,408.7116,15.1221,1160.601,60.12289,10.62557,59.17657,101.447,9.843147,1.297899,-1.16822,0.2563096,4.977061,0.251655,0.01310325,4.93,139
"20210710153440",610.4345,100.9309,292.0381,407.5381,15.10214,1160.604,60.1074,10.66079,59.03612,101.4463,9.821892,1.291915,-1.174022,0.2403985,4.977073,0.2515901,0.01184416,3.3,144
"20210710153500",610.3288,100.6758,292.5086,408.0074,15.08904,1161.128,60.09043,10.59376,59.64475,101.4466,9.82019,1.28865,-1.167626,0.2484714,4.979322,0.2515191,0.01026177,4.39,143
"20210710153520",609.325,100.3721,292.494,407.4968,15.07049,1158.601,60.03945,10.55857,57.72769,101.4448,9.804038,1.284764,-1.166608,0.2423496,4.968482,0.2513057,0.005405188,3.46,151
"20210710153540",609.3949,100.544,292.5015,408.392,15.07493,1157.223,60.10284,10.56801,60.07583,101.4511,9.805164,1.286964,-1.166804,0.2553638,4.962576,0.251571,0.001263857,3.95,156
"20210710153600",609.5979,100.8519,292.9617,408.7663,15.08239,1156.533,60.06627,10.59964,58.39784,101.4519,9.80843,1.290905,-1.161848,0.2603496,4.959618,0.251418,0.02856731,2.44,168
"20210710153620",609.6296,101.0764,293.0934,410.3731,15.10174,1155.841,60.07141,10.64998,60.30752,101.448,9.808942,1.293777,-1.161533,0.282786,4.956649,0.2514395,0.01497579,3.55,145
"20210710153640",609.6162,101.3774,292.3551,409.8477,15.11948,1155.062,60.05101,10.79591,59.03152,101.4471,9.808725,1.29763,-1.171389,0.2734967,4.953308,0.2513541,0.003788948,2.56,149
"20210710153700",609.4849,101.3554,292.3944,409.916,15.13359,1153.891,60.12439,10.81726,58.63333,101.4484,9.806611,1.297349,-1.171831,0.2733729,4.948287,0.2516613,0.003643513,3.26,162
"20210710153720",609.2006,101.437,292.1465,409.289,15.14689,1153.845,60.10964,10.84078,58.12486,101.4486,9.802038,1.298394,-1.175612,0.2629245,4.948088,0.2515995,0.007561922,2.35,163
"20210710153740",608.765,101.3621,291.9012,409.2144,15.15395,1153.094,60.11061,10.7707,57.94517,101.4489,9.795029,1.297435,-1.178964,0.2612349,4.944867,0.2516036,0.002940893,3.88,165
"20210710153800",608.1426,101.1926,292.0402,409.2849,15.14306,1154.565,60.16493,10.76162,57.8507,101.4524,9.785016,1.295265,-1.176623,0.2631736,4.951179,0.2518309,0.005042076,3.6,156
"20210710153820",607.6362,101.2017,292.5056,410.0084,15.15778,1153.406,60.15928,10.71881,60.47071,101.448,9.776867,1.295382,-1.172071,0.2727875,4.946206,0.2518073,0.02878046,2.77,173
"20210710153840",607.5906,101.1286,292.3238,410.0134,15.16221,1151.498,60.11127,10.84573,59.26198,101.4484,9.776134,1.294446,-1.174502,0.2725027,4.938026,0.2516063,0.01160741,3.46,165
"20210710153900",607.2528,100.9137,292.1763,409.964,15.16846,1151.55,60.08247,10.83825,58.82888,101.4489,9.770698,1.291696,-1.176645,0.2712587,4.93825,0.2514858,-0.006695747,4.22,174
"20210710153920",606.4772,100.8091,292.2072,409.6563,15.17028,1149.72,60.13243,10.85909,59.86862,101.4469,9.758218,1.290356,-1.176398,0.2665116,4.930398,0.2516949,0.01151633,2.39,173
"20210710153940",606.1502,100.9011,292.7477,409.2333,15.1733,1149.044,60.00578,10.83236,58.78016,101.4483,9.752958,1.291534,-1.170209,0.2599471,4.927502,0.2511648,0.01067829,3.51,149
"20210710154000",605.9811,100.983,291.7041,408.4945,15.17975,1149.225,60.17452,10.80548,54.0403,101.4537,9.750235,1.292583,-1.182947,0.248386,4.928275,0.2518711,0.00678277,4.11,172
"20210710154020",605.4415,100.7446,291.903,407.8787,15.16282,1148.925,60.27884,10.68414,53.20862,101.4514,9.741554,1.289531,-1.179511,0.2405619,4.92699,0.2523077,-0.00156641,2.76,164
"20210710154040",605.1517,100.6758,292.2544,409.1412,15.16342,1147.793,60.14193,10.63025,56.36824,101.4497,9.736892,1.28865,-1.1754,0.2593732,4.922137,0.2517347,0.01001334,3.43,161
"20210710154100",604.734,100.3795,291.6515,409.205,15.15355,1145.976,60.26378,10.64836,56.93784,101.4499,9.73017,1.284857,-1.181885,0.2611291,4.914344,0.2522447,0.0068326,3.17,143
"20210710154120",604.158,100.0581,291.2925,408.6432,15.13802,1147.327,60.23234,10.66956,58.77208,101.4503,9.720902,1.280743,-1.18513,0.2539956,4.920136,0.2521131,0.004649401,3.05,143
"20210710154140",603.7974,99.86621,291.8204,409.4696,15.12633,1147.547,60.28274,10.59334,59.44288,101.4489,9.7151,1.278288,-1.178145,0.2672905,4.921079,0.2523241,0.0102644,2.5,148
"20210710154200",604.365,100.1497,292.1945,410.1871,15.12532,1144.18,60.34013,10.58733,60.52764,101.4524,9.724234,1.281916,-1.173663,0.2780917,4.906642,0.2525643,0.003171206,1.75,152
"20210710154220",603.9611,100.3169,291.5349,410.1958,15.13036,1144.982,60.17699,10.5765,60.88286,101.4536,9.717734,1.284056,-1.181775,0.2778129,4.910083,0.2518814,-0.0008320808,3.9,176
"20210710154240",603.8477,100.4035,291.2394,408.449,15.11605,1144.793,60.12575,10.55656,57.6025,101.4498,9.71591,1.285165,-1.184347,0.2528772,4.909272,0.2516669,0.01255298,3.1,158
"20210710154300",603.6667,100.1797,291.0958,408.4791,15.09267,1144.104,60.0469,10.50123,56.90292,101.4508,9.712998,1.2823,-1.184544,0.255224,4.906318,0.2513369,-0.002356529,3.24,152
"20210710154320",603.0115,100.0068,291.1715,408.687,15.06787,1144.735,59.9703,10.44636,56.20058,101.451,9.702457,1.280086,-1.182058,0.2603435,4.909022,0.2510163,-0.003000975,2.33,172
"20210710154340",602.9354,100.0578,291.7733,409.9702,15.058,1143.771,59.88183,10.37112,59.36699,101.4519,9.70123,1.28074,-1.174317,0.2803162,4.904888,0.250646,0.0005693436,2.6,167
"20210710154400",603.134,100.3545,292.2364,410.7828,15.06606,1144.383,59.878,10.37927,61.05664,101.45,9.704426,1.284538,-1.169366,0.2918014,4.907513,0.25063,0.01375818,1.61,154
"20210710154420",603.3775,100.7608,291.5788,410.1755,15.07674,1142.673,59.92798,10.47805,61.47752,101.4526,9.708343,1.289738,-1.177818,0.2818606,4.900181,0.2508391,0.004934549,3.28,185
"20210710154440",603.4942,100.633,292.3276,410.6011,15.09106,1142.215,59.9079,10.54719,60.99898,101.45,9.71022,1.288102,-1.169892,0.2870588,4.898215,0.2507551,0.007520676,4.36,179
"20210710154500",603.4681,100.8375,291.1053,409.492,15.109,1140.927,59.83652,10.66874,59.94886,101.4479,9.709802,1.290719,-1.185479,0.2690313,4.892692,0.2504563,-0.002480268,3.78,163
"20210710154520",602.5802,100.5401,291.1851,408.4834,15.09489,1142.41,59.82727,10.60952,56.05402,101.4478,9.695516,1.286913,-1.18363,0.255111,4.899053,0.2504176,-3.814697e-05,3.07,172
"20210710154540",602.1362,100.3886,291.7459,409.8083,15.09489,1139.989,59.77513,10.53676,58.80595,101.4479,9.68837,1.284974,-1.177006,0.2749044,4.88867,0.2501993,-0.001580238,4.07,172
"20210710154600",601.7338,100.0507,291.7397,410.2504,15.09811,1138.981,59.86791,10.51663,61.47708,101.4461,9.681897,1.280649,-1.177286,0.2812467,4.884349,0.2505877,0.0118053,2.24,169
"20210710154620",601.9907,100.3038,291.944,411.0768,15.11202,1138.927,59.79696,10.62856,62.58116,101.4487,9.68603,1.283889,-1.175767,0.2924636,4.884114,0.2502908,0.01410174,1.71,176
"20210710154640",601.9964,100.4467,291.8688,410.8301,15.12774,1139.449,59.83688,10.74757,60.7199,101.4482,9.686123,1.285718,-1.177664,0.2875021,4.886352,0.2504578,4.029274e-05,2.41,171
"20210710154700",601.7676,100.4242,291.6146,411.178,15.14226,1137.314,59.75708,10.77147,59.20246,101.4482,9.682442,1.285429,-1.181596,0.2915228,4.877198,0.2501238,0.01109195,2.23,187
"20210710154720",601.4568,100.2484,291.7932,411.1228,15.14851,1136.164,59.81106,10.76452,59.64785,101.4467,9.67744,1.28318,-1.179888,0.2901905,4.872265,0.2503497,0.008080959,3.21,178
"20210710154740",600.9232,100.0223,291.6537,410.5208,15.15254,1138.765,59.82089,10.73958,58.90262,101.447,9.668854,1.280285,-1.181795,0.2808704,4.883423,0.2503909,-0.005002976,3.15,165
"20210710154800",600.8436,100.1079,291.7823,411.1684,15.16786,1137.477,59.77808,10.74916,60.34514,101.4464,9.667573,1.281382,-1.181259,0.2893017,4.877897,0.2502117,0.02449703,3.67,171
"20210710154820",600.6373,100.1509,291.2267,409.8467,15.16987,1135.763,59.76294,10.74368,57.27434,101.4466,9.664255,1.281931,-1.187951,0.2693912,4.870546,0.2501484,-0.0009524822,2.67,163
"20210710154840",600.6126,100.0043,291.3796,410.089,15.17552,1137.955,59.77334,10.72786,56.49249,101.4483,9.663858,1.280055,-1.186507,0.2725525,4.879947,0.2501918,0.00221324,3.23,175
"20210710154900",600.0693,99.9083,290.8674,409.6751,15.17108,1135.777,59.68706,10.69745,57.05802,101.4442,9.655114,1.278826,-1.192272,0.2667283,4.870606,0.2498307,-0.003695488,3.4,157
"20210710154920",599.34,99.85517,290.8574,408.7091,15.15778,1135.385,59.69732,10.67014,54.78378,101.4441,9.64338,1.278146,-1.191536,0.2533762,4.868925,0.2498737,-0.003509522,4.28,171
"20210710154940",598.6607,99.5255,291.3167,408.017,15.13661,1134.506,59.71402,10.54007,52.8729,101.4432,9.632451,1.273927,-1.184754,0.2447534,4.865158,0.2499436,0.00451231,4,174
"20210710155000",598.8255,99.61454,291.5114,408.5772,15.13984,1136.74,59.75254,10.50065,55.98835,101.4445,9.635102,1.275066,-1.182661,0.252862,4.874737,0.2501048,-0.004390716,4.01,170
"20210710155020",598.4263,99.70112,290.8705,407.3825,15.11928,1134.481,59.8666,10.46616,54.96355,101.445,9.628679,1.276174,-1.188909,0.2366844,4.865051,0.2505822,0.01826262,3.72,174
"20210710155040",598.08,99.59688,291.1712,407.5288,15.10134,1132.913,59.79568,10.41777,54.65626,101.4493,9.623108,1.27484,-1.184209,0.2403228,4.858327,0.2502854,0.0114584,3.5,152
"20210710155100",597.9108,99.44046,291.8783,409.3092,15.09126,1133.883,59.77539,10.38198,56.64334,101.4489,9.620386,1.272838,-1.17521,0.2677414,4.862486,0.2502005,0.008645773,2.59,172
"20210710155120",597.7816,99.38621,291.6518,409.245,15.09005,1131.34,59.71117,10.45397,57.54646,101.4465,9.618306,1.272144,-1.177808,0.2668802,4.851581,0.2499316,-0.008147717,3.51,183
"20210710155140",598.0666,99.45348,291.6642,409.5853,15.09489,1132.068,59.74108,10.60029,57.27063,101.4477,9.622891,1.273005,-1.177971,0.2715727,4.8547,0.2500568,-0.0009942054,3.11,166
"20210710155200",597.9664,99.43382,291.3312,410.3256,15.10738,1133.043,59.6953,10.66523,59.01424,101.4466,9.62128,1.272753,-1.182707,0.2816176,4.858883,0.2498652,0.01385284,3.56,158
"20210710155220",597.6266,99.60746,291.1381,408.2291,15.09529,1130.283,59.66788,10.68265,54.36261,101.4473,9.615811,1.274975,-1.18421,0.251278,4.847046,0.2497504,0.006599188,3.76,176
"20210710155240",597.4552,99.35545,291.3145,409.4093,15.0967,1130.048,59.64161,10.6198,57.63056,101.4493,9.613054,1.27175,-1.182219,0.2687943,4.846039,0.2496405,0.004987955,2.42,158
"20210710155300",597.323,99.26865,291.3284,408.9005,15.084,1129.042,59.6132,10.58707,54.08865,101.4514,9.610927,1.270639,-1.181241,0.262223,4.841724,0.2495216,0.01030731,2.74,165
"20210710155320",596.9857,99.27786,291.2904,409.4545,15.09368,1128.3,59.65804,10.60987,57.77848,101.4473,9.6055,1.270757,-1.18231,0.2697147,4.838542,0.2497092,0.01524806,4.95,176
"20210710155340",596.2413,99.27278,291.0068,408.1256,15.08017,1128.953,59.58649,10.57766,55.60116,101.4474,9.593523,1.270692,-1.184792,0.2509576,4.841345,0.2494098,0.00629425,3.47,185
"20210710155400",596.3288,99.33808,290.9103,407.5582,15.07231,1130.089,59.62843,10.49104,58.18621,101.447,9.594932,1.271527,-1.185427,0.2431209,4.846215,0.2495853,0.001788855,4.09,188
"20210710155420",595.6069,99.15397,290.8121,407.362,15.06949,1129.427,59.66997,10.47609,58.755,101.448,9.583316,1.269171,-1.186407,0.2404159,4.843378,0.2497592,0.004948139,3.85,170
"20210710155440",596.0859,99.14842,290.9711,408.2182,15.07795,1129.603,59.55057,10.48937,59.21753,101.4487,9.591022,1.2691,-1.18507,0.2525222,4.84413,0.2492594,0.01606679,2.78,173
"20210710155500",596.4834,99.30461,290.4875,407.5767,15.07412,1127.71,59.59425,10.51119,57.71618,101.4532,9.597418,1.271099,-1.190538,0.2432471,4.836013,0.2494422,0.006747007,3.71,178
"20210710155520",596.1476,99.1703,291.0733,407.4789,15.05981,1126.29,59.61317,10.41401,57.71335,101.4481,9.592014,1.26938,-1.182701,0.2429483,4.829922,0.2495214,-0.001761198,4.13,171
"20210710155540",595.5381,98.96341,290.3164,406.5717,15.03219,1127.5,59.556,10.37481,56.15928,101.4484,9.582208,1.266732,-1.189869,0.2316347,4.835112,0.2492822,-0.002512693,3.58,166
"20210710155600",594.8985,99.01555,290.8843,407.2651,15.01042,1129.213,59.5698,10.21116,56.61162,101.4483,9.571917,1.267399,-1.181766,0.243761,4.84246,0.2493399,0.007771969,3.23,182
"20210710155620",595.0926,99.09336,291.2788,408.7453,15.00619,1127.637,59.53997,10.15485,60.97334,101.4483,9.575041,1.268395,-1.176837,0.2662158,4.835699,0.249215,0.008155822,2.93,161
"20210710155640",595.4645,99.21898,290.7913,408.7793,14.99329,1124.996,59.57816,10.19885,60.83023,101.4469,9.581023,1.270003,-1.181767,0.2677706,4.824375,0.2493749,0.005819321,3.9,161
"20210710155700",595.0064,99.14018,290.5645,407.8408,14.96708,1126.375,59.60402,10.26696,57.47457,101.4507,9.573654,1.268994,-1.182765,0.2558742,4.830288,0.2494831,0.01350355,3.17,157
"20210710155720",594.9429,98.92578,290.9812,408.4496,14.95136,1123.811,59.49282,10.23385,60.4284,101.4496,9.572631,1.26625,-1.176838,0.2662435,4.819294,0.2490177,0.01067305,3.19,146
"20210710155740",594.7948,98.87047,290.7328,408.3986,14.93624,1125.161,59.52264,10.29403,58.45225,101.4454,9.570248,1.265542,-1.178804,0.266705,4.825082,0.2491425,0.009244919,3.17,154
"20210710155800",594.7944,99.07716,290.8187,408.6018,14.93563,1122.73,59.51657,10.2803,59.75815,101.4456,9.570241,1.268188,-1.17775,0.2697908,4.814659,0.2491171,0.008319378,2.71,189
"20210710155820",595.0669,99.35231,290.9072,409.2138,14.94692,1123.347,59.54869,10.3013,60.34718,101.4449,9.574626,1.27171,-1.177429,0.2780197,4.817303,0.2492516,-0.002010584,2.99,153
"20210710155840",594.4152,99.36226,290.3373,407.669,14.92999,1122.905,59.53994,10.29365,57.42579,101.4451,9.564139,1.271837,-1.183074,0.2563108,4.815406,0.2492149,0.004153967,3.47,175
"20210710155900",594.2066,99.31333,290.5362,407.1406,14.91406,1123.07,59.55057,10.23566,57.22477,101.4459,9.560784,1.271211,-1.179706,0.2497078,4.816115,0.2492594,0.00658679,3.54,174
"20210710155920",593.5223,99.0484,290.8897,407.9744,14.9058,1122.292,59.49283,10.16665,60.31936,101.4502,9.549774,1.26782,-1.175,0.2628344,4.81278,0.2490178,0.005019903,3.58,172
"20210710155940",593.4428,98.87725,290.7296,408.2856,14.89552,1122.009,59.50443,10.20778,61.10241,101.4454,9.548495,1.265629,-1.176234,0.2683174,4.811565,0.2490663,0.005758286,3.77,177
"20210710160000",593.328,98.66101,291.0859,408.6456,14.88745,1121.433,59.57283,10.18574,60.12691,101.4445,9.546646,1.262861,-1.17151,0.2743476,4.809096,0.2493526,0.005908728,2.22,170
"20210710160020",593.5521,98.92506,291.0566,409.8296,14.90015,1123.382,59.45284,10.26559,63.66309,101.4491,9.550254,1.266241,-1.172668,0.2910096,4.817455,0.2488504,0.0104568,2.96,146
"20210710160040",593.7938,99.06475,291.0476,409.0736,14.8933,1123.629,59.52228,10.38903,61.28216,101.4467,9.554142,1.268029,-1.172337,0.2802662,4.818513,0.249141,-0.00159049,3.65,156
"20210710160100",593.4118,99.18594,290.6894,408.5884,14.89491,1119.817,59.50126,10.44624,59.6934,101.4471,9.547997,1.26958,-1.176671,0.2728873,4.802164,0.249053,0.005151034,3.32,165
"20210710160120",592.8591,99.14787,290.368,407.6908,14.88504,1119.827,59.47868,10.43723,57.10815,101.4471,9.539103,1.269093,-1.179833,0.2602783,4.802209,0.2489585,-0.00497675,3.86,155
"20210710160140",592.2054,99.02138,290.7244,407.7732,14.87355,1118.041,59.44048,10.35138,57.75109,101.447,9.528586,1.267474,-1.174888,0.2624407,4.794549,0.2487986,0.01292944,4.23,168
"20210710160200",591.597,98.95878,290.6486,407.1386,14.86568,1117.905,59.4861,10.32201,59.63765,101.4514,9.518797,1.266672,-1.175281,0.2535946,4.793965,0.2489896,0.0009043217,4.36,166
"20210710160220",590.6171,98.74104,290.9759,406.7656,14.84895,1116.715,59.40804,10.25733,57.0753,101.451,9.503028,1.263885,-1.170344,0.2493783,4.788863,0.2486628,0.006438732,3.52,166
"20210710160240",591.1766,98.97126,290.4344,407.4792,14.85903,1116.937,59.39719,10.28046,60.14453,101.4479,9.512031,1.266832,-1.177385,0.2592228,4.789815,0.2486174,0.005262852,3.93,174
"20210710160300",590.6041,98.99114,290.3137,405.857,14.84815,1114.44,59.37604,10.29949,56.72192,101.448,9.50282,1.267087,-1.178114,0.2358682,4.779108,0.2485289,-0.01014757,4.05,172
"20210710160320",590.4914,98.71167,290.6761,407.1833,14.84008,1114.743,59.31539,10.24434,59.51143,101.4476,9.501007,1.263509,-1.173319,0.2563342,4.780406,0.248275,0.005508423,3.91,169
"20210710160340",591.0289,98.85532,290.9921,407.3618,14.83343,1114.892,59.36673,10.17235,60.36684,101.4476,9.509654,1.265348,-1.169161,0.2595396,4.781044,0.2484899,0.004981041,5.26,174
"20210710160400",590.6729,98.91966,290.1794,406.106,14.8302,1114.697,59.32639,10.21435,57.12005,101.4492,9.503928,1.266172,-1.178552,0.2410399,4.780208,0.2483211,-0.0003976822,3.82,169
"20210710160420",589.9573,98.73119,290.4742,406.642,14.81166,1114.28,59.30457,10.15355,58.1863,101.4522,9.492414,1.263759,-1.173883,0.2505505,4.778423,0.2482298,-0.004055977,3.57,174
"20210710160440",590.0498,98.80626,291.0169,408.4398,14.81589,1113.363,59.24129,10.18359,62.27692,101.4485,9.493902,1.26472,-1.167746,0.2770655,4.77449,0.2479649,0.01407051,3.67,176
"20210710160500",589.8418,98.86404,290.2477,407.0244,14.80521,1115.343,59.33231,10.21016,59.77787,101.4489,9.490556,1.26546,-1.176146,0.2567829,4.782978,0.2483459,0.01185274,4.6,167
"20210710160520",589.5145,98.80617,289.9496,406.5959,14.79956,1112.766,59.21131,10.21523,58.93612,101.4473,9.485288,1.264719,-1.179306,0.2508388,4.771929,0.2478394,0.001633167,4.18,163
"20210710160540",588.8474,98.60506,289.8157,405.556,14.7792,1113.247,59.22987,10.14004,58.7644,101.4482,9.474555,1.262145,-1.179586,0.2369495,4.773992,0.2479171,0.01131177,4.18,166
"20210710160600",588.405,98.37708,289.8056,406.0451,14.75683,1113.033,59.20577,10.07105,58.7759,101.4476,9.467437,1.259227,-1.178275,0.2460659,4.773073,0.2478162,0.003635883,3.77,160
"20210710160620",587.9518,98.22828,290.0864,405.9581,14.72316,1111.365,59.19591,9.998539,57.8473,101.4513,9.460145,1.257322,-1.172808,0.2474877,4.765921,0.2477749,0.01736641,3.51,158
"20210710160640",587.4744,98.02833,290.2419,406.8248,14.69796,1109.646,59.1003,9.93977,60.06211,101.4515,9.452463,1.254763,-1.16936,0.2624741,4.758548,0.2473748,0.01471257,4.3,168
"20210710160700",587.3732,98.1166,290.0532,406.5717,14.67841,1110.305,59.13778,9.953038,59.84256,101.4459,9.450835,1.255892,-1.17034,0.260272,4.761376,0.2475316,0.004441261,3.91,163
"20210710160720",587.6835,98.25423,290.1413,406.8896,14.66249,1111.411,59.13073,10.02229,58.60374,101.4483,9.455828,1.257654,-1.168282,0.2663099,4.766117,0.2475021,0.00600481,4.03,170
"20210710160740",587.406,98.07061,290.5677,406.974,14.64455,1108.571,59.0997,9.994358,58.74037,101.4458,9.451362,1.255304,-1.1621,0.2690192,4.753939,0.2473723,0.0163765,3.02,165
"20210710160800",587.6473,98.17989,290.7198,407.145,14.63668,1107.845,59.07078,10.03245,58.52414,101.4465,9.455245,1.256703,-1.159802,0.2722072,4.750823,0.2472512,0.007972241,3.85,160
"20210710160820",587.9251,98.49365,290.2652,406.6346,14.63527,1108.934,59.06278,10.07844,58.57798,101.4477,9.459715,1.260719,-1.165083,0.264695,4.755497,0.2472177,0.01478624,3.92,154
"20210710160840",587.6605,98.61646,290.5849,406.7636,14.63265,1110.618,59.09184,10.0851,58.93706,101.4504,9.455458,1.262291,-1.161139,0.266834,4.762716,0.2473393,0.01066804,3.09,179
"20210710160900",587.839,98.72662,290.4774,407.2184,14.66309,1106.937,59.07406,10.19384,62.42753,101.4463,9.45833,1.263701,-1.164351,0.2711709,4.74693,0.2472649,0.008908749,3.41,168
"20210710160920",588.2436,99.0113,290.5965,407.7734,14.69595,1105.555,59.04007,10.42704,63.17055,101.4462,9.464841,1.267345,-1.165044,0.2768081,4.741004,0.2471226,0.007320166,4.52,172
"20210710160940",587.4288,99.04274,289.9223,406.3053,14.70522,1106.676,59.0529,10.53108,58.31777,101.4473,9.45173,1.267747,-1.173599,0.2541241,4.745812,0.2471763,0.006611586,4.2,174
"20210710161000",587.1679,98.84551,290.4243,405.806,14.71369,1105.717,59.03021,10.51525,56.60035,101.4456,9.447532,1.265223,-1.16821,0.2459813,4.7417,0.2470814,0.02098632,3.55,170
"20210710161020",587.2799,98.8487,290.0789,406.5486,14.73244,1107.882,58.9811,10.49028,59.26898,101.4465,9.449334,1.265263,-1.173487,0.2555622,4.750985,0.2468758,0.006889343,4.13,170
"20210710161040",586.7095,98.57335,290.1283,405.5118,14.72941,1106.637,58.95239,10.49593,57.18814,101.4519,9.440155,1.261739,-1.17271,0.2403156,4.745646,0.2467556,-0.01251054,4.3,164
"20210710161100",585.8102,98.32184,290.404,406.206,14.72558,1103.233,58.96756,10.35943,57.11717,101.4497,9.425686,1.25852,-1.169211,0.2509957,4.731048,0.2468192,0.007780552,4.04,159
"20210710161120",585.3265,98.20388,290.2172,406.3195,14.72034,1102.614,58.93982,10.34065,58.46836,101.448,9.417904,1.25701,-1.171081,0.2531162,4.728394,0.246703,0.0007770062,3.67,173
"20210710161140",585.1076,98.03472,290.2354,406.0293,14.70764,1103.908,59.04948,10.31583,58.17951,101.4484,9.414382,1.254844,-1.170055,0.2498069,4.73394,0.247162,0.01011491,3.9,176
"20210710161200",584.83,97.93891,290.4118,406.3671,14.70401,1103.747,59.02557,10.24878,59.21405,101.4477,9.409914,1.253618,-1.16774,0.2551462,4.733252,0.2470619,0.01362729,3.49,162
"20210710161220",585.0335,98.0309,290.0189,405.7558,14.69877,1101.919,59.09621,10.3192,59.4775,101.4472,9.41319,1.254796,-1.172044,0.246439,4.725415,0.2473576,0.007035732,4.4,162
"20210710161240",584.612,97.8907,289.9649,405.5468,14.69252,1102.692,59.04126,10.26602,58.17172,101.4524,9.406407,1.253001,-1.172285,0.243818,4.728727,0.2471276,0.01249147,4.17,169
"20210710161300",583.591,97.80986,290.0786,405.4473,14.68063,1100.223,59.03025,10.21752,58.1809,101.4512,9.389978,1.251966,-1.170182,0.2432937,4.718139,0.2470815,0.001617432,4.63,168
"20210710161320",583.45,97.78337,289.757,404.8143,14.66128,1101.125,59.09347,10.16803,58.15156,101.4476,9.38771,1.251627,-1.172744,0.2354008,4.722006,0.2473461,0.001955032,4.82,164
"20210710161340",582.6367,97.51931,289.7852,404.3168,14.62701,1101.309,59.06476,10.06408,57.10509,101.4475,9.374626,1.248247,-1.170223,0.2307347,4.722797,0.247226,0.003683567,4.12,162
"20210710161400",582.1505,97.41327,289.9717,404.4214,14.60665,1100.328,59.06036,9.94548,59.10527,101.449,9.366802,1.24689,-1.166722,0.2339411,4.718588,0.2472076,0.0004208088,4.64,169
"20210710161420",582.4593,97.41726,289.6385,404.8132,14.58689,1099.412,59.04879,9.919407,61.33667,101.4489,9.371771,1.246941,-1.169394,0.2413919,4.714661,0.2471591,0.01485109,3.76,154
"20210710161440",582.1126,97.29851,289.4489,404.2673,14.55927,1099.752,58.92859,9.929734,60.56488,101.4499,9.366193,1.245421,-1.169871,0.2354648,4.71612,0.246656,0.001546383,3.41,158
"20210710161500",581.6551,97.32894,289.8603,404.2892,14.5369,1097.602,58.9196,9.922714,59.82984,101.4529,9.35883,1.24581,-1.163586,0.2375977,4.706899,0.2466184,0.0036304,4.02,168
"20210710161520",581.7642,97.42995,289.6017,405.0173,14.52339,1098.159,58.86637,9.883236,61.57951,101.4469,9.360586,1.247104,-1.16578,0.2495636,4.709287,0.2463956,-0.008315325,4.33,164
"20210710161540",581.5795,97.36488,289.3379,404.0109,14.49779,1098.078,58.96181,9.933846,60.28034,101.447,9.357614,1.246271,-1.167263,0.2365926,4.708943,0.2467951,-0.01375198,4.51,153
"20210710161600",581.0367,97.18532,289.442,403.8231,14.46413,1097.677,58.80575,9.828014,59.70542,101.4481,9.34888,1.243972,-1.163887,0.2365031,4.70722,0.2461419,0.0002059936,4.69,160
"20210710161620",580.8908,97.244,289.4954,404.4904,14.44498,1097.807,58.81359,9.777573,61.83884,101.448,9.346533,1.244723,-1.162036,0.2480152,4.707777,0.2461746,0.007675171,4.31,158
"20210710161640",580.9922,97.33379,289.9307,404.8503,14.43086,1095.497,58.74207,9.751484,61.57512,101.4488,9.348164,1.245873,-1.155997,0.254528,4.697874,0.2458753,0.006835222,2.46,184
"20210710161700",581.3447,97.61895,289.9193,405.1213,14.43691,1095.596,58.84908,9.809066,61.37843,101.453,9.353837,1.249523,-1.156517,0.2580907,4.698298,0.2463232,0.01661992,4.88,165
"20210710161720",580.9922,97.68703,288.8661,404.0211,14.42925,1094.824,58.71942,9.925338,57.52732,101.4518,9.348166,1.250394,-1.168467,0.2422699,4.694985,0.2457805,-0.001477718,4.4,155
"20210710161740",580.4219,97.21736,289.0521,403.7626,14.39942,1094.903,58.73078,9.899033,56.19118,101.4479,9.33899,1.244382,-1.164369,0.2408131,4.695327,0.245828,0.01193571,3.69,146
"20210710161800",580.0152,97.04838,289.3518,404.031,14.38127,1093.621,58.7389,9.813973,57.45154,101.4502,9.332444,1.242219,-1.159676,0.2462833,4.689827,0.245862,0.01149774,3.93,159
"20210710161820",579.9654,97.08841,289.7371,404.773,14.37583,1092.568,58.72039,9.798962,59.10454,101.4497,9.331643,1.242732,-1.154777,0.2578093,4.685312,0.2457846,0.00854683,3.85,156
"20210710161840",579.9156,97.19528,289.062,403.728,14.35225,1093.012,58.71157,9.792934,59.42981,101.4482,9.330842,1.2441,-1.161248,0.2440974,4.687217,0.2457476,-0.006678581,4.93,164
"20210710161900",579.557,97.12478,289.4395,404.5664,14.34479,1092.037,58.6977,9.767365,61.43405,101.4526,9.325072,1.243197,-1.156317,0.2572223,4.683036,0.2456896,0.01588631,3.1,158
"20210710161920",579.9928,97.40223,289.5956,405.4527,14.3591,1092.628,58.70262,9.880936,63.50282,101.4534,9.332084,1.246749,-1.155384,0.2693104,4.685571,0.2457102,0.01205921,3.53,166
"20210710161940",580.1741,97.65366,288.7378,404.523,14.35829,1092.57,58.64217,9.969288,59.37873,101.4483,9.335002,1.249967,-1.165464,0.2554842,4.685323,0.2454572,0.007384538,4.25,154
"20210710162000",579.3192,97.43338,288.662,403.4706,14.33814,1090.807,58.69446,9.940399,57.96028,101.4485,9.321245,1.247147,-1.165075,0.2413869,4.67776,0.245676,-0.0005626678,4.26,162
"20210710162020",578.7538,97.0845,289.1195,404.0642,14.32423,1090.081,58.6345,9.839989,60.13851,101.448,9.312148,1.242682,-1.158786,0.2513743,4.674646,0.245425,0.008266926,3.12,153
"20210710162040",579.0661,97.15442,289.1942,405.2834,14.32261,1090.374,58.6376,9.866482,63.06886,101.4496,9.317174,1.243577,-1.157802,0.2697199,4.675903,0.245438,0.0009605884,4.39,166
"20210710162100",579.0794,97.09495,289.1408,404.9453,14.30991,1089.127,58.62851,9.943657,61.78405,101.448,9.317386,1.242815,-1.157624,0.2656899,4.670556,0.2454,-0.006693125,3.46,154
"20210710162120",578.8623,97.01685,289.171,405.067,14.30225,1090.068,58.58221,9.999558,60.58133,101.4492,9.313894,1.241816,-1.15678,0.2681253,4.67459,0.2452062,-0.0009670258,3.73,153
"20210710162140",578.5096,97.07807,289.0094,404.9286,14.30024,1088.448,58.54707,9.968029,61.50294,101.4462,9.308221,1.242599,-1.15856,0.2662201,4.667643,0.2450591,0.0002667904,3.73,167
"20210710162200",578.3837,97.03217,289.529,404.9178,14.29359,1085.699,58.4951,9.96933,60.30384,101.4445,9.306194,1.242012,-1.152001,0.2665939,4.655854,0.2448416,0.0002577305,3.1,162
"20210710162220",578.3917,97.2427,289.119,404.1852,14.29096,1088.054,58.51048,9.925713,60.2431,101.4439,9.306323,1.244707,-1.156676,0.2558588,4.665954,0.2449059,0.0005555153,3.88,141
"20210710162240",577.7153,97.16889,289.1094,403.9943,14.27988,1086.741,58.44011,9.884293,61.04611,101.4442,9.29544,1.243762,-1.156085,0.2538993,4.660322,0.2446114,0.003892422,4.86,163
"20210710162300",577.1967,96.8955,289.111,404.1041,14.27645,1087.325,58.47123,9.820797,61.08056,101.4423,9.287096,1.240262,-1.155849,0.2558146,4.66283,0.2447417,0.005344152,3.94,140
"20210710162320",577.1581,96.97135,289.0118,403.4053,14.26032,1085.106,58.45442,9.851448,58.75178,101.4474,9.286474,1.241233,-1.155993,0.2466733,4.653311,0.2446713,0.01327801,3.52,149
"20210710162340",576.7015,97.00993,289.2419,404.3682,14.25629,1084.724,58.39817,9.796326,60.31421,101.4477,9.279128,1.241727,-1.15302,0.2613826,4.651672,0.2444358,0.004493713,3.97,155
"20210710162400",576.7185,97.21634,289.693,404.5096,14.25347,1083.815,58.41876,9.794067,60.62268,101.4452,9.279401,1.244369,-1.147513,0.2637218,4.647776,0.244522,0.001455307,2.97,143
"20210710162420",576.8192,97.69364,289.985,405.7111,14.26556,1088.093,58.38399,9.823574,62.49218,101.4455,9.281021,1.250479,-1.144834,0.2806993,4.666121,0.2443765,0.00430727,4.01,169
"20210710162440",577.3201,98.03024,289.7594,405.331,14.28834,1083.644,58.39585,9.945656,62.84289,101.4455,9.289081,1.254787,-1.148946,0.2731884,4.647041,0.2444261,0.002455711,4.22,155
"20210710162500",576.9793,98.01299,290.1951,405.5477,14.3083,1083.477,58.33699,10.02651,62.4565,101.4416,9.283598,1.254566,-1.145069,0.2748206,4.646326,0.2441798,0.003939629,2.7,164
"20210710162520",577.384,98.31459,289.7596,405.7345,14.34338,1082.496,58.314,10.1205,62.7112,101.4466,9.290109,1.258427,-1.152447,0.2747854,4.642118,0.2440836,0.001261473,4.31,159
"20210710162540",576.8876,98.05292,289.5347,405.3169,14.3595,1080.126,58.43416,10.23711,61.01964,101.448,9.282121,1.255077,-1.156129,0.2672489,4.631956,0.2445865,0.006576776,4.06,153
"20210710162600",576.2153,97.80388,289.6583,404.8112,14.36555,1078.628,58.481,10.18891,59.49916,101.4429,9.271304,1.25189,-1.155054,0.2592087,4.625533,0.2447826,0.003849506,3.72,155
"20210710162620",575.8342,97.5798,289.3509,404.1507,14.372,1080.328,58.79871,10.18116,57.61723,101.443,9.265173,1.249022,-1.159095,0.2488191,4.632824,0.2461124,0.001865387,5.22,146
"20210710162640",574.7825,97.14215,289.0604,403.6896,14.35729,1078.344,58.70706,10.09317,57.16485,101.4432,9.24825,1.24342,-1.161591,0.2431136,4.624316,0.2457288,0.001448154,4.49,152
"20210710162700",574.2445,96.88506,289.2632,403.6914,14.34741,1078.605,58.68322,10.02974,56.12363,101.4443,9.239594,1.240129,-1.158565,0.2439379,4.625434,0.245629,0.00289917,3.61,155
"20210710162720",574.2398,96.8821,289.3189,404.4286,14.34297,1078.987,58.68415,9.970986,58.80504,101.4434,9.239518,1.240091,-1.157626,0.255308,4.627074,0.2456329,0.01246357,4.51,149
"20210710162740",573.7412,96.69439,289.1098,403.5582,14.32665,1078.096,58.7014,9.966881,58.16363,101.448,9.231495,1.237688,-1.159055,0.2436218,4.623249,0.2457051,-0.01194239,4.64,148
"20210710162800",573.6532,96.5804,289.0556,403.4416,14.32241,1078.273,58.52219,9.966141,55.79956,101.4458,9.230081,1.236229,-1.159427,0.2422181,4.624012,0.244955,-0.004811287,3.69,149
"20210710162820",573.5457,96.71687,289.4327,403.6632,14.31314,1078.436,58.53841,9.9305,55.8912,101.4446,9.22835,1.237976,-1.154383,0.2462759,4.624708,0.2450228,0.003576994,3.64,144
"20210710162840",573.4108,96.70143,289.4768,404.0822,14.30931,1078.139,58.48366,9.849705,59.61218,101.4419,9.226181,1.237778,-1.153617,0.2528447,4.623436,0.2447937,0.003111124,3.02,135
"20210710162900",573.3426,96.57411,290.4353,404.6124,14.30911,1076.661,58.48013,9.922039,60.29608,101.4407,9.225083,1.236149,-1.142286,0.2607813,4.617098,0.2447789,-0.006545067,3.6,156
"20210710162920",573.2892,97.09698,289.3276,403.8439,14.33108,1075.606,58.45361,9.958755,59.37912,101.4441,9.224222,1.242842,-1.156766,0.2475314,4.612575,0.2446679,0.01254678,3.56,148
"20210710162940",572.6323,97.10832,289.5658,404.0954,14.32785,1074.244,58.50553,10.00552,58.38871,101.4461,9.213654,1.242987,-1.153747,0.251549,4.606731,0.2448852,1.0252e-05,3.2,167
"20210710163000",572.9972,97.1883,289.0341,403.8021,14.33612,1075.268,58.60764,10.03065,58.80447,101.4473,9.219526,1.24401,-1.160553,0.2465007,4.611123,0.2453126,-0.005252123,4.69,156
"20210710163020",572.292,96.94741,289.3669,403.7338,14.33713,1073.527,58.5614,9.968945,58.92156,101.4473,9.208178,1.240927,-1.156686,0.2454004,4.60366,0.2451191,-0.004829884,2.75,145
"20210710163040",572.3493,96.82268,289.4022,404.272,14.34156,1072.253,58.47157,9.990787,58.56912,101.4438,9.209101,1.23933,-1.156551,0.2530836,4.598193,0.2447431,0.006219626,3.44,141
"20210710163100",572.6114,97.10706,289.4965,404.8696,14.36333,1072.516,58.37055,10.06245,60.35235,101.4416,9.213317,1.24297,-1.156825,0.260257,4.599324,0.2443202,0.008785486,3.32,154
"20210710163120",572.5246,97.26494,289.5215,404.946,14.38188,1072.459,58.33194,10.1379,58.91816,101.4427,9.211922,1.244991,-1.157708,0.2599057,4.599079,0.2441587,-0.001912832,2.85,149
"20210710163140",572.6536,97.3387,289.2334,404.2155,14.39256,1071.376,58.14477,10.15204,57.86166,101.4409,9.213996,1.245935,-1.16179,0.2481333,4.594433,0.2433752,0.007156849,4.91,146
"20210710163200",572.022,96.93421,289.0072,403.5807,14.37886,1072.208,58.07552,10.11103,56.39449,101.4433,9.203834,1.240758,-1.16359,0.2397524,4.598,0.2430854,-0.004783869,4.41,135
"20210710163220",571.1369,96.70758,288.9777,403.3133,14.37664,1071.102,58.02504,10.05514,58.18384,101.4444,9.189592,1.237857,-1.163799,0.2359344,4.593257,0.242874,0.003744125,4.31,151
"20210710163240",570.3312,96.56546,289.4591,403.3356,14.36656,1070.315,57.99034,9.978126,57.68235,101.4408,9.17663,1.236038,-1.157469,0.2370805,4.589882,0.2427288,0.008342505,3.31,155
"20210710163300",569.933,96.53309,289.4932,403.0476,14.35789,1070.174,57.96357,9.92891,56.78228,101.4394,9.170222,1.235624,-1.156515,0.2334762,4.58928,0.2426168,0.001551867,4.31,148
"20210710163320",569.5136,96.47916,289.376,403.4652,14.35547,1069.15,57.88555,9.869564,56.80158,101.4383,9.163474,1.234933,-1.157746,0.2399103,4.584888,0.2422902,0.002975225,4.3,148
"20210710163340",569.4144,96.53764,289.2826,403.2817,14.35063,1067.936,57.91411,9.962871,57.97976,101.4405,9.161877,1.235682,-1.158543,0.2375564,4.579683,0.2424097,-0.0007162094,3.3,152
"20210710163400",569.5644,96.58574,289.8452,404.0012,14.3591,1066.668,57.86252,10.03347,59.19143,101.4401,9.164292,1.236298,-1.152437,0.247625,4.574244,0.2421938,0.004910231,2.43,152
"20210710163420",569.5881,96.81137,289.9247,404.3767,14.37422,1067.376,57.78527,10.18582,59.87309,101.4441,9.164672,1.239186,-1.152459,0.2520192,4.577278,0.2418704,0.006926298,3.7,153
"20210710163440",569.1438,96.86363,289.4546,404.0897,14.38853,1065.241,57.7369,10.26863,60.35823,101.4426,9.157524,1.239855,-1.158922,0.2465784,4.568124,0.241668,-0.004843235,4.81,158
"20210710163500",568.7335,96.71712,289.532,404.3052,14.39841,1066.381,57.70356,10.30444,57.87004,101.4405,9.150922,1.237979,-1.158638,0.2490013,4.573013,0.2415284,0.004080296,4.26,146
"20210710163520",568.708,96.72699,289.7355,404.6659,14.41474,1065.896,57.75631,10.24858,58.23067,101.4416,9.150512,1.238105,-1.157274,0.2530745,4.570935,0.2417492,0.004461288,3.48,161
"20210710163540",568.704,96.98199,289.9297,405.6655,14.44135,1064.55,57.76604,10.24193,60.783,101.4411,9.150448,1.24137,-1.156676,0.2658637,4.565162,0.24179,0.008580923,3.31,160
"20210710163600",568.9651,97.10998,289.3196,404.6934,14.4603,1064.494,57.68964,10.30715,58.72461,101.4409,9.154649,1.243008,-1.165089,0.2498124,4.564922,0.2414702,-1.28746e-05,4.36,153
"20210710163620",567.9778,96.72364,289.7737,404.2192,14.45989,1062.275,57.68802,10.29831,56.96978,101.4412,9.138763,1.238063,-1.1597,0.2427602,4.555406,0.2414634,0.002084732,4.04,142
"20210710163640",567.4313,96.66478,290.1038,405.6152,14.4863,1063.519,57.64228,10.25854,59.35617,101.4442,9.12997,1.237309,-1.157484,0.261489,4.56074,0.2412719,0.02170968,2.52,165
"20210710163700",567.7686,96.87336,290.3511,406.279,14.51916,1064.164,57.6791,10.36082,60.51599,101.4414,9.135398,1.239979,-1.156659,0.2687551,4.563506,0.2414261,0.01694012,3.06,146
"20210710163720",567.8287,96.9487,289.407,404.8171,14.53125,1062.838,57.6528,10.41626,55.6688,101.4384,9.136363,1.240943,-1.16858,0.2459386,4.557821,0.241316,0.005355358,4.01,143
"20210710163740",566.6328,96.64334,289.8202,404.281,14.53266,1060.346,57.6433,10.3867,53.50256,101.4399,9.117121,1.237035,-1.16379,0.2378172,4.547132,0.2412762,-0.003612518,2.68,144
"20210710163800",566.4235,96.68074,289.9656,405.4762,14.55282,1060.538,57.55693,10.30826,58.01561,101.4398,9.113754,1.237513,-1.163358,0.2540447,4.547955,0.2409147,0.003035545,3.89,152
"20210710163820",565.917,96.54895,289.5732,404.7996,14.55302,1060.327,57.56765,10.37122,58.77856,101.4392,9.105605,1.235827,-1.168004,0.2439226,4.547053,0.2409596,0.007700205,4.15,145
"20210710163840",565.373,96.37554,289.954,404.7201,14.54758,1060.719,57.47116,10.31041,57.56537,101.4425,9.096852,1.233607,-1.163161,0.2431727,4.548733,0.2405557,0.01626372,3.8,162
"20210710163900",565.5014,96.4039,290.03,405.3076,14.56593,1058.693,57.52018,10.31121,58.90693,101.4378,9.098918,1.23397,-1.163433,0.2504709,4.540042,0.2407609,-0.001059055,3.53,158
"20210710163920",565.0772,96.48862,290.0874,405.0483,14.56633,1057.665,57.45692,10.34185,57.77559,101.4369,9.092093,1.235055,-1.16278,0.2465646,4.535635,0.2404961,0.006881475,3.37,157
"20210710163940",565.1232,96.65082,290.6843,406.0588,14.58669,1056.688,57.35617,10.37421,59.44038,101.4364,9.092832,1.237131,-1.157032,0.2600159,4.531445,0.2400744,0.004623413,4.11,146
"20210710164000",564.949,96.87,290.3448,406.1965,14.61673,1056.751,57.3748,10.40543,59.73149,101.4356,9.09003,1.239936,-1.162957,0.2596483,4.531717,0.2401523,0.0115428,2.92,136
"20210710164020",565.129,96.85287,290.2014,405.8797,14.63487,1055.357,57.41276,10.48388,57.43608,101.4357,9.092926,1.239717,-1.165809,0.2534512,4.52574,0.2403113,0.008970738,3.59,128
"20210710164040",565.0442,96.88584,290.4326,406.0807,14.6774,1055.753,57.34069,10.56499,59.28495,101.439,9.091562,1.240139,-1.165794,0.2530184,4.527436,0.2400096,-0.00788784,4.55,136
"20210710164100",564.7523,96.79613,290.7116,406.5226,14.70744,1055.826,57.37295,10.6643,57.41589,101.4391,9.086866,1.23899,-1.164417,0.2571939,4.527748,0.2401446,-0.002450228,3.73,142
"20210710164120",563.8728,96.51752,289.916,405.1464,14.72155,1054.664,57.29662,10.67587,53.42178,101.4378,9.072714,1.235424,-1.174717,0.2354906,4.522768,0.2398251,0.005625963,3.79,142
"20210710164140",563.2047,96.16254,289.6859,404.7754,14.72498,1051.531,57.3021,10.6344,56.49427,101.4376,9.061964,1.230881,-1.177652,0.2296723,4.509333,0.2398481,-0.002246141,4.46,154
"20210710164200",562.1784,95.87898,290.1145,404.2381,14.71953,1053.225,57.20097,10.48433,56.52607,101.4386,9.04545,1.227251,-1.172244,0.2220834,4.516595,0.2394248,0.003872633,3.79,143
"20210710164220",562.17,95.95262,289.9607,405.0678,14.73143,1053.366,57.21027,10.45664,59.99844,101.4365,9.045316,1.228194,-1.174819,0.2335202,4.517199,0.2394637,0.016289,4.1,158
"20210710164240",561.8696,95.85155,289.644,404.2483,14.71994,1051.389,57.18582,10.42296,57.22641,101.4366,9.040482,1.2269,-1.177825,0.2222043,4.508722,0.2393613,-0.008954286,4.01,146
"20210710164300",561.0206,95.45094,289.9075,404.0745,14.70825,1050.366,57.14158,10.40343,55.70792,101.4373,9.026821,1.221772,-1.173967,0.2205525,4.504334,0.2391762,0.00238657,4.24,159
"20210710164320",560.493,95.27558,290.1815,404.2609,14.6895,1049.457,57.14568,10.30439,56.61312,101.4328,9.018333,1.219528,-1.169532,0.2248532,4.500437,0.2391933,-0.008143186,3.13,147
"20210710164340",560.5188,95.34498,289.9675,404.9852,14.68063,1050.073,57.02639,10.24694,58.3908,101.4317,9.018747,1.220416,-1.171494,0.2363901,4.503079,0.238694,0.01058412,4.02,157
"20210710164400",560.4769,95.35774,290.0753,404.792,14.66329,1049.174,57.11236,10.23612,58.05202,101.4307,9.018073,1.220579,-1.169114,0.2349032,4.499223,0.2390539,0.001490593,3.98,157
"20210710164420",560.0106,95.56182,290.8887,405.1568,14.66269,1049.993,57.0628,10.23652,58.08,101.4288,9.010571,1.223191,-1.159468,0.2404043,4.502735,0.2388464,0.005562306,3.63,144
"20210710164440",560.2426,95.75546,289.79,404.1162,14.6516,1049.646,57.0519,10.19936,56.27027,101.4297,9.014304,1.22567,-1.171737,0.225752,4.501246,0.2388008,-0.004369259,4.81,151
"20210710164500",559.1796,95.34762,289.7543,403.8267,14.63386,1047.304,57.01667,10.16145,54.81213,101.4348,8.997199,1.22045,-1.171025,0.2228609,4.491206,0.2386533,0.005055189,3.93,151
"20210710164520",558.6606,95.33822,290.032,403.9982,14.61693,1045.854,56.98566,10.08983,53.84877,101.4324,8.98885,1.220329,-1.166664,0.2267907,4.484984,0.2385236,-0.003620624,3.75,147
"20210710164540",558.9368,95.45003,290.0746,404.5411,14.61874,1047.555,56.94732,10.13862,55.71513,101.4294,8.993294,1.221761,-1.166277,0.2347535,4.492281,0.238363,-0.003953934,4.99,156
"20210710164600",558.5834,95.39182,289.8648,403.6372,14.60362,1047.431,56.93712,10.13688,53.94206,101.4309,8.987607,1.221015,-1.167789,0.2224717,4.491748,0.2383204,0.01235175,3.76,136
"20210710164620",558.3367,95.40208,290.0677,404.7577,14.60423,1044.91,56.89171,10.18058,55.16518,101.4303,8.983637,1.221147,-1.165432,0.2391627,4.480938,0.2381303,0.006962061,3.89,154
"20210710164640",558.2414,95.51755,289.8608,404.3458,14.59878,1045.419,56.98092,10.20348,54.38937,101.4314,8.982104,1.222625,-1.167529,0.2334478,4.48312,0.2385037,-0.003379583,3.59,151
"20210710164700",558.283,95.64315,290.1732,404.6238,14.60644,1044.656,56.84793,10.29949,56.38488,101.4347,8.982773,1.224232,-1.164329,0.2369828,4.479848,0.237947,0.01124454,2.46,143
"20210710164720",558.1614,95.96318,290.7564,405.6496,14.61834,1044.236,56.80409,10.34317,56.97384,101.4345,8.980817,1.228329,-1.1582,0.2513474,4.478047,0.2377636,0.003816128,3.02,159
"20210710164740",558.1937,96.17741,290.8491,406.3187,14.63749,1042.753,56.78107,10.41473,57.03062,101.4308,8.981336,1.231071,-1.158327,0.2597977,4.471688,0.2376672,0.00740385,3.44,147
"20210710164800",558.1168,96.16986,290.2535,405.6296,14.651,1041.408,56.73434,10.48673,55.18989,101.4305,8.980098,1.230974,-1.166224,0.2484111,4.465922,0.2374716,0.0007996559,4.32,144
"20210710164820",557.566,95.94428,290.3361,405.3427,14.65785,1043.017,56.80826,10.50599,55.25322,101.4301,8.971237,1.228087,-1.165685,0.2435729,4.472821,0.237781,-0.003407955,4.04,142
"20210710164840",557.5606,95.97585,290.4114,406.1642,14.68264,1041.561,56.7341,10.50478,56.47593,101.4315,8.97115,1.228491,-1.16638,0.253841,4.466577,0.2374706,0.007809401,3.21,158
"20210710164900",557.0894,96.0519,290.5633,406.2229,14.70946,1040.832,56.67014,10.58414,55.91039,101.4315,8.963568,1.229464,-1.166299,0.2525535,4.46345,0.2372029,-0.005980015,3.25,149
"20210710164920",557.1448,96.10935,290.5161,406.3025,14.73889,1039.579,56.65636,10.60317,57.12504,101.4353,8.964462,1.2302,-1.168738,0.2513622,4.458076,0.2371452,0.005101442,2.84,146
"20210710164940",556.9494,96.1697,290.5755,407.2522,14.77175,1038.916,56.59886,10.74742,59.41806,101.4299,8.961316,1.230972,-1.170137,0.2628936,4.455232,0.2369045,-0.0009782314,3.19,143
"20210710165000",556.5764,96.01386,290.1187,405.8386,14.78182,1039.164,56.61365,10.78703,54.32654,101.4299,8.955314,1.228977,-1.176176,0.2409587,4.456298,0.2369664,0.01098657,4.33,137
"20210710165020",555.7019,95.53971,290.6656,405.9254,14.78626,1036.145,56.56548,10.72938,56.84044,101.4302,8.941244,1.222908,-1.169999,0.2418987,4.443349,0.2367648,0.001183748,2.57,131
"20210710165040",555.6038,95.69608,290.3738,406.8776,14.8171,1036.616,56.56461,10.68148,58.77434,101.4279,8.939666,1.22491,-1.175419,0.2536272,4.445369,0.2367612,-0.0005288124,5.05,138
"20210710165100",554.7258,95.22933,289.8125,404.8613,14.80299,1036.853,56.54528,10.69478,53.81039,101.4293,8.925539,1.218935,-1.181144,0.2246468,4.446385,0.2366803,-0.002658129,4.51,141
"20210710165120",553.7138,94.62386,290.3114,404.8396,14.7913,1036.518,56.47107,10.55917,54.56947,101.4335,8.909255,1.211186,-1.174504,0.2252688,4.444949,0.2363697,0.0125351,3.51,154
"20210710165140",553.477,95.23877,290.6535,405.582,14.79614,1036.714,56.22985,10.53477,57.26882,101.432,8.905445,1.219056,-1.170775,0.2359678,4.44579,0.23536,-0.0005471706,2.72,148
"20210710165200",553.821,95.57525,290.7321,406.4748,14.80601,1035.318,56.21211,10.55148,58.76285,101.4283,8.91098,1.223363,-1.170477,0.2485088,4.439803,0.2352857,0.02175951,4.27,122
"20210710165220",553.46,95.60558,290.9655,406.854,14.8292,1033.71,56.16801,10.67887,58.57748,101.429,8.90517,1.223751,-1.169203,0.2522974,4.43291,0.2351011,0.002547503,4.4,130
"20210710165240",553.5812,95.46333,290.3902,405.7871,14.84452,1034.403,55.93009,10.72901,56.50847,101.4253,8.907121,1.221931,-1.176978,0.2351176,4.435878,0.2341053,-0.001872063,3.66,138
"20210710165300",553.2386,95.47919,290.2451,405.2503,14.84895,1034.29,55.99528,10.69947,55.67496,101.4264,8.90161,1.222134,-1.178975,0.2267396,4.435396,0.2343781,0.003426552,4.15,146
"20210710165320",552.2456,95.18784,290.0717,404.499,14.84028,1031.596,55.99397,10.6223,53.98244,101.4302,8.885631,1.218404,-1.180468,0.2162175,4.423843,0.2343727,-0.006240606,4.04,135
"20210710165340",551.4216,94.78657,290.0445,404.3115,14.81569,1030.082,56.10628,10.51723,53.47759,101.4301,8.872373,1.213268,-1.179217,0.2154046,4.41735,0.2348427,-0.007561207,3.39,129
"20210710165400",551.0595,94.70297,290.35,404.8721,14.80662,1032.475,55.77089,10.41676,54.42716,101.4265,8.866547,1.212198,-1.175029,0.2245154,4.427612,0.2334389,0.004333496,2.99,133
"20210710165420",551.1143,95.00813,290.5977,405.8262,14.81448,1032.845,56.18003,10.41001,58.40962,101.4262,8.86743,1.216104,-1.172606,0.2381323,4.429198,0.2351514,0.002341747,3.78,137
"20210710165440",550.8985,95.11176,290.4409,404.3704,14.79714,1030.655,56.08384,10.41702,54.98865,101.4247,8.863958,1.217431,-1.173349,0.217786,4.419806,0.2347488,-0.01502729,4.01,150
"20210710165500",550.3637,95.10198,290.5078,404.5196,14.7917,1029.588,55.9761,10.35344,55.31776,101.4271,8.855353,1.217305,-1.172211,0.2204556,4.415233,0.2342979,0.01597142,3.6,129
"20210710165520",549.7806,94.84506,289.955,404.2778,14.77054,1029.652,55.99864,10.3145,55.28671,101.4251,8.845971,1.214017,-1.177387,0.2185536,4.415506,0.2343922,0.0233674,3.83,145
"20210710165540",549.7389,94.77718,289.9076,404.5714,14.76247,1028.758,56.26019,10.35519,55.34847,101.429,8.845298,1.213148,-1.177431,0.2235911,4.411674,0.235487,0.00373435,3.64,140
"20210710165600",549.329,94.66702,290.2409,404.6111,14.7405,1027.056,55.92558,10.3066,53.69988,101.4254,8.838703,1.211738,-1.172091,0.225961,4.404374,0.2340864,0.005084276,2.45,130
"20210710165620",549.1563,94.7257,290.317,404.7806,14.7282,1027.535,55.9287,10.27854,55.54384,101.4236,8.835925,1.212489,-1.170406,0.2294891,4.40643,0.2340994,-0.002873659,3.83,142
"20210710165640",548.9772,94.99269,290.0321,404.0128,14.72276,1027.392,55.88736,10.28677,55.86552,101.4238,8.833043,1.215907,-1.173421,0.2184594,4.405814,0.2339264,-0.01209784,3.85,138
"20210710165700",548.4562,94.86806,290.5516,405.0724,14.70946,1025.17,55.82294,10.27201,58.75164,101.4236,8.82466,1.214311,-1.166436,0.2353636,4.396284,0.2336568,0.007357359,2.89,147
"20210710165720",548.8706,95.0947,290.8795,406.624,14.72377,1024.836,55.88199,10.3205,59.33392,101.423,8.831328,1.217212,-1.163479,0.2573887,4.394853,0.2339039,0.01415801,3.25,143
"20210710165740",548.5524,95.2433,290.6483,406.8531,14.75058,1023.872,55.75932,10.43998,60.28457,101.4267,8.826208,1.219114,-1.167922,0.2586426,4.390718,0.2333905,0.003156185,3.03,154
"20210710165800",548.5017,95.5011,290.4459,405.2412,14.75824,1022.892,55.95372,10.53939,55.79382,101.4279,8.825393,1.222414,-1.170803,0.2339419,4.386515,0.2342042,0.0136888,3.41,158
"20210710165820",548.0924,95.31242,290.0702,404.8944,14.76489,1022.627,55.51006,10.62436,55.48765,101.4231,8.818806,1.219999,-1.175665,0.2282231,4.385382,0.2323472,0.00393796,3.73,143
"20210710165840",547.4231,95.12543,290.2123,405.2118,14.76086,1022.747,55.82286,10.56504,56.14818,101.4227,8.808038,1.217606,-1.173729,0.233291,4.385896,0.2336564,0.01147628,3.28,138
"20210710165900",546.8339,95.34794,290.2919,405.4873,14.75461,1022.843,55.94918,10.474,53.76097,101.4215,8.798558,1.220454,-1.172389,0.2379124,4.386309,0.2341852,0.004962206,3.77,148
"20210710165920",546.245,95.23608,290.2394,404.7287,14.73889,1022.118,56.05363,10.39204,51.33958,101.4218,8.789082,1.219022,-1.172005,0.2278498,4.383197,0.2346223,0.003482819,3.24,144
"20210710165940",545.867,95.21155,290.6643,405.2035,14.73546,1020.873,56.01136,10.36057,54.31833,101.4228,8.782999,1.218708,-1.166769,0.2352196,4.377857,0.2344455,0.007772922,4.42,129
"20210710170000",545.9229,95.40718,290.2366,404.377,14.74191,1020.449,56.02542,10.3722,53.59063,101.4253,8.783899,1.221212,-1.172231,0.2223499,4.376042,0.2345043,-0.0004572868,3.9,134
"20210710170020",545.6138,95.24869,290.2896,404.837,14.74292,1019.311,55.97719,10.4006,54.37665,101.4224,8.778926,1.219183,-1.171669,0.2291416,4.371158,0.2343024,0.01157546,2.93,141
"20210710170040",545.5218,95.18286,290.3282,405.0812,14.73445,1018.992,55.7235,10.38957,53.61596,101.4212,8.777446,1.218341,-1.170673,0.2334725,4.36979,0.2332405,-0.001594067,3.15,135
"20210710170100",544.967,95.29073,290.8497,406.6633,14.75038,1017.514,55.71917,10.41118,57.26525,101.4231,8.768518,1.219721,-1.165531,0.2558248,4.363455,0.2332224,0.003352404,3.31,160
"20210710170120",545.1662,95.55342,290.6404,406.0684,14.75703,1016.573,55.75696,10.42619,57.73631,101.4216,8.771725,1.223084,-1.168429,0.2463993,4.359418,0.2333806,-0.00388217,4.03,151
"20210710170140",544.6561,95.47698,290.1677,405.8918,14.76429,1015.613,55.78736,10.45867,57.46543,101.4221,8.763517,1.222105,-1.174475,0.2431733,4.355303,0.2335078,0.01016116,3.11,136
"20210710170200",544.3962,95.35004,290.5385,406.1885,14.76892,1015.567,55.79706,10.48767,55.91494,101.4262,8.759334,1.22048,-1.170392,0.2472305,4.355105,0.2335485,0.002830744,2.5,148
"20210710170220",544.2273,95.34458,290.2198,405.6745,14.7784,1015.136,55.83419,10.55924,55.67594,101.4249,8.756618,1.220411,-1.174762,0.2387844,4.353258,0.2337039,0.01151562,3.69,142
"20210710170240",543.5298,95.03091,290.7672,405.6703,14.77517,1013.524,55.30886,10.5255,55.6757,101.4212,8.745394,1.216396,-1.168091,0.2389824,4.346344,0.231505,0.01378298,3.73,130
"20210710170300",543.5236,95.11077,290.2408,405.2055,14.79896,1014.052,55.55749,10.5726,56.0815,101.4215,8.745294,1.217418,-1.175829,0.230116,4.348608,0.2325457,0.004290581,4.22,151
"20210710170320",542.167,94.60716,289.9972,403.5521,14.78666,1012.727,55.60473,10.46877,52.50611,101.4236,8.723467,1.210972,-1.177918,0.2064089,4.342926,0.2327434,0.001940727,4.38,151
"20210710170340",541.8104,94.12262,290.3172,404.0882,14.76973,1013.293,55.57748,10.30473,53.62484,101.4236,8.717729,1.20477,-1.173056,0.2157887,4.345354,0.2326293,3.814697e-06,2.66,148
"20210710170400",541.6168,94.13707,290.389,404.7743,14.7655,1011.976,55.49825,10.29739,56.49713,101.4275,8.714614,1.204955,-1.171939,0.2263789,4.339704,0.2322977,0.01329637,3.44,149
"20210710170420",541.2178,94.56802,290.1603,404.4589,14.76671,1011.772,55.6518,10.35477,55.35071,101.427,8.708196,1.210471,-1.174716,0.2215702,4.338832,0.2329404,0.000680685,3.49,152
"20210710170440",540.7213,94.57273,290.3087,404.491,14.74957,1010.533,55.48223,10.303,55.50411,101.4238,8.700206,1.210531,-1.171869,0.2234356,4.33352,0.2322307,-0.003041029,2.63,151
"20210710170500",540.7313,94.75639,290.5511,405.284,14.75118,1010.036,55.27142,10.31837,58.31617,101.4235,8.700366,1.212882,-1.16911,0.2351509,4.331386,0.2313483,0.002966642,3.64,148
"20210710170520",540.4928,94.66434,290.1564,404.4763,14.73647,1009.425,55.2174,10.31693,56.92472,101.4224,8.69653,1.211704,-1.172831,0.2242732,4.328765,0.2311222,-0.01332283,4.29,148
"20210710170540",539.9447,94.55728,290.2855,404.9873,14.73364,1007.97,55.13834,10.353,57.53504,101.4237,8.68771,1.210333,-1.171125,0.2321366,4.322528,0.2307913,0.00273037,3.26,148
"20210710170600",540.0856,94.68223,290.626,405.1487,14.73788,1008.591,55.08755,10.37108,56.89209,101.4238,8.689978,1.211933,-1.167375,0.2342049,4.325192,0.2305787,0.009738684,3.53,157
"20210710170620",539.7407,94.77942,290.304,404.8063,14.74675,1006.828,55.16136,10.44176,56.22265,101.4284,8.684428,1.213177,-1.171744,0.2283746,4.317629,0.2308876,0.006201267,3.47,139
"20210710170640",539.6882,94.78596,290.2585,404.4058,14.74735,1006.088,55.11488,10.46592,55.09663,101.4239,8.683584,1.21326,-1.172319,0.2223419,4.314455,0.230693,-0.001096726,4.53,153
"20210710170700",538.9454,94.60909,290.1518,403.3611,14.73848,1005.443,55.04483,10.4883,54.3186,101.4224,8.671632,1.210996,-1.173014,0.207449,4.311692,0.2303999,-0.0002303123,3.8,154
"20210710170720",538.3135,94.53011,290.5556,404.1784,14.7276,1005.711,55.10653,10.37922,54.32385,101.4226,8.661465,1.209986,-1.167549,0.2205399,4.312838,0.2306581,0.007646084,3.31,128
"20210710170740",538.2077,94.46828,290.9745,405.0769,14.7282,1003.628,54.80986,10.36325,55.79892,101.4206,8.659762,1.209194,-1.162641,0.233915,4.303906,0.2294163,0.007754326,2.61,144
"20210710170800",538.593,94.81,291.4359,406.4055,14.75864,1004.266,54.98154,10.42086,59.68384,101.4202,8.665962,1.213568,-1.159137,0.2513047,4.306642,0.230135,0.003286362,3.4,143
"20210710170820",538.649,95.14801,290.4578,404.9966,14.78223,1002.865,54.9509,10.55001,56.9364,101.4254,8.666862,1.217895,-1.172196,0.2283475,4.300636,0.2300067,-0.001670361,4.07,151
"20210710170840",537.6854,94.75239,290.4308,404.622,14.78807,1003.096,54.9056,10.53486,55.22733,101.4254,8.651358,1.212831,-1.172889,0.2222761,4.301623,0.2298171,-0.001567125,3.37,140
"20210710170900",537.3441,94.56892,290.1355,403.8475,14.79231,1002.216,54.85288,10.56662,54.9025,101.4206,8.645867,1.210482,-1.176646,0.2103645,4.297849,0.2295964,0.003312349,3.89,145
"20210710170920",536.8179,94.19534,290.5745,404.0342,14.78545,1001.633,54.81818,10.49924,54.91698,101.4187,8.6374,1.2057,-1.171024,0.2137076,4.295352,0.2294512,-0.005400181,3.98,126
"20210710170940",535.9484,93.81824,290.3662,404.4072,14.77941,999.8962,54.83856,10.48241,55.98302,101.4202,8.62341,1.200873,-1.173098,0.219769,4.287903,0.2295365,-0.00222826,3.4,136
"20210710171000",535.9445,93.91128,290.2708,404.2402,14.77719,999.6939,54.83148,10.50932,54.87544,101.4204,8.623347,1.202064,-1.174083,0.2174539,4.287036,0.2295068,-0.0003733635,3.83,153
"20210710171020",535.5549,93.99635,290.5383,404.4173,14.77497,1000.359,55.0779,10.51971,54.49399,101.42,8.617078,1.203153,-1.170781,0.2202799,4.289886,0.2305383,0.003632069,3.1,139
"20210710171040",535.2364,94.04866,290.8751,405.6075,14.78021,998.0291,54.97193,10.51137,56.03805,101.4244,8.611953,1.203823,-1.167138,0.237637,4.279897,0.2300947,0.005726576,2.92,147
"20210710171100",535.4761,94.35212,290.9083,405.7256,14.80158,999.8104,54.77195,10.61441,58.21432,101.4207,8.615811,1.207707,-1.168113,0.2376741,4.287535,0.2292577,0.001967192,2.22,134
"20210710171120",535.9155,94.62658,291.1837,406.5022,14.83041,998.4816,54.81736,10.71413,59.60874,101.4199,8.62288,1.21122,-1.166705,0.2469428,4.281837,0.2294478,-0.00380969,2.84,158
"20210710171140",535.3928,94.73206,290.9191,404.9453,14.85137,997.7924,54.7809,10.76927,54.71197,101.4181,8.61447,1.21257,-1.171171,0.2219856,4.278882,0.2292951,-0.005205393,4.84,163
"20210710171200",535.1082,94.72363,290.5485,404.304,14.87193,995.5459,55.0567,10.76346,55.04779,101.4193,8.609891,1.212463,-1.176863,0.2107414,4.269248,0.2304496,-0.00312686,3.98,160
"20210710171220",534.4625,94.42161,290.6166,403.6009,14.88121,994.6485,54.87762,10.77271,54.32611,101.4193,8.599502,1.208597,-1.176652,0.1994867,4.2654,0.2297,0.004966498,3.52,153
"20210710171240",534.054,94.3291,290.9785,404.9132,14.89209,994.9929,54.91488,10.72276,56.39417,101.4225,8.592928,1.207413,-1.173076,0.2182092,4.266876,0.2298559,0.004287243,4.79,149
"20210710171300",533.7853,94.25389,290.3593,404.1731,14.89632,994.2247,55.21009,10.72097,53.99596,101.4217,8.588607,1.20645,-1.180659,0.2068096,4.263582,0.2310916,0.007357359,4.24,156
"20210710171320",533.054,93.8392,290.2536,403.6337,14.8931,994.2046,55.03747,10.72299,52.67988,101.419,8.576838,1.201142,-1.1817,0.1990131,4.263496,0.230369,-0.007947683,3.66,145
"20210710171340",532.6022,93.67128,290.9375,404.1841,14.88947,991.8591,54.9919,10.72155,53.47502,101.4202,8.56957,1.198993,-1.173391,0.2075294,4.253438,0.2301783,0.002256632,2.83,165
"20210710171400",532.6532,93.97,290.867,404.6629,14.90056,992.7144,54.53223,10.68763,54.73672,101.4197,8.57039,1.202816,-1.174933,0.2137858,4.257105,0.2282543,0.003507137,4,165
"20210710171420",532.6784,94.00666,290.3263,404.4049,14.9064,992.4856,54.61476,10.70607,53.67118,101.4189,8.570796,1.203285,-1.181694,0.2094567,4.256124,0.2285997,0.003381252,3.38,159
"20210710171440",532.1628,93.92867,290.3933,403.6394,14.89854,991.0989,54.87322,10.7232,51.98581,101.4213,8.5625,1.202287,-1.180398,0.1986585,4.250177,0.2296816,-0.0008130074,3.24,167
"20210710171500",531.9719,94.12076,290.4973,403.9018,14.89774,991.0287,54.81832,10.68459,53.30854,101.4222,8.559427,1.204746,-1.179119,0.2026436,4.249876,0.2294518,-0.003608227,4.17,161
"20210710171520",531.0483,94.03402,290.1237,402.8892,14.87979,989.9451,54.81264,10.61943,49.62174,101.4225,8.544568,1.203636,-1.182384,0.1889678,4.24523,0.229428,-0.005202055,4.74,153
"20210710171540",530.3034,93.87347,290.0324,402.8156,14.86246,989.5926,54.98791,10.52392,49.5351,101.4234,8.532582,1.20158,-1.182352,0.1892702,4.243718,0.2301616,0.005640984,4.2,153
"20210710171600",530.1442,94.21006,290.0695,402.7054,14.83484,988.9852,54.8189,10.41995,47.96988,101.4228,8.53002,1.205889,-1.180146,0.1898607,4.241113,0.2294542,-0.0007827282,3.47,151
"20210710171620",529.7862,94.54062,290.294,403.2706,14.82678,988.1239,54.55295,10.34895,50.1192,101.4245,8.524259,1.21012,-1.17698,0.198956,4.23742,0.228341,-0.001317024,4.4,152
"20210710171640",529.5605,94.71065,290.4639,402.5046,14.81569,987.1494,54.60398,10.30601,50.70558,101.4226,8.520628,1.212296,-1.174264,0.1884086,4.233241,0.2285546,0.007125616,2.94,144
"20210710171700",529.5523,94.93834,290.2255,403.2126,14.80823,986.8554,54.43265,10.31383,52.69405,101.4237,8.520498,1.215211,-1.176602,0.1995912,4.23198,0.2278375,-5.865097e-05,4.06,147
"20210710171720",529.2673,94.81873,290.3737,403.506,14.79553,987.1842,54.45195,10.37451,51.7722,101.4189,8.51591,1.21368,-1.17404,0.2050008,4.23339,0.2279182,0.002583981,3.29,152
"20210710171740",528.979,94.72615,290.3756,403.1943,14.79231,984.9766,54.39604,10.36421,51.47627,101.4194,8.511273,1.212495,-1.173811,0.2006058,4.223923,0.2276842,-0.003458738,4.54,155
"20210710171800",528.4647,94.44862,290.7735,403.2818,14.78303,985.417,54.36002,10.3819,52.9777,101.42,8.502997,1.208942,-1.168518,0.2026638,4.225812,0.2275334,-0.004598618,4.08,150
"20210710171820",528.2682,94.30157,289.9621,403.1213,14.78666,983.329,54.31896,10.42052,53.82791,101.4186,8.499835,1.20706,-1.178333,0.1999729,4.216858,0.2273616,0.006345272,4.12,149
"20210710171840",527.8359,94.18999,290.3899,403.1045,14.78102,981.8951,54.34331,10.45926,51.71718,101.4197,8.49288,1.205632,-1.172919,0.2001777,4.210709,0.2274635,-0.004107714,3.45,157
"20210710171900",527.9705,94.18724,290.2794,403.5944,14.7792,982.711,54.31995,10.45147,52.12977,101.4244,8.495046,1.205597,-1.174109,0.207643,4.214207,0.2273657,-0.007111788,3.39,179
"20210710171920",527.8621,94.24118,290.7992,404.2031,14.78565,983.5235,54.32255,10.49043,54.28523,101.4251,8.493301,1.206287,-1.168382,0.2162157,4.217692,0.2273766,0.01198363,3.69,162
"20210710171940",527.5073,94.3803,290.9747,404.1472,14.79271,981.3547,54.27126,10.51737,53.28551,101.4202,8.487592,1.208068,-1.166761,0.2148101,4.208391,0.2271619,0.01078129,3.25,151
"20210710172000",527.2935,94.6035,290.107,403.6226,14.80339,980.685,54.34452,10.598,52.39327,101.4189,8.484153,1.210925,-1.177693,0.206107,4.205519,0.2274686,0.007175207,3.65,142
"20210710172020",526.4266,94.43582,290.6447,403.3095,14.79331,979.5856,54.30627,10.50183,51.8346,101.4197,8.470206,1.208779,-1.170697,0.2022454,4.200804,0.2273085,0.001715422,3.07,146
"20210710172040",526.2601,94.95221,290.5833,404.2745,14.81448,979.3257,54.46438,10.49481,54.6715,101.4206,8.467525,1.215388,-1.172777,0.2149502,4.19969,0.2279703,0.00889659,3.95,167
"20210710172100",526.465,95.18038,290.755,404.6938,14.82839,979.693,55.0862,10.56981,56.16076,101.421,8.470822,1.218309,-1.171638,0.2200873,4.201265,0.230573,0.001251698,4.45,158
"20210710172120",525.7944,95.13466,290.2289,403.31,14.82516,977.4883,54.66045,10.58098,50.74673,101.4243,8.460033,1.217724,-1.177646,0.1996759,4.191811,0.228791,-0.001881599,3.67,150
"20210710172140",525.0873,94.92853,290.4422,403.4074,14.82174,977.3122,55.0607,10.51098,50.85803,101.4206,8.448654,1.215085,-1.174907,0.2014066,4.191055,0.2304663,0.004710198,4.13,144
"20210710172200",525.1088,94.8293,290.7092,404.5582,14.82799,977.919,54.84034,10.45229,51.64206,101.4224,8.449002,1.213815,-1.172152,0.2180978,4.193657,0.2295439,0.01326156,2.19,162
"20210710172220",525.265,95.12875,290.8658,404.5344,14.84411,976.4032,54.77554,10.49917,54.91351,101.422,8.451512,1.217648,-1.171336,0.2164346,4.187157,0.2292727,0.0007145405,3.73,169
"20210710172240",524.6342,95.24566,290.4247,403.6322,14.85379,976.012,54.79997,10.57663,54.35325,101.4226,8.441363,1.219145,-1.177164,0.202172,4.18548,0.2293749,0.002224684,4.29,162
"20210710172300",524.0124,95.08125,290.4383,403.1265,14.85117,975.5068,54.75496,10.58414,51.98401,101.4248,8.43136,1.21704,-1.176835,0.1948295,4.183313,0.2291866,0.002173424,4.21,166
"20210710172320",523.5036,95.30806,290.7657,403.0609,14.84734,974.6556,54.75368,10.48546,50.88786,101.4287,8.423173,1.219943,-1.172725,0.1941589,4.179663,0.2291812,0.000808239,2.74,165
"20210710172340",522.9589,95.68546,290.7751,404.6158,14.86508,972.2083,54.66524,10.49043,54.0437,101.4274,8.41441,1.224774,-1.173749,0.2159539,4.169168,0.228811,0.005869388,2.97,139
"20210710172400",523.2953,96.43793,290.8275,405.1537,14.89088,972.2078,54.69672,10.59549,56.41256,101.4268,8.419822,1.234406,-1.17478,0.2219019,4.169166,0.2289428,0.01024985,2.78,132
"20210710172420",523.0801,96.96161,290.482,403.8636,14.8927,973.4231,54.67221,10.65176,51.50814,101.4244,8.416358,1.241109,-1.178977,0.2024799,4.174378,0.2288402,0.0006933212,3.66,144
"20210710172440",522.52,97.25255,290.4999,403.8634,14.90116,971.7136,54.6176,10.6522,51.23209,101.4251,8.407346,1.244833,-1.179307,0.2017928,4.167046,0.2286116,-0.002367496,4.09,151
"20210710172500",521.843,97.22459,290.6359,404.1011,14.91044,970.5214,54.59581,10.63046,51.40616,101.4274,8.396454,1.244475,-1.178295,0.2045917,4.161934,0.2285204,-0.005277157,2.68,146
"20210710172520",521.6866,97.54636,291.045,404.4202,14.91366,970.2532,54.52195,10.53403,51.0071,101.4315,8.393937,1.248593,-1.173671,0.2090977,4.160784,0.2282113,-0.007675886,2.74,157
"20210710172540",521.1562,97.6651,291.356,405.0535,14.92293,968.9306,54.14866,10.549,53.18722,101.4308,8.385405,1.250113,-1.170592,0.2178078,4.155112,0.2266488,-0.0006446838,3.14,164
"20210710172600",521.5972,97.79302,291.3791,405.568,14.95136,969.1958,54.26364,10.59845,54.98434,101.4263,8.392498,1.251751,-1.172139,0.2231928,4.156249,0.22713,-0.003020287,2.57,169
"20210710172620",521.3308,97.90174,291.3951,405.4107,14.98018,968.4822,54.18729,10.73481,54.3459,101.4267,8.388212,1.253142,-1.173797,0.2185052,4.153189,0.2268105,0.0001270771,3.11,155
"20210710172640",521.3491,98.39197,291.0687,405.4787,15.00679,966.1887,54.13411,10.79618,54.56805,101.4283,8.388507,1.259417,-1.179357,0.2173641,4.143354,0.2265879,0.002767801,4.25,152
"20210710172700",520.1646,98.33474,290.2213,403.9534,15.01506,966.2077,54.13003,10.87377,52.42917,101.4267,8.369448,1.258685,-1.189892,0.1939076,4.143436,0.2265708,0.00427866,4.47,161
"20210710172720",518.9799,98.33542,290.3717,403.0611,15.00296,964.9445,54.19712,10.76452,49.80702,101.4281,8.350386,1.258694,-1.187342,0.1815564,4.138018,0.2268516,-0.002114296,3.64,159
"20210710172740",518.4877,98.63453,290.7721,403.4255,15.00216,966.1086,54.18115,10.63928,51.64084,101.431,8.342467,1.262522,-1.182563,0.1870645,4.14301,0.2267848,0.004855394,2.99,173
"20210710172800",518.277,99.24772,291.1414,404.2821,15.00417,965.0197,54.38271,10.57606,53.74512,101.4275,8.339076,1.270371,-1.17833,0.1997003,4.13834,0.2276284,0.005286217,2.72,162
"20210710172820",517.7137,99.53516,291.0079,403.6109,14.99873,963.7851,54.0439,10.62228,52.71296,101.4265,8.330014,1.27405,-1.179556,0.1901145,4.133047,0.2262103,-0.0001249313,3.24,160
"20210710172840",517.5856,99.66046,290.9632,403.712,14.99288,961.9967,54.0834,10.57793,53.63079,101.4248,8.327954,1.275654,-1.179711,0.1920969,4.125377,0.2263756,0.002215624,3.88,145
"20210710172900",516.9468,99.31169,291.2026,403.6786,14.98643,961.5907,54.44505,10.55077,52.78158,101.4258,8.317674,1.27119,-1.176469,0.1921224,4.123636,0.2278894,0.002401114,2.52,144
"20210710172920",516.634,98.63059,291.6401,405.6984,15.00458,960.6662,54.30546,10.56112,56.66753,101.4258,8.31264,1.262472,-1.172466,0.2208274,4.119672,0.2273051,0.001310825,3.05,167
"20210710172940",516.9573,98.27003,291.4021,405.1766,15.02373,959.8946,54.40414,10.65324,55.77446,101.4288,8.317842,1.257857,-1.176503,0.2114799,4.116362,0.2277181,0.001702547,3.55,142
"20210710173000",516.9462,98.34515,290.807,404.7687,15.05739,960.3892,54.20657,10.73941,54.99483,101.4292,8.317665,1.258818,-1.185692,0.2026532,4.118484,0.2268912,9.584427e-05,3.48,153
"20210710173020",516.2917,98.77408,290.8552,404.484,15.06263,958.7932,54.23184,10.80468,52.01561,101.4244,8.307134,1.264308,-1.185458,0.1979754,4.11164,0.2269969,-0.004427194,2.94,156
"20210710173040",515.7913,99.50494,290.9536,404.4896,15.06122,958.741,54.24215,10.81562,51.81878,101.4245,8.299082,1.273663,-1.184205,0.1981744,4.111415,0.2270401,0.003654718,2.7,155
"20210710173100",515.477,100.6506,291.4845,405.3075,15.06505,958.539,54.31563,10.79151,52.30057,101.4236,8.294025,1.288328,-1.178181,0.2100811,4.11055,0.2273477,-0.001278877,2.13,154
"20210710173120",515.3444,101.8933,291.6523,405.9438,15.08763,957.0622,54.33106,10.827,55.10271,101.4213,8.29189,1.304234,-1.177645,0.2177574,4.104216,0.2274122,-0.004579306,3.03,132
"20210710173140",514.9725,102.5612,290.79,404.7417,15.0836,956.3222,54.35066,10.85848,52.80014,101.4235,8.285906,1.312783,-1.187571,0.2001253,4.101043,0.2274943,-0.000715971,2.68,142
"20210710173200",514.4692,102.4659,291.3542,405.4048,15.08279,958.2039,54.3357,10.8091,53.21444,101.4258,8.277809,1.311564,-1.180858,0.2100971,4.109112,0.2274317,0.001660109,3.52,153
"20210710173220",514.0968,101.8484,291.4269,405.1193,15.09509,955.7741,54.37488,10.75902,52.5359,101.4198,8.271816,1.30366,-1.180788,0.2048327,4.098692,0.2275957,-3.790855e-05,2.99,142
"20210710173240",513.8887,101.2762,291.2966,405.1748,15.10315,954.555,54.33756,10.80153,53.41292,101.4195,8.268469,1.296335,-1.182843,0.2050087,4.093465,0.2274394,0.002731562,3.9,175
"20210710173300",513.2633,100.3497,291.1667,404.0433,15.10113,954.3967,54.37471,10.72541,50.39849,101.4183,8.258406,1.284477,-1.184249,0.1882679,4.092786,0.227595,0.006308079,3.3,171
"20210710173320",512.5486,100.018,291.5532,404.272,15.10597,953.1519,54.42232,10.62663,51.21083,101.4182,8.246907,1.280231,-1.179995,0.1912899,4.087448,0.2277942,0.002903461,2.48,175
"20210710173340",512.6189,100.5916,291.7644,405.1273,15.11706,952.5976,54.65115,10.66179,54.51199,101.4185,8.248038,1.287573,-1.178211,0.2031701,4.085071,0.228752,0.005721569,2.66,169
"20210710173400",512.6681,100.79,292.0323,405.7178,15.13742,952.47,54.26183,10.75219,54.84689,101.4214,8.24883,1.290113,-1.176354,0.2103394,4.084523,0.2271225,0.005106211,2.91,132
"20210710173420",512.3563,100.9438,292.3234,406.0937,15.16221,951.0421,53.9817,10.81945,54.26831,101.4177,8.243814,1.292081,-1.174507,0.2139429,4.0784,0.2259499,0.004648447,2.63,154
"20210710173440",512.5765,101.5096,292.1286,406.1319,15.19346,951.7958,53.93142,10.96089,54.76464,101.4157,8.247357,1.299323,-1.178813,0.211976,4.081632,0.2257395,0.009804726,3.06,160
"20210710173500",512.1818,101.7526,291.1909,405.8657,15.20999,949.2141,54.07417,11.03143,55.0749,101.4143,8.241005,1.302433,-1.19095,0.2066552,4.070561,0.226337,0.004226208,3.8,131
"20210710173520",511.1795,100.9397,291.3157,405.0102,15.20455,948.9534,54.03859,11.00579,52.00768,101.4143,8.224878,1.292028,-1.189127,0.1943154,4.069443,0.2261881,0.0003204346,3.22,135
"20210710173540",510.457,100.5897,291.3809,404.892,15.19588,947.6855,54.08716,10.90542,51.2843,101.4144,8.213253,1.287548,-1.187801,0.1932543,4.064006,0.2263913,0.002023935,3.17,134
"20210710173600",509.7849,100.4748,291.8212,406.012,15.20576,946.1505,54.14164,10.84489,52.9102,101.4191,8.202439,1.286077,-1.183234,0.2091849,4.057423,0.2266194,0.001416206,2.67,147
"20210710173620",509.9834,100.9714,292.3029,406.5296,15.22471,947.2281,54.1079,10.88485,54.13615,101.4187,8.205634,1.292434,-1.178761,0.2153773,4.062044,0.2264782,0.005222797,1.66,152
"20210710173640",510.0314,101.0529,292.3469,407.0021,15.24527,946.113,53.91794,10.93859,54.20685,101.414,8.206406,1.293478,-1.179563,0.2207659,4.057262,0.2256831,-0.003301382,2.51,162
"20210710173700",509.4019,100.3088,291.7598,405.478,15.2499,945.2331,53.79962,10.92937,50.55823,101.4137,8.196277,1.283953,-1.186795,0.1976195,4.053489,0.2251878,0.007979631,3.11,154
"20210710173720",509.1163,100.0067,291.4766,405.1577,15.26583,945.5687,53.73354,10.93109,51.97856,101.4133,8.191681,1.280086,-1.191163,0.1915389,4.054928,0.2249112,0.0008292198,3.76,153
"20210710173740",508.5198,99.91889,291.2787,405.0864,15.27087,941.5769,53.71643,10.88451,53.4413,101.413,8.182084,1.278962,-1.193823,0.1900643,4.03781,0.2248396,-0.0008928776,3.33,150
"20210710173800",507.6841,99.98902,291.412,404.7498,15.25978,942.4502,54.25943,10.87291,53.41975,101.4132,8.168638,1.279859,-1.191538,0.1859365,4.041555,0.2271124,0.0002055168,3.36,163
"20210710173820",506.9118,99.57283,291.7603,405.2191,15.26603,941.467,54.17472,10.84752,55.44819,101.4145,8.156211,1.274532,-1.187825,0.1924415,4.037339,0.2267579,0.008535862,3.04,170
"20210710173840",506.7206,99.46419,291.6424,404.8836,15.2749,939.4529,54.00489,10.92337,55.39182,101.4123,8.153134,1.273142,-1.189788,0.1867057,4.028701,0.226047,-0.0001382828,3,170
"20210710173900",506.104,98.61558,291.1806,404.0267,15.26785,940.6104,54.04104,10.88383,54.40902,101.4112,8.143214,1.26228,-1.194789,0.1744787,4.033665,0.2261983,-0.007006646,3.79,172
"20210710173920",505.7199,98.21158,291.4431,403.7963,15.26684,938.5504,54.01354,10.87908,54.54412,101.4118,8.137033,1.257108,-1.191624,0.1711183,4.024831,0.2260832,-0.002895594,3.08,158
"20210710173940",505.3241,97.61131,291.1456,403.8273,15.25494,938.3987,53.88018,10.82835,52.59176,101.4115,8.130664,1.249425,-1.194372,0.1725478,4.024181,0.225525,0.002548456,3.16,153
"20210710174000",505.0399,97.42181,290.8218,402.9709,15.23559,938.2249,53.85176,10.80116,52.05312,101.4117,8.126092,1.246999,-1.196954,0.1613265,4.023435,0.2254061,0.0006945133,3.83,164
"20210710174020",504.2055,97.18703,291.1012,403.2858,15.20959,938.1904,53.49278,10.68522,52.92208,101.4162,8.112666,1.243994,-1.191983,0.1681427,4.023287,0.2239035,0.00250411,3.28,168
"20210710174040",503.5962,97.43398,291.168,402.9844,15.18358,938.2491,53.54021,10.61511,51.67502,101.4151,8.102862,1.247155,-1.189525,0.165754,4.023539,0.224102,-0.005172491,3.35,160
"20210710174100",503.5183,97.9915,291.6357,404.3878,15.16625,935.6911,53.62463,10.56009,54.75695,101.4116,8.10161,1.254291,-1.182889,0.1881278,4.01257,0.2244554,0.004375696,3.98,183
"20210710174120",503.4963,97.97802,291.0343,404.0652,15.16786,934.5642,53.21816,10.61247,55.65952,101.4119,8.101255,1.254119,-1.190093,0.1831788,4.007737,0.222754,-0.001077414,3.59,156
"20210710174140",502.9185,98.22202,291.2394,403.6331,15.15234,935.7987,53.40099,10.66159,53.93214,101.412,8.091959,1.257242,-1.186676,0.1779824,4.013031,0.2235193,0.004703522,3.86,157
"20210710174200",502.5086,98.29834,291.3349,404.1178,15.1354,933.9527,53.47647,10.6694,54.53466,101.4122,8.085363,1.258219,-1.184461,0.1865985,4.005114,0.2238352,0.004650116,3.2,165
"20210710174220",502.2161,98.12345,291.979,405.0917,15.14065,933.3965,53.45195,10.74956,56.33891,101.4159,8.080657,1.25598,-1.17719,0.2007232,4.00273,0.2237326,0.00512433,2.65,161
"20210710174240",502.2988,98.00605,291.1749,403.8091,15.14427,931.8374,53.39362,10.81481,54.15511,101.4149,8.081987,1.254477,-1.18692,0.1812657,3.996044,0.2234884,-0.0004181862,3.03,149
"20210710174300",501.1515,97.81518,291.1552,402.8976,15.1354,931.3994,53.56769,10.84472,54.14891,101.4092,8.063527,1.252034,-1.186583,0.1683697,3.994166,0.224217,0.003456831,4.38,166
"20210710174320",500.5319,97.3484,291.2245,402.6309,15.12331,930.72,53.25645,10.84018,53.12389,101.4121,8.053558,1.246059,-1.184989,0.1653657,3.991252,0.2229143,0.002467871,4.03,155
"20210710174340",500.5966,97.48319,291.2545,403.3587,15.12694,930.791,53.39308,10.81264,55.15542,101.4115,8.054599,1.247785,-1.184865,0.1759473,3.991556,0.2234862,0.006733894,3.13,158
"20210710174400",500.3888,97.54922,290.9143,403.4779,15.13097,929.0538,53.29299,10.87573,54.78799,101.412,8.051256,1.24863,-1.189144,0.1773979,3.984106,0.2230672,-0.0049119,3.87,162
"20210710174420",499.7834,97.66626,291.0269,403.0268,15.12754,929.1336,53.29612,10.87251,51.94007,101.4111,8.041515,1.250128,-1.187593,0.1709393,3.984449,0.2230803,-0.003870487,4.2,170
"20210710174440",499.1058,97.67545,291.253,402.49,15.11363,927.4941,53.03325,10.71702,51.62772,101.4153,8.030612,1.250246,-1.18403,0.1640488,3.977418,0.22198,-0.0007710457,3.42,160
"20210710174500",498.9859,97.7992,291.5904,403.8088,15.11625,927.7199,53.89149,10.66026,54.1759,101.4115,8.028682,1.25183,-1.180214,0.1835382,3.978386,0.2255723,-0.002422571,3.36,179
"20210710174520",498.6166,97.70379,291.7821,403.1592,15.11363,927.0805,53.11839,10.65709,53.30661,101.414,8.022742,1.250609,-1.177782,0.1740455,3.975644,0.2223364,-0.003420114,3.39,165
"20210710174540",498.8597,97.57413,291.5712,403.6587,15.12049,925.5647,53.19196,10.69312,55.80003,101.409,8.026652,1.248949,-1.180713,0.1809512,3.969144,0.2226443,0.000411272,3.73,149
"20210710174600",498.1417,97.54526,291.4645,403.2889,15.12452,926.227,53.18524,10.7636,55.04018,101.4094,8.015099,1.248579,-1.182231,0.175099,3.971984,0.2226162,0.00400877,3.27,168
"20210710174620",497.3487,97.78577,291.7122,402.8442,15.13097,924.8658,53.10826,10.83712,55.18268,101.4101,8.00234,1.251658,-1.179722,0.1679306,3.966147,0.222294,0.001469135,3.55,171
"20210710174640",497.5772,98.6087,291.9999,403.9161,15.15314,922.8568,53.09729,10.89338,57.56184,101.4098,8.006018,1.262191,-1.177745,0.1821455,3.957532,0.2222481,0.009243965,3.05,145
"20210710174700",497.4455,99.18701,291.077,403.0258,15.16383,924.7362,53.05283,10.98862,56.13916,101.4125,8.003898,1.269594,-1.189331,0.1679776,3.965591,0.222062,-0.002622128,4.26,157
"20210710174720",496.7996,99.432,291.4647,403.1546,15.17471,920.6645,53.11179,10.99802,55.4522,101.4135,7.993506,1.27273,-1.185451,0.169017,3.94813,0.2223088,0.002413511,3.05,170
"20210710174740",496.6983,99.6717,291.3238,403.3118,15.17733,921.7046,53.05834,11.00946,54.23406,101.4096,7.991876,1.275798,-1.187283,0.1711523,3.95259,0.2220851,0.005395174,3.24,153
"20210710174800",496.346,99.5303,290.991,402.5816,15.18237,921.6031,53.15438,11.00171,53.60114,101.4076,7.986207,1.273988,-1.191537,0.1598335,3.952155,0.2224871,-0.008831024,4.93,156
"20210710174820",495.2506,99.30744,290.8471,401.3527,15.16141,919.7106,53.08081,10.89011,52.8381,101.4084,7.968582,1.271135,-1.191891,0.1431761,3.944039,0.2221791,-0.005010128,4.22,150
"20210710174840",494.9204,98.77477,290.9397,401.4591,15.15455,919.2063,53.05972,10.78364,53.16402,101.4093,7.96327,1.264317,-1.190356,0.1453248,3.941877,0.2220908,0.001833677,4.75,163
"20210710174900",494.316,97.76847,291.0828,401.492,15.14488,920.1126,53.07296,10.76009,53.98771,101.4091,7.953544,1.251436,-1.188045,0.1466016,3.945764,0.2221462,-0.004123211,4.31,164
"20210710174920",493.8751,97.30421,290.7859,401.2748,15.1344,918.2196,53.07813,10.68029,52.81362,101.413,7.94645,1.245494,-1.190881,0.1442059,3.937646,0.2221679,0.0004987716,4.26,155
"20210710174940",493.4538,96.29867,290.5978,401.3921,15.11464,918.0892,53.10597,10.69801,53.24827,101.4138,7.939673,1.232623,-1.191834,0.1475615,3.937086,0.2222844,-0.005738497,3.27,155
"20210710175000",493.3775,95.39674,290.9207,401.9498,15.11525,917.0405,53.15905,10.72257,55.11285,101.4122,7.938444,1.221078,-1.188059,0.1558471,3.932589,0.2225066,0.0002105236,3.86,158
"20210710175020",493.0268,94.86221,290.6924,400.9148,15.10597,915.331,53.14606,10.74268,52.71902,101.4116,7.932802,1.214236,-1.190162,0.1411348,3.925258,0.2224522,-0.0009455681,3.65,164
"20210710175040",493.0611,94.46308,290.2902,401.1732,15.10013,916.1193,53.25539,10.75429,54.45287,101.4134,7.933353,1.209127,-1.194536,0.1454698,3.928639,0.2229098,-0.005103111,5.36,164
"20210710175100",491.8648,94.06414,290.4494,400.4787,15.07453,915.1998,53.2286,10.71575,51.7452,101.4116,7.914105,1.204021,-1.191013,0.1371713,3.924696,0.2227977,-0.004840136,4.3,167
"20210710175120",491.4108,93.9142,290.4016,400.3066,15.04066,914.949,53.19884,10.63027,50.46024,101.412,7.9068,1.202102,-1.189406,0.1373475,3.92362,0.2226731,-0.0103724,5.05,161
"20210710175140",490.8701,93.74335,290.5602,400.6708,15.0209,914.5661,53.10473,10.5402,53.79303,101.4124,7.8981,1.199915,-1.186267,0.1443896,3.921978,0.2222792,0.004511356,4.29,166
"20210710175200",491.2496,93.5947,290.6386,401.1902,15.00115,915.4542,53.15158,10.52502,54.52618,101.4082,7.904206,1.198012,-1.184074,0.1537518,3.925786,0.2224753,-0.001499653,3.65,143
"20210710175220",491.205,93.31508,290.333,401.0422,14.98361,913.8477,53.05529,10.59075,54.6989,101.4065,7.903489,1.194433,-1.18656,0.1529623,3.918897,0.2220723,-0.007044315,4.73,148
"20210710175240",490.5697,93.11687,290.4886,401.0841,14.96365,910.9357,53.07554,10.5363,54.74396,101.4067,7.893266,1.191896,-1.183444,0.1552068,3.90641,0.222157,0.00351882,3.72,152
"20210710175300",490.5028,93.19229,290.7726,402.026,14.95861,910.9937,53.0609,10.56009,56.39722,101.4082,7.89219,1.192861,-1.179766,0.169686,3.906658,0.2220958,-0.003777742,4.38,164
"20210710175320",490.1253,93.5459,290.6523,400.7575,14.94289,909.1938,53.02456,10.58566,52.53428,101.407,7.886115,1.197388,-1.180181,0.152009,3.89894,0.2219436,-0.007009506,4.61,162
"20210710175340",489.2987,93.7765,290.6129,400.3643,14.92293,909.9102,53.02956,10.50314,51.92556,101.4095,7.872817,1.200339,-1.179368,0.1477509,3.902012,0.2219646,0.0006873607,5.35,171
"20210710175400",488.9419,94.28658,290.2901,399.9439,14.91527,908.9238,53.03866,10.44324,50.08869,101.4048,7.867075,1.206868,-1.18269,0.1420903,3.897782,0.2220027,7.70092e-05,5.05,164
"20210710175420",489.3732,94.89433,290.1149,399.9722,14.9185,907.653,52.9398,10.47132,51.15824,101.4051,7.874014,1.214647,-1.184964,0.1422547,3.892332,0.2215889,0.002942562,3.87,166
"20210710175440",489.021,95.31274,289.6115,399.2684,14.90439,908.8401,52.79734,10.48375,48.7876,101.4061,7.868348,1.220003,-1.190007,0.1328805,3.897423,0.2209926,-0.0001990795,5.24,168
"20210710175500",487.9257,95.52497,289.765,398.3442,14.87899,907.0148,52.73771,10.39608,48.27755,101.4059,7.850725,1.22272,-1.186568,0.1211295,3.889596,0.220743,-0.003676414,4.36,164
"20210710175520",487.5643,95.15158,290.0596,399.3474,14.85399,905.7289,52.60683,10.30293,50.16289,101.4054,7.84491,1.21794,-1.18149,0.1381398,3.884081,0.2201952,0.003071785,2.94,170
"20210710175540",487.7968,94.38661,289.8991,399.6922,14.84815,905.5949,52.5544,10.29355,51.92414,101.4102,7.84865,1.208149,-1.18301,0.1437664,3.883506,0.2199757,7.987022e-05,4.07,153
"20210710175600",487.6423,93.49324,289.9347,399.5309,14.83424,904.3927,52.48853,10.33657,52.54107,101.4091,7.846165,1.196713,-1.1817,0.1424821,3.878351,0.2197,-0.001232624,4.51,168
"20210710175620",487.1877,92.55791,289.9611,400.0762,14.82557,905.0192,52.3755,10.38713,54.23774,101.4054,7.83885,1.184741,-1.180833,0.15133,3.881038,0.2192269,-0.001577377,4.16,153
"20210710175640",486.7854,91.27174,289.7721,399.6159,14.80763,903.4239,52.35621,10.42012,52.78569,101.4059,7.832377,1.168278,-1.181917,0.1459068,3.874197,0.2191462,-0.001802921,3.18,162
"20210710175700",486.5151,90.70464,289.6835,399.5588,14.78928,901.8731,52.2916,10.40117,52.02881,101.408,7.828028,1.161019,-1.181791,0.1465369,3.867546,0.2188757,-0.0006546974,3.28,151
"20210710175720",485.9814,90.38215,289.3565,399.5155,14.77376,901.8821,52.38593,10.38899,52.64208,101.406,7.81944,1.156892,-1.184662,0.147144,3.867585,0.2192706,-0.002609015,5.06,166
"20210710175740",484.7907,90.04993,289.2957,398.4145,14.74574,901.81,52.37279,10.30815,51.02623,101.4113,7.800283,1.152639,-1.183587,0.1329625,3.867276,0.2192156,-0.001038313,4.36,169
"20210710175800",484.9945,89.96967,289.837,399.513,14.73042,900.1658,52.34015,10.29678,54.0507,101.4122,7.803562,1.151612,-1.176215,0.1506128,3.860225,0.2190789,0.002095222,3.24,169
"20210710175820",485.0396,89.9995,289.3246,399.2598,14.72014,899.8304,52.30502,10.31855,54.0051,101.4064,7.804287,1.151994,-1.181609,0.1476617,3.858786,0.2189319,-9.083748e-05,3.64,165
"20210710175840",484.4625,89.92394,289.5967,398.7566,14.70421,899.486,52.30832,10.36693,53.6919,101.4076,7.795001,1.151026,-1.17738,0.1414278,3.85731,0.2189457,0.00772953,4.22,166
"20210710175900",484.4669,89.9365,289.4174,398.8714,14.68385,899.6359,52.26034,10.26319,52.13977,101.4077,7.795072,1.151187,-1.178197,0.1447892,3.857952,0.2187449,0.006399155,3.76,143
"20210710175920",484.5202,89.92721,289.3865,399.8912,14.6774,897.1858,52.20956,10.26757,55.56335,101.4077,7.795931,1.151068,-1.178149,0.1605464,3.847445,0.2185324,0.002294302,3.95,145
"20210710175940",484.4716,89.9567,289.1824,399.9372,14.67559,898.5334,52.21024,10.31403,55.37705,101.4069,7.795148,1.151446,-1.180444,0.1613796,3.853224,0.2185352,0.001977444,3.91,150
"20210710180000",484.2579,90.1134,289.5006,399.7886,14.67216,898.657,52.19012,10.35337,54.40228,101.412,7.79171,1.153452,-1.176467,0.1594378,3.853754,0.2184509,0.002728224,3.26,145
"20210710180020",484.2466,90.30374,289.7508,400.3004,14.68022,897.8666,52.19786,10.3594,55.75875,101.408,7.791527,1.155888,-1.174028,0.166432,3.850365,0.2184834,0.004724264,2.4,157
"20210710180040",484.0555,90.35986,289.2048,399.9279,14.67015,895.6538,52.20762,10.37342,53.7259,101.4105,7.788453,1.156606,-1.179831,0.161682,3.840876,0.2185242,-0.006578207,4.41,165
"20210710180100",483.6009,90.33443,289.4094,399.3374,14.64777,896.0364,52.23785,10.32338,51.16609,101.4103,7.781138,1.156281,-1.175986,0.154667,3.842516,0.2186507,-0.003180027,3.69,161
"20210710180120",482.9733,90.34612,289.9185,400.1221,14.64253,894.6682,52.14583,10.21716,53.44718,101.4056,7.77104,1.15643,-1.169638,0.1668144,3.836649,0.2182656,-0.003472805,3.77,162
"20210710180140",483.0329,90.59522,289.4468,399.9547,14.63709,894.2112,52.23158,10.25894,54.43237,101.4054,7.772,1.159619,-1.174863,0.1647523,3.834689,0.2186245,0.0003159046,3.89,145
"20210710180200",483.0719,90.69412,289.7537,400.019,14.62842,895.0112,52.2941,10.22561,53.31535,101.4045,7.772626,1.160885,-1.170685,0.1664127,3.83812,0.2188862,0.001562119,4.41,151
"20210710180220",482.4584,90.54362,289.8061,399.6501,14.61854,894.4398,52.24908,10.2497,52.5688,101.4056,7.762755,1.158958,-1.169435,0.1616999,3.835669,0.2186978,-0.002676487,4.49,160
"20210710180240",482.7786,90.4717,289.5621,399.7424,14.61411,892.5445,52.26126,10.30484,54.19918,101.4062,7.767909,1.158038,-1.172034,0.1634367,3.827542,0.2187487,0.008152485,3.44,150
"20210710180300",481.477,90.05856,289.2878,399.8596,14.61249,891.0022,52.13067,10.38777,53.57724,101.4106,7.746965,1.15275,-1.17517,0.1653176,3.820928,0.2182021,0.001474619,4.25,161
"20210710180320",479.1204,89.40683,289.0763,399.2393,14.59334,886.5683,51.9327,10.36952,51.23806,101.4096,7.709047,1.144408,-1.176447,0.1575958,3.801914,0.2173735,-0.001457453,4.28,158
"20210710180340",475.0033,88.56298,289.3434,399.236,14.5748,879.4818,51.54662,10.34268,50.40836,101.4087,7.642804,1.133606,-1.172109,0.1590429,3.771525,0.2157575,-0.0002551079,2.27,149
"20210710180400",469.64,87.63426,289.2547,399.5518,14.57197,869.542,51.06738,10.28906,52.67836,101.4093,7.556509,1.121719,-1.172975,0.1639896,3.728899,0.2137515,-0.001927137,4.05,150
"20210710180420",457.182,85.1514,288.8333,398.785,14.5625,852.3148,50.05419,10.33912,52.70499,101.4108,7.356058,1.089938,-1.177348,0.1532989,3.655023,0.2095107,-0.00124979,4.34,144
"20210710180440",462.2896,86.5159,288.9015,398.327,14.54012,854.5172,50.28474,10.24005,50.23529,101.4112,7.43824,1.107403,-1.175116,0.1482607,3.664468,0.2104757,0.008594036,3.11,150
"20210710180500",458.8961,86.08913,289.2471,399.0394,14.53871,850.2764,50.16776,10.26053,53.81988,101.411,7.383639,1.101941,-1.170945,0.159017,3.646282,0.209986,0.004379749,3.74,141
"20210710180520",455.5254,85.83916,289.1459,398.856,14.53327,843.3501,49.68596,10.261,51.36083,101.4092,7.329404,1.098741,-1.171792,0.1567182,3.616579,0.2079694,0.002339602,4.02,143
"20210710180540",453.2015,85.44492,289.5365,399.6787,14.54214,838.9146,49.53872,10.27497,54.11805,101.4075,7.292012,1.093695,-1.167745,0.1682923,3.597558,0.2073531,0.003262758,2.92,147
"20210710180600",449.495,84.69394,289.0133,398.8055,14.55565,826.938,48.74424,10.32329,54.5818,101.4082,7.232376,1.084082,-1.174785,0.1541579,3.546198,0.2040276,0.003951788,3.85,158
"20210710180620",431.5972,80.58826,288.7511,397.6746,14.55363,798.6621,47.30115,10.30022,53.65272,101.4088,6.9444,1.03153,-1.177753,0.1374243,3.424941,0.1979873,0.004108906,3.87,153
"20210710180640",447.5959,83.74717,288.4704,397.0212,14.53569,834.6643,49.40487,10.27153,50.80101,101.4101,7.201818,1.071964,-1.179922,0.1291116,3.579331,0.2067928,-0.002825737,4.09,160
"20210710180700",455.0126,84.85017,288.6455,396.6573,14.5111,845.5045,50.43684,10.08548,50.16875,101.4137,7.321152,1.086082,-1.176289,0.1256562,3.625818,0.2111123,-0.0005362034,3.65,151
"20210710180720",455.6905,84.79007,289.0513,397.5638,14.49134,844.8136,50.16513,9.964222,52.04966,101.4157,7.33206,1.085313,-1.170235,0.1407954,3.622855,0.209975,0.001310349,3.13,160
"20210710180740",450.7423,83.49519,288.5078,398.112,14.47642,837.1496,49.75192,9.988121,54.55571,101.4112,7.252444,1.068739,-1.175704,0.150188,3.589989,0.2082454,-0.00190711,3.91,154
"20210710180800",454.0532,83.93185,288.6634,397.4239,14.43913,843.475,50.33854,9.99781,52.5887,101.4126,7.305716,1.074328,-1.171488,0.1429143,3.617114,0.2107008,0.002099276,3.31,152
"20210710180820",457.6705,84.6371,288.946,398.6143,14.43328,850.0261,50.67414,9.97237,55.61696,101.413,7.363918,1.083355,-1.167781,0.1611681,3.645208,0.2121056,0.008381843,2.62,159
"20210710180840",460.3581,85.09528,289.0299,399.0755,14.42824,852.7078,50.98732,10.03866,56.80122,101.4125,7.407162,1.08922,-1.166469,0.1684645,3.656708,0.2134164,0.001820326,3.03,175
"20210710180900",460.284,85.21463,288.6577,398.086,14.42462,850.8562,51.11883,10.1016,55.12472,101.412,7.40597,1.090747,-1.170632,0.153973,3.648768,0.2139669,-0.003700972,4.92,161
"20210710180920",459.5886,85.14355,288.5725,397.3556,14.40426,850.6245,51.23662,10.08547,52.76291,101.4163,7.394781,1.089838,-1.170343,0.144701,3.647774,0.2144599,-0.001554251,3.45,161
"20210710180940",457.8653,84.7545,288.4648,397.2616,14.38873,846.4244,51.04008,10.03258,52.89028,101.4122,7.367053,1.084858,-1.170626,0.1445494,3.629763,0.2136373,-0.0001745224,3.46,147
"20210710181000",450.3144,82.96986,288.7106,396.9144,14.36515,830.3176,50.43343,9.970619,53.0528,101.4099,7.245558,1.062014,-1.16622,0.1412613,3.560691,0.211098,-0.0007693767,3.69,158
"20210710181020",441.2656,81.20277,288.8649,397.0442,14.34297,818.1253,49.91324,9.935974,53.29634,101.4085,7.099962,1.039395,-1.162988,0.1449848,3.508406,0.2089207,0.003539801,3.06,170
"20210710181040",442.2938,81.74173,288.6793,397.3321,14.34338,823.9195,50.24624,9.923866,54.13146,101.4091,7.116508,1.046294,-1.165205,0.1492537,3.533254,0.2103145,0.003622294,3.63,159
"20210710181100",442.8377,81.92658,288.7758,397.3248,14.32967,821.0571,50.09699,9.959061,51.6566,101.4074,7.125259,1.04866,-1.163193,0.1502478,3.520979,0.2096898,0.006436348,3.22,169
"20210710181120",443.9348,82.41712,288.8304,397.565,14.33249,828.373,50.2254,10.00677,54.54484,101.4139,7.142911,1.054939,-1.162726,0.1536113,3.552352,0.2102273,0.004074574,2.75,161
"20210710181140",449.6837,83.67406,288.8054,397.6474,14.33693,836.1786,50.56567,10.05467,53.94926,101.4123,7.23541,1.071028,-1.163304,0.1544862,3.585825,0.2116515,0.002729416,3.33,160
"20210710181200",452.9309,84.329,288.4996,397.698,14.33733,838.6297,50.49444,10.08094,54.10658,101.4084,7.287658,1.079411,-1.166942,0.1552071,3.596336,0.2113534,0.002549648,3.23,146
"20210710181220",453.5399,84.19382,288.744,397.1904,14.32866,839.9909,50.30482,10.12462,53.18873,101.4086,7.297458,1.077681,-1.163505,0.1483211,3.602174,0.2105597,-0.007931948,4.84,163
"20210710181240",452.5072,83.92396,288.8502,396.6852,14.31435,839.9718,50.33694,10.02874,52.7093,101.4083,7.28084,1.074227,-1.161339,0.1419254,3.602092,0.2106941,-0.003202677,2.92,159
"20210710181300",455.0287,84.29768,288.8975,397.5603,14.31475,843.0754,50.53184,10.01604,55.84725,101.4081,7.321412,1.07901,-1.160806,0.154968,3.615401,0.21151,-6.175041e-05,4.76,154
"20210710181320",456.9152,84.69298,288.4138,395.9243,14.30487,846.0374,50.60212,10.04265,53.00704,101.41,7.351766,1.08407,-1.165889,0.131322,3.628103,0.2118041,0.001792669,4.81,147
"20210710181340",455.8016,84.25363,288.3172,395.9142,14.28955,842.7331,50.46447,9.97892,53.38931,101.413,7.333847,1.078447,-1.166056,0.1324039,3.613933,0.211228,0.00222826,4.49,154
"20210710181400",453.0497,83.55653,288.3567,395.5976,14.26718,839.6623,50.1756,9.960549,52.1568,101.4096,7.28957,1.069524,-1.164166,0.129475,3.600765,0.2100188,-0.004772663,4.14,158
"20210710181420",451.2413,83.11778,288.6634,395.9324,14.24722,836.9131,50.04228,9.856068,52.96274,101.4108,7.260472,1.063908,-1.159275,0.136081,3.588975,0.2094608,0.007138967,3.44,164
"20210710181440",450.2374,82.89094,288.7591,396.4814,14.23875,834.0682,49.80604,9.883694,54.96064,101.4091,7.24432,1.061004,-1.157607,0.1449662,3.576775,0.208472,0.003896475,4.15,164
"20210710181500",447.5526,82.50186,288.4262,396.3983,14.22847,826.4397,49.51816,9.890774,54.93202,101.4093,7.201121,1.056024,-1.160885,0.1445484,3.544062,0.207267,0.003848553,3.85,155
"20210710181520",443.0808,81.56933,289.0062,396.1897,14.21638,821.4552,49.19026,9.951542,55.1633,101.409,7.12917,1.044087,-1.153265,0.1424066,3.522686,0.2058945,0.003433466,4,144
"20210710181540",442.7085,81.5644,289.2356,396.7175,14.22343,819.3362,49.0696,9.970646,57.60405,101.4134,7.12318,1.044024,-1.151004,0.1497245,3.513599,0.2053895,0.001266956,3.89,163
"20210710181600",440.7788,81.20163,288.2403,395.8246,14.21739,816.8077,48.9629,10.05082,55.01775,101.4132,7.09213,1.039381,-1.162374,0.1368707,3.502756,0.2049429,-0.004371882,4.95,159
"20210710181620",441.6726,81.33247,288.1638,394.7476,14.18957,820.8184,49.23242,10.05601,52.58605,101.4097,7.106512,1.041056,-1.161511,0.1230159,3.519955,0.206071,0.002720356,4.87,157
"20210710181640",444.8748,81.9627,288.2801,394.8741,14.17304,826.2825,49.61432,9.954574,53.32132,101.4101,7.158035,1.049123,-1.159087,0.1262346,3.543387,0.2076695,0.001376629,4.36,163
"20210710181700",447.1706,82.32202,288.4423,395.0237,14.15772,830.4931,49.99996,9.827251,53.40134,101.4103,7.194975,1.053722,-1.156198,0.129701,3.561444,0.2092837,0.002246857,4.07,154
"20210710181720",448.0764,82.46083,288.3853,395.3357,14.13695,829.3523,49.8771,9.787537,54.75196,101.4105,7.209549,1.055499,-1.155554,0.1360293,3.556552,0.2087694,0.005571365,5,169
"20210710181740",445.1972,81.65443,288.2497,394.9254,14.1178,825.2211,49.58281,9.783684,55.02815,101.4146,7.163224,1.045177,-1.155938,0.1314395,3.538836,0.2075376,-0.001526594,5.02,160
"20210710181800",445.4519,81.76851,288.1757,394.6829,14.09442,827.043,49.71882,9.757507,55.49645,101.4146,7.167322,1.046637,-1.155328,0.1296936,3.546648,0.2081069,-0.002365351,4.24,149
"20210710181820",448.0238,82.21721,287.8507,395.2456,14.07769,832.1342,50.10035,9.749584,56.46409,101.4099,7.208702,1.05238,-1.158104,0.1394439,3.568482,0.2097039,-0.007399082,4.61,143
"20210710181840",450.6401,82.75049,287.9621,394.8632,14.04543,835.6572,50.32293,9.739781,55.16905,101.4103,7.250799,1.059206,-1.154742,0.1363201,3.583589,0.2106355,-0.002244234,3.56,160
"20210710181900",450.9084,82.78108,288.2047,396.1905,14.03536,836.891,50.44739,9.71407,58.07573,101.4091,7.255117,1.059598,-1.151237,0.1569586,3.58888,0.2111564,0.008108139,3.08,147
"20210710181920",454.3312,83.66191,288.4598,396.0636,14.02528,841.4726,50.86044,9.729473,57.64529,101.4076,7.31019,1.070872,-1.147584,0.1558738,3.608528,0.2128854,0.004950046,2.81,145
"20210710181940",453.8986,83.73779,288.1394,395.8181,14.02346,836.5691,50.73236,9.793579,56.66056,101.409,7.303228,1.071844,-1.151254,0.1523503,3.5875,0.2123493,0.007565737,4.28,134
"20210710182000",452.4559,83.37486,288.1348,395.4836,14.01721,836.3158,50.59058,9.838554,57.60691,101.4129,7.280015,1.067198,-1.150911,0.1478551,3.586414,0.2117558,-0.001902103,5.25,138
"20210710182020",450.8036,82.92008,288.6541,395.5813,14.01318,833.137,50.40751,9.889267,57.91829,101.4086,7.25343,1.061377,-1.144522,0.1496382,3.572782,0.2109895,0.002840996,4.61,145
"20210710182040",451.3375,83.25326,288.4926,395.5699,14.01802,835.1051,50.5146,9.992329,57.26648,101.4083,7.26202,1.065642,-1.146735,0.149081,3.581222,0.2114378,-0.009062529,3.12,146
"20210710182100",451.9419,83.28607,288.0242,395.564,14.02487,838.113,50.42902,10.03347,57.55822,101.4069,7.271745,1.066062,-1.152703,0.148442,3.59412,0.2110796,0.0008375645,5.43,141
"20210710182120",451.3642,83.15944,287.9354,394.8542,14.01802,835.1518,50.44024,9.990662,55.16012,101.4069,7.262451,1.064441,-1.153316,0.1383873,3.581422,0.2111265,0.0001118183,4.07,134
"20210710182140",450.1683,82.80057,287.7844,394.4903,14.0025,832.9015,50.32344,9.920639,54.82095,101.4075,7.243208,1.059847,-1.154117,0.1341956,3.571772,0.2106376,-0.007553578,4.23,134
"20210710182200",450.0853,82.7222,287.8623,394.5746,13.99141,832.1968,50.37988,9.843887,55.529,101.4116,7.241872,1.058844,-1.152492,0.1363463,3.56875,0.2108739,0.00315094,4.02,133
"20210710182220",448.9003,82.33131,288.0109,394.4576,13.97811,829.4683,50.13546,9.810597,55.21653,101.4108,7.222806,1.053841,-1.149894,0.1356617,3.557049,0.2098508,0.007449389,4.19,134
"20210710182240",447.3374,81.88439,287.7621,394.5808,13.95956,825.435,50.11487,9.824554,55.75815,101.4076,7.197658,1.04812,-1.151657,0.1389917,3.539753,0.2097646,-0.0007882118,3.96,131
"20210710182300",445.8039,81.62797,288.0944,395.0987,13.94827,824.3324,50.01847,9.779873,56.50677,101.4081,7.172985,1.044838,-1.147017,0.1476333,3.535025,0.2093611,0.00155282,2.95,137
"20210710182320",447.2898,82.21776,288.471,395.5663,13.9527,826.8039,50.08785,9.814614,56.26972,101.4084,7.196894,1.052387,-1.142849,0.1542654,3.545624,0.2096515,0.002332926,3.81,146
"20210710182340",446.8489,82.31346,287.7274,394.494,13.94545,826.6806,50.0528,9.855656,55.68134,101.4085,7.189799,1.053612,-1.151171,0.1388284,3.545094,0.2095048,-0.01016164,4.99,150
"20210710182400",448.425,82.69252,287.6705,394.6026,13.9398,828.9595,50.22806,9.849819,57.21588,101.4123,7.215159,1.058464,-1.151486,0.1409033,3.554867,0.2102384,0.002092361,3.57,143
"20210710182420",449.3318,82.91465,287.7749,395.2025,13.93517,830.1854,50.26729,9.86639,56.01,101.4155,7.229748,1.061308,-1.14996,0.1502348,3.560124,0.2104026,-0.001074553,3.59,144
"20210710182440",449.3695,82.96378,288.1142,395.007,13.92851,830.35,50.30324,9.874512,54.61069,101.4112,7.230355,1.061936,-1.145531,0.1478464,3.56083,0.2105531,0.003959417,3.45,151
"20210710182500",449.7726,83.14258,287.8911,395.0773,13.92307,831.5186,50.4455,9.912026,54.04701,101.4117,7.236842,1.064225,-1.14782,0.1493349,3.565842,0.2111486,-0.00749445,3.27,154
"20210710182520",452.325,83.83836,287.6545,395.2252,13.92448,835.053,50.68947,9.857227,54.36211,101.4121,7.27791,1.073131,-1.150703,0.1514323,3.580998,0.2121697,0.006113052,5,150
"20210710182540",452.1365,83.75585,287.4834,394.4592,13.91561,834.2161,50.67408,9.848438,54.36938,101.4129,7.274877,1.072075,-1.152163,0.1406972,3.577409,0.2121053,-0.007059098,4.73,158
"20210710182600",451.409,83.6239,287.5184,394.2154,13.9013,834.9524,50.82386,9.783741,52.75608,101.414,7.26317,1.070386,-1.150844,0.1382019,3.580567,0.2127322,-0.008651495,3.89,158
"20210710182620",453.4711,84.12567,287.7325,394.4694,13.88699,838.3477,51.01312,9.692982,52.66576,101.4169,7.29635,1.076809,-1.147408,0.1431447,3.595127,0.2135244,0.002146721,3.69,157
"20210710182640",454.014,84.34469,287.8076,395.1884,13.87913,838.4464,51.03745,9.618736,54.10488,101.4137,7.305086,1.079612,-1.146023,0.1545165,3.59555,0.2136263,-0.002432823,3.35,164
"20210710182700",454.2066,84.58742,288.1622,395.8505,13.87933,838.2728,51.13373,9.681496,55.6774,101.4131,7.308185,1.082719,-1.141848,0.1643916,3.594806,0.2140293,0.004260302,2.87,162
"20210710182720",454.1035,84.86633,288.6969,397.3306,13.90231,834.8029,51.07518,9.746799,57.4912,101.414,7.306526,1.086289,-1.136989,0.1846623,3.579926,0.2137842,0.009920597,1.37,154
"20210710182740",454.3397,85.21286,287.917,396.4442,13.91944,837.0138,51.11971,9.838306,54.24129,101.4126,7.310326,1.090725,-1.147284,0.1700487,3.589407,0.2139706,0.0001354218,2.99,151
"20210710182800",453.3884,85.03342,287.756,396.7714,13.93396,835.3914,51.01647,9.885598,56.10585,101.4125,7.29502,1.088428,-1.150106,0.1737711,3.58245,0.2135385,0.003883839,3.58,143
"20210710182820",453.0879,84.85166,287.7301,396.0652,13.94827,835.1213,51.00002,9.905582,55.64963,101.4154,7.290184,1.086101,-1.151319,0.1620727,3.581291,0.2134696,-0.004396438,4.59,140
"20210710182840",452.1448,84.47068,287.6279,395.3604,13.94505,833.0735,50.98324,9.832802,54.26953,101.4163,7.275009,1.081225,-1.152321,0.1518033,3.57251,0.2133994,-0.002880573,3.72,141
"20210710182900",450.7175,84.06875,287.9066,395.8082,13.94444,830.9026,50.94944,9.75573,54.91448,101.4125,7.252044,1.07608,-1.148991,0.1585434,3.5632,0.2132579,0.008841753,2.34,138
"20210710182920",450.5056,83.99255,287.5156,395.5125,13.94162,830.4432,50.90899,9.71267,54.23707,101.413,7.248635,1.075105,-1.153431,0.1543497,3.56123,0.2130886,0.002012253,3.3,138
"20210710182940",450.1268,83.91474,287.8555,395.4131,13.9388,829.6621,51.03555,9.657578,55.80794,101.4123,7.242541,1.074109,-1.149236,0.1530924,3.55788,0.2136183,0.003406525,3.39,157
"20210710183000",449.2159,83.83975,288.0759,396.1038,13.94464,828.5596,50.84815,9.669857,58.10213,101.4133,7.227884,1.073149,-1.147005,0.1629423,3.553152,0.2128339,0.006374836,3.04,155
"20210710183020",449.3427,84.01446,287.7943,396.4652,13.96137,828.8186,50.83184,9.813316,59.76048,101.4134,7.229924,1.075385,-1.151391,0.1669993,3.554263,0.2127656,-0.000711441,3.92,158
"20210710183040",448.8244,83.91737,287.8126,395.2929,13.95613,827.4411,50.85092,9.831047,55.83798,101.4134,7.221585,1.074142,-1.150844,0.1499034,3.548356,0.2128455,-0.002868891,3.99,153
"20210710183100",448.0191,83.8826,288.0578,395.716,13.9517,826.8371,50.86975,9.780888,55.0267,101.415,7.208626,1.073697,-1.147665,0.1565815,3.545766,0.2129243,0.0005278587,2.94,145
"20210710183120",447.8089,83.79302,287.5375,395.7892,13.94726,825.5287,50.8491,9.743721,54.0001,101.4181,7.205246,1.072551,-1.15353,0.1580308,3.540155,0.2128379,-0.001253128,2.98,143
"20210710183140",446.7231,83.66033,287.8836,396.2938,13.94343,824.2986,50.81894,9.684147,54.26304,101.4195,7.187774,1.070852,-1.149199,0.165878,3.53488,0.2127116,0.0001721382,3,142
"20210710183200",446.1847,83.5366,287.871,396.4748,13.94283,821.293,50.74099,9.700413,55.18468,101.4144,7.179112,1.069269,-1.149312,0.1686277,3.52199,0.2123854,0.00718379,3.21,153
"20210710183220",446.3328,83.72359,288.1677,396.7434,13.94988,821.9095,50.78651,9.685535,56.41208,101.4156,7.181496,1.071662,-1.146254,0.1720764,3.524634,0.2125759,0.005250216,2.79,149
"20210710183240",445.5176,83.89448,288.1021,397.2846,13.97165,820.3126,50.73659,9.76997,57.31664,101.4147,7.168378,1.073849,-1.148408,0.1784158,3.517786,0.212367,-0.0004150867,3.43,154
"20210710183300",445.5676,84.02706,287.9037,396.9634,13.99,821.8787,50.7198,9.807198,56.69116,101.4156,7.169182,1.075546,-1.151913,0.1721463,3.524502,0.2122967,-0.001687527,3.39,154
"20210710183320",445.1825,83.84461,287.6005,395.9828,13.99564,819.9706,50.70374,9.868526,56.19328,101.4145,7.162986,1.073211,-1.155852,0.1570435,3.516319,0.2122295,0.004000187,3.72,144
"20210710183340",444.8223,83.52878,288.1834,396.0597,13.99867,818.1224,50.69264,9.818322,55.69288,101.4191,7.15719,1.069168,-1.14916,0.1579505,3.508394,0.212183,-0.003799438,3.88,143
"20210710183400",444.3175,83.29712,287.7458,395.9103,14.00129,817.027,50.57192,9.854328,56.33026,101.4153,7.149069,1.066203,-1.154495,0.1555083,3.503696,0.2116777,-0.004045725,3.62,143
"20210710183420",443.0149,82.94677,287.5572,395.8991,14.00129,816.1248,50.40663,9.808281,54.71175,101.4151,7.12811,1.061719,-1.156722,0.1553415,3.499828,0.2109859,-0.005766153,3.31,146
"20210710183440",442.5832,82.84097,288.0055,396.3387,14.0023,814.8783,50.45771,9.813706,54.70246,101.4155,7.121164,1.060364,-1.151491,0.1618272,3.494482,0.2111997,0.004374742,2.62,158
"20210710183500",443.0739,83.00725,287.7992,395.8139,14.00854,816.2478,50.52309,9.769989,55.58311,101.4143,7.129059,1.062493,-1.154325,0.1534842,3.500355,0.2114733,0.002638102,4.43,147
"20210710183520",442.2194,82.78194,287.5715,394.9492,14.0027,815.3382,50.44563,9.822998,53.513,101.4145,7.115311,1.059609,-1.156642,0.1410358,3.496454,0.2111491,-0.0007777214,4.58,146
"20210710183540",442.1179,82.58779,287.3179,394.6424,13.99564,814.5882,50.49673,9.76445,53.75162,101.4189,7.113677,1.057124,-1.15919,0.1370176,3.493238,0.211363,-0.006483316,4.88,137
"20210710183600",441.067,82.19741,287.1427,394.5473,13.97689,812.4846,50.53578,9.754086,53.71515,101.4211,7.096768,1.052127,-1.160071,0.1371002,3.484217,0.2115264,0.000711441,3.03,140
"20210710183620",440.038,81.97971,287.3475,394.9424,13.95976,810.4897,50.48502,9.69421,53.10107,101.4166,7.080212,1.04934,-1.156565,0.1443789,3.475662,0.211314,-0.001932144,2.68,134
"20210710183640",440.1266,82.19844,287.5387,395.5403,13.94988,812.9998,50.46823,9.669254,53.01917,101.4167,7.081638,1.05214,-1.153683,0.1541019,3.486426,0.2112437,-0.0007433891,3.12,135
"20210710183700",440.1164,82.27294,287.5189,395.8799,13.94605,810.7313,50.51914,9.671051,55.63036,101.4158,7.081474,1.053094,-1.153673,0.1594832,3.476698,0.2114568,-0.002790928,3.12,153
"20210710183720",439.4564,82.25892,287.397,395.2133,13.93577,809.8876,50.52984,9.66922,53.66247,101.415,7.070854,1.052914,-1.15446,0.1503491,3.47308,0.2115015,0.004344225,3.41,144
"20210710183740",438.515,82.08762,287.6978,395.16,13.92751,808.5516,50.38552,9.642311,54.34046,101.4164,7.055706,1.050722,-1.150385,0.1502128,3.467351,0.2108975,0.00351119,3.56,140
"20210710183800",437.5958,81.97885,287.4893,395.5654,13.91682,805.7493,50.28145,9.65437,55.60808,101.4186,7.040918,1.049329,-1.152169,0.1571283,3.455334,0.2104619,0.0003759861,2.71,150
"20210710183820",437.8173,82.15621,287.9196,395.5261,13.91259,807.4372,50.30966,9.65086,55.14493,101.4137,7.04448,1.0516,-1.146821,0.1568784,3.462572,0.2105799,0.005486965,2.93,132
"20210710183840",437.6558,82.34264,287.9699,396.2509,13.92065,804.4494,50.09882,9.739814,56.10156,101.4148,7.041882,1.053986,-1.146737,0.1670626,3.449759,0.2096975,0.003861904,3.02,150
"20210710183900",436.8186,82.23114,287.8215,395.7134,13.91642,804.4959,49.9866,9.717884,53.95521,101.4139,7.028412,1.052559,-1.14822,0.1593721,3.449959,0.2092277,0.006047249,2.35,139
"20210710183920",436.0526,82.0679,288.4423,396.1626,13.92529,801.3943,49.79472,9.762554,56.12636,101.4133,7.016086,1.050469,-1.141452,0.1653709,3.436658,0.2084246,-0.0003643036,3.3,140
"20210710183940",435.1742,82.15341,288.3307,396.6878,13.94908,800.0354,49.6963,9.873444,58.18202,101.4145,7.001954,1.051564,-1.144276,0.1713117,3.43083,0.2080127,0.007020474,3.25,139
"20210710184000",432.7617,81.7609,287.9307,396.0946,13.96077,794.8294,49.3385,9.945954,53.89596,101.4182,6.963136,1.046539,-1.149741,0.1615112,3.408506,0.206515,0.006525516,3.11,140
"20210710184020",428.6342,80.94648,288.0821,396.3369,13.97367,786.626,48.79536,9.962623,54.88194,101.4145,6.896725,1.036115,-1.148772,0.1640969,3.373326,0.2042416,0.001321793,2.46,127
"20210710184040",419.0427,78.84154,288.041,396.7547,13.99484,770.172,47.65532,9.965912,56.21982,101.4134,6.742396,1.009172,-1.150601,0.1686398,3.302766,0.1994697,0.004353285,2.22,134
"20210710184100",397.8496,74.00997,287.8832,396.4671,14.00189,731.4035,45.2472,10.0273,55.86609,101.4124,6.4014,0.9473276,-1.15291,0.1637773,3.136513,0.1893902,-0.009302139,2.64,124
"20210710184120",420.3288,79.30798,288.1047,396.2357,14.00995,791.6726,49.2118,10.03933,54.75566,101.4123,6.763091,1.015142,-1.150806,0.1596734,3.394968,0.2059847,0.0007977486,2.61,127
"20210710184140",417.1612,78.3822,288.2996,397.0176,14.03858,759.3618,47.03366,9.982288,57.00516,101.413,6.712124,1.003292,-1.15032,0.1690575,3.256408,0.1968677,0.01035023,3.29,142
"20210710184200",408.7732,76.62034,288.0193,395.8678,14.04483,746.9656,46.29722,9.981823,55.08152,101.416,6.577161,0.9807405,-1.154027,0.1513782,3.203249,0.1937852,0.006280899,2.87,141
"20210710184220",393.9578,73.30699,288.3424,396.1842,14.06176,723.2486,44.76614,10.00992,56.40488,101.4162,6.338781,0.9383295,-1.151286,0.1547447,3.101542,0.1873766,0.006088972,2.69,148
"20210710184240",425.1591,80.71266,288.2059,396.4225,14.08555,796.5732,49.6539,10.06894,59.62778,101.4134,6.84081,1.033122,-1.154407,0.1563974,3.415984,0.2078352,0.0005955696,3.74,154
"20210710184300",435.0828,82.43637,288.0988,396.3298,14.10611,798.1443,49.7775,10.1474,59.51689,101.4127,7.000482,1.055186,-1.156978,0.1533594,3.422721,0.2083525,-0.001977682,3.28,127
"20210710184320",433.0951,81.74926,287.7399,395.6386,14.10087,796.8726,49.72637,10.16142,56.44569,101.4123,6.968501,1.046391,-1.160883,0.1434549,3.417267,0.2081385,-0.002073288,3.35,134
"20210710184340",431.9545,81.38314,288.1191,395.9185,14.10571,796.6542,49.64092,10.06045,58.05637,101.4106,6.950148,1.041704,-1.156712,0.1472477,3.416331,0.2077808,-0.001383543,3.64,142
"20210710184400",430.8278,81.11406,288.2989,395.602,14.10631,793.9274,49.57282,10.01606,57.11552,101.4126,6.932019,1.03826,-1.154627,0.1424708,3.404638,0.2074958,0.007065773,2.93,133
"20210710184420",430.3774,80.88695,288.4592,395.5412,14.10248,793.0465,49.39604,10.01767,55.9866,101.416,6.924772,1.035353,-1.152491,0.1418714,3.40086,0.2067559,0.004000425,3.2,142
"20210710184440",429.8246,80.88181,287.9786,395.5918,14.10914,792.7625,49.39148,10.05738,56.85779,101.4124,6.915877,1.035287,-1.158589,0.1420928,3.399642,0.2067367,-0.007471562,3.97,131
"20210710184500",429.2386,80.70859,288.3303,395.3144,14.10389,792.3998,49.3223,10.03152,55.76277,101.4125,6.90645,1.03307,-1.154103,0.1383684,3.398086,0.2064472,0.0008511543,3.53,154
"20210710184520",429.3518,80.7327,288.3255,395.6578,14.10712,790.7323,49.29924,9.985256,55.17533,101.4122,6.90827,1.033379,-1.154364,0.1432399,3.390936,0.2063507,-0.005959988,2.95,132
"20210710184540",428.78,80.78438,288.4894,396.2414,14.11438,788.7378,49.22832,10.00132,54.52058,101.411,6.89907,1.03404,-1.15289,0.151375,3.382382,0.2060538,0.005129814,3.27,162
"20210710184600",428.1619,80.87228,288.1552,396.1171,14.12163,787.9347,49.18346,10.07034,54.92331,101.4141,6.889126,1.035165,-1.157298,0.1489344,3.378939,0.205866,-0.001451016,3.58,146
"20210710184620",427.9446,80.71065,288.1122,395.7057,14.11881,789.2978,49.13995,10.06478,53.40264,101.4173,6.885628,1.033096,-1.157625,0.1430168,3.384784,0.2056839,-0.001412869,3.44,128
"20210710184640",427.5,80.40248,288.5759,395.5924,14.11176,786.9126,49.07832,10.05772,53.15684,101.4176,6.878474,1.029152,-1.151702,0.1418906,3.374556,0.2054259,0.002708435,3.48,140
"20210710184700",427.2861,80.52681,288.9992,396.81,14.13171,787.5516,49.14159,10.11588,55.87474,101.4146,6.875033,1.030743,-1.14797,0.1584777,3.377296,0.2056908,0.004348278,2.5,144
"20210710184720",427.0744,80.91088,288.3414,397.1674,14.15913,785.8436,49.12726,10.22884,57.33671,101.4135,6.871627,1.035659,-1.157479,0.1616158,3.369971,0.2056308,-0.0004966259,2.69,125
"20210710184740",426.5629,80.77239,287.8784,396.3757,14.16699,783.995,49.06534,10.26109,52.37292,101.4154,6.863398,1.033887,-1.163447,0.1491552,3.362044,0.2053716,-0.004791021,3.02,136
"20210710184800",425.7501,80.56294,288.3161,396.2847,14.16256,783.7482,49.14116,10.21414,51.11982,101.4151,6.850319,1.031206,-1.157997,0.1481501,3.360986,0.205689,0.001640558,3.01,145
"20210710184820",424.8072,80.45631,288.39,397.1172,14.17868,783.3147,48.98669,10.18705,55.31764,101.4163,6.835147,1.029841,-1.158148,0.1592923,3.359126,0.2050424,-0.0002112389,2.19,116
"20210710184840",424.6722,80.4683,288.1724,396.0499,14.18211,780.7098,49.00037,10.20264,55.28653,101.4185,6.832976,1.029994,-1.160935,0.143073,3.347956,0.2050997,-0.002354622,2.36,117
"20210710184900",423.9688,80.25506,288.3144,396.5774,14.18715,779.8047,48.98662,10.18957,55.76521,101.4146,6.821658,1.027265,-1.159578,0.150549,3.344074,0.2050421,-0.01448703,3.3,129
"20210710184920",423.6409,80.15867,288.342,396.2005,14.18433,780.3314,48.92652,10.16039,55.00572,101.4147,6.816382,1.026031,-1.159074,0.1451438,3.346333,0.2047906,0.0009887218,3.44,129
"20210710184940",423.0513,80.15322,288.5561,396.4721,14.18675,778.6351,48.8413,10.09437,56.02281,101.4132,6.806894,1.025961,-1.156698,0.1490084,3.339059,0.2044339,-0.0005967617,2.51,126
"20210710185000",422.3027,79.95412,288.1662,396.2788,14.18533,776.865,48.75533,10.09106,55.02157,101.4153,6.794851,1.023413,-1.161214,0.1462327,3.331468,0.2040741,0.00349927,3.07,127
"20210710185020",421.8229,79.80249,288.1495,396.0268,14.1815,775.5951,48.80001,10.0647,54.03361,101.414,6.78713,1.021472,-1.161166,0.1427768,3.326022,0.2042611,0.006733656,2.64,142
"20210710185040",421.4284,79.85586,288.4282,396.0765,14.18029,775.7411,48.78438,10.06432,54.05058,101.4173,6.780784,1.022155,-1.157799,0.143615,3.326648,0.2041956,0.001645088,3.08,139
"20210710185100",421.5015,79.91564,288.3576,396.2816,14.18412,776.7138,48.74818,10.06092,55.56546,101.4149,6.781958,1.02292,-1.158875,0.1463725,3.330819,0.2040441,-0.00240469,3.48,143
"20210710185120",421.4565,79.94657,288.5586,396.3488,14.18957,774.7645,48.78344,10.08353,55.03512,101.4138,6.781235,1.023316,-1.156848,0.1469376,3.32246,0.2041917,-0.007650614,3.55,124
"20210710185140",421.5563,80.08453,289.0015,397.3038,14.2067,775.0366,48.76442,10.11531,55.5271,101.4139,6.782841,1.025082,-1.152706,0.1598282,3.323627,0.2041121,0.00740695,2.75,149
"20210710185200",422.3794,80.31695,288.2631,396.4152,14.2196,772.5848,48.70394,10.19376,55.42937,101.4127,6.796085,1.028057,-1.162247,0.1455151,3.313113,0.203859,0.001779556,4.13,129
"20210710185220",401.0776,75.19718,287.9515,395.1391,14.22041,722.4259,45.2457,10.23304,53.80744,101.4133,6.45334,0.9625238,-1.165978,0.1263867,3.098014,0.1893839,0.0004930496,3.85,143
"20210710185240",375.2959,70.19982,288.0197,394.4124,14.21678,713.1078,44.88408,10.15673,52.40259,101.4168,6.038511,0.8985577,-1.164942,0.115821,3.058054,0.1878702,0.001013756,3.15,149
"20210710185300",412.0303,78.2153,288.0606,394.4562,14.20912,764.3865,48.18356,10.13978,54.645,101.4169,6.629567,1.001156,-1.163971,0.1170912,3.277956,0.2016808,-0.00396204,4.59,150
"20210710185320",417.6484,79.19232,287.9342,394.5214,14.20267,770.065,48.52576,10.12794,54.59852,101.4131,6.719962,1.013662,-1.165055,0.1185846,3.302307,0.2031131,-0.003880978,4.73,128
"20210710185340",418.1351,78.965,288.0445,393.9382,14.1811,770.2218,48.5125,10.02074,50.67963,101.4129,6.727794,1.010752,-1.162382,0.1116047,3.302979,0.2030576,-0.002130032,3.9,122
"20210710185400",415.8049,78.38853,287.872,394.2392,14.16639,763.7433,48.18458,9.910774,51.12961,101.4151,6.6903,1.003373,-1.163484,0.1172845,3.275198,0.2016851,-0.000360012,2.78,140
"20210710185420",404.0698,75.84638,288.0448,395.146,14.15449,738.5358,46.42779,9.840126,53.32897,101.4152,6.501484,0.9708336,-1.160688,0.1317892,3.167099,0.1943317,0.001140833,2.87,145
"20210710185440",407.9343,77.24786,288.0791,395.4395,14.15207,759.9821,48.03468,9.896641,55.66337,101.416,6.563664,0.9887727,-1.160129,0.1363671,3.259068,0.2010576,-0.004335165,3.59,143
"20210710185500",415.567,79.03615,288.3735,395.3162,14.14542,764.6274,48.33242,9.934025,54.171,101.4192,6.686474,1.011663,-1.15623,0.1350605,3.278989,0.2023039,0.0004987716,2.51,147
"20210710185520",416.41,79.34688,288.7001,396.0174,14.1555,764.7033,48.34069,9.953762,55.38282,101.4145,6.700036,1.01564,-1.153012,0.1447265,3.279314,0.2023385,0.0003643036,3.81,152
"20210710185540",415.6298,79.21194,288.0517,395.2894,14.15469,763.4808,48.3295,10.0095,54.7308,101.4149,6.687484,1.013913,-1.16062,0.1339142,3.274072,0.2022917,0.006092072,2.73,140
"20210710185600",414.7448,78.98523,287.6776,394.9552,14.15469,762.0658,48.37831,10.04973,53.18736,101.4164,6.673244,1.011011,-1.165038,0.1289212,3.268004,0.2024959,-0.0002918243,3.86,152
"20210710185620",413.0046,78.49634,287.656,394.3026,14.13998,760.1402,48.24833,10.03058,51.24634,101.4163,6.645244,1.004753,-1.164358,0.1203523,3.259746,0.2019519,-0.003215313,3.37,158
"20210710185640",412.8482,78.4355,287.9678,394.7928,14.12869,759.4526,48.22531,9.949581,53.39734,101.4156,6.642727,1.003974,-1.159959,0.1285833,3.256797,0.2018555,0.005482674,2.43,162
"20210710185700",413.329,78.62738,287.8886,394.9443,14.12808,760.1024,48.20182,9.99527,54.09905,101.4205,6.650464,1.00643,-1.160855,0.130896,3.259584,0.2017572,-0.001955986,2.69,136
"20210710185720",412.6856,78.72126,288.048,395.3576,14.13312,758.5002,48.12307,10.01571,54.08196,101.4212,6.640112,1.007632,-1.159293,0.1366664,3.252713,0.2014276,-0.003113747,2.63,152
"20210710185740",413.0739,78.78582,288.0291,395.9362,14.14139,759.2932,48.05704,10.05886,54.94172,101.417,6.646359,1.008458,-1.160042,0.1446454,3.256114,0.2011512,-0.003408909,4.23,129
"20210710185800",412.771,78.83797,287.838,394.819,14.13655,758.9216,48.10938,10.04976,53.23038,101.4164,6.641486,1.009126,-1.16199,0.1283443,3.25452,0.2013703,0.0007259846,4.54,130
"20210710185820",411.9665,78.27596,287.6441,394.1391,14.12325,756.0288,47.92714,10.03891,53.24078,101.4191,6.62854,1.001932,-1.163436,0.1192539,3.242115,0.2006075,-0.0002179146,3.19,151
"20210710185840",410.7604,77.98145,287.4576,394.4462,14.11841,754.9106,47.86788,10.03969,54.15098,101.4167,6.609135,0.9981625,-1.165332,0.1242311,3.23732,0.2003594,-0.009387254,3.79,131
"20210710185900",407.1745,77.09762,287.391,394.2862,14.10551,746.0341,47.28744,10.0072,52.60702,101.4238,6.551438,0.9868496,-1.165298,0.1228773,3.199254,0.1979299,0.005089998,3.1,152
"20210710185920",404.3883,76.618,287.5978,394.0483,14.08495,744.5838,47.30234,9.942806,51.28932,101.4248,6.506608,0.9807103,-1.161551,0.1209749,3.193035,0.1979923,0.0004389286,3.02,152
"20210710185940",404.4527,76.63486,287.5572,393.822,14.0666,745.1477,47.24445,9.851276,51.09186,101.4244,6.507644,0.9809262,-1.160865,0.1190683,3.195453,0.19775,4.649162e-05,3.34,157
"20210710190000",405.6386,77.05553,287.6341,394.1218,14.04604,745.9386,47.35008,9.813854,52.21389,101.425,6.526725,0.9863107,-1.158653,0.1251945,3.198845,0.1981921,-0.004786253,2.07,158
"20210710190020",403.7133,76.94787,287.8703,394.4157,14.03072,742.7407,47.18168,9.718281,51.27862,101.421,6.495748,0.9849328,-1.154892,0.1308157,3.185131,0.1974872,-6.151199e-05,2.12,149
"20210710190040",400.4786,76.50996,287.76,395.1117,14.01883,733.6448,46.53405,9.726509,52.42621,101.4219,6.443701,0.9793274,-1.15544,0.1421692,3.146124,0.1947765,0.00395298,1.87,153
"20210710190100",389.6615,74.35306,287.8822,395.2714,14.01721,713.3884,45.20623,9.687821,54.07998,101.4269,6.269653,0.9517191,-1.153894,0.1446849,3.059258,0.1892187,-0.000870943,2.03,158
"20210710190120",384.1083,73.4341,287.8594,395.3816,14.016,712.9347,45.24127,9.772987,56.56501,101.4254,6.180302,0.9399565,-1.154086,0.1464296,3.057313,0.1893653,0.01381278,3.21,143
"20210710190140",384.4758,73.38178,287.2121,394.1834,14.00109,701.0326,44.37969,9.800823,53.5975,101.4221,6.186216,0.9392869,-1.160786,0.1297223,3.006272,0.185759,0.002427578,2.53,132
"20210710190200",367.0727,69.53151,287.2643,394.044,13.97689,677.2334,42.91781,9.797894,52.02983,101.4219,5.906199,0.8900034,-1.158634,0.1295813,2.904213,0.1796401,0.0004117489,1.95,142
"20210710190220",379.7018,72.75018,287.6208,394.3315,13.96218,708.0076,45.0437,9.69019,51.93231,101.4209,6.109401,0.9312023,-1.153492,0.1350561,3.036183,0.1885384,0.008271456,1.63,141
"20210710190240",390.2278,75.13545,287.8751,395.1193,13.96016,720.7975,45.88073,9.69817,53.74457,101.4202,6.278765,0.9617337,-1.150361,0.1469874,3.091031,0.1920419,0.005163908,1.88,148
"20210710190300",393.7142,76.07335,288.015,395.5844,13.95996,726.5851,46.30948,9.70863,54.80192,101.4223,6.334861,0.9737389,-1.148696,0.1539522,3.11585,0.1938365,0.00611043,1.68,168
"20210710190320",398.1782,77.25335,287.9475,395.5806,13.96944,733.5264,46.81223,9.767402,53.70548,101.4225,6.406687,0.9888429,-1.150093,0.1531383,3.145617,0.1959409,0.0006203651,1.97,165
"20210710190340",405.1473,78.99985,287.8604,395.0819,13.97488,744.2891,47.54027,9.793049,53.07793,101.4181,6.51882,1.011198,-1.151467,0.1452488,3.191771,0.1989882,-0.006679535,1.9,154
"20210710190400",406.3915,79.30441,287.9683,395.1768,13.97689,742.9451,47.51831,9.807415,53.04227,101.4181,6.538839,1.015096,-1.150321,0.1465053,3.186008,0.1988963,-0.002706766,1.89,179
"20210710190420",402.1841,78.29214,288.2199,395.6953,13.98879,733.5486,46.87513,9.797989,54.47605,101.417,6.471143,1.002139,-1.148104,0.1532969,3.145712,0.1962041,-0.001624584,2.84,161
"20210710190440",395.3795,76.64601,287.9942,394.9979,13.99161,724.6077,46.26002,9.810818,55.29887,101.4166,6.361656,0.981069,-1.150947,0.1426525,3.10737,0.1936295,0.002359152,2.96,153
"20210710190500",390.8274,75.44686,287.998,394.6826,13.98939,716.7451,45.76667,9.78143,54.54302,101.4155,6.288413,0.9657198,-1.150762,0.1381212,3.073653,0.1915645,-0.003546715,3.51,148
"20210710190520",377.0073,72.16916,287.6937,394.0815,13.99,688.3869,43.84927,9.841164,54.6692,101.4192,6.066047,0.9237653,-1.154394,0.1290913,2.952043,0.1835389,-0.004973412,3.32,132
"20210710190540",377.1304,72.12799,287.4274,393.4916,13.97911,696.9678,44.52225,9.809738,53.71152,101.418,6.068028,0.9232382,-1.15685,0.1211487,2.988841,0.1863557,0.004401922,2.44,139
"20210710190600",380.6646,73.11587,287.6129,393.9921,13.97246,700.859,44.90466,9.840763,53.78834,101.4159,6.124893,0.9358832,-1.154238,0.1291608,3.005528,0.1879564,0.000118494,1.67,138
"20210710190620",387.6062,74.9939,287.8903,394.883,13.96984,718.3001,46.00542,9.811432,53.93919,101.4152,6.236584,0.959922,-1.150795,0.142681,3.080321,0.1925638,-0.001716137,1.09,158
"20210710190640",394.8415,76.75259,288.0239,395.6239,13.9775,726.2102,46.51914,9.807888,54.87516,101.4157,6.352999,0.9824332,-1.149702,0.1531355,3.114243,0.1947141,0.004414558,2.76,151
"20210710190700",393.9665,76.58094,287.8023,394.6416,13.96944,722.2551,46.27634,9.81477,51.7814,101.4141,6.33892,0.9802361,-1.151807,0.1391091,3.097282,0.1936978,0.001314402,1.93,161
"20210710190720",392.6715,76.25232,287.9865,395.2002,13.97508,724.1474,46.42413,9.81511,53.79614,101.4181,6.318085,0.9760298,-1.149989,0.1470025,3.105397,0.1943164,0.003347397,1.85,170
"20210710190740",399.3285,77.84955,288.0604,395.6015,13.98899,732.2221,47.06105,9.848164,54.87312,101.4175,6.425195,0.9964743,-1.15,0.1518812,3.140024,0.1969823,0.005157232,1.67,166
"20210710190800",401.6293,78.40157,287.9846,395.6696,14.00149,736.3434,47.27952,9.912125,53.39819,101.413,6.462215,1.00354,-1.151687,0.1518939,3.157697,0.1978968,0.001666546,1.89,189
"20210710190820",402.1058,78.54103,288.0125,395.6109,14.01439,736.2973,47.31698,9.931874,52.55582,101.4128,6.469882,1.005325,-1.152176,0.1499843,3.157499,0.1980536,0.002549887,2.07,170
"20210710190840",401.6803,78.37774,287.7995,394.9997,14.01862,734.4719,47.22483,9.887924,53.24934,101.4127,6.463036,1.003235,-1.15496,0.1405122,3.149672,0.1976679,0.007940054,2.89,167
"20210710190900",400.4044,78.18536,287.9803,394.6794,14.02145,732.548,47.11373,9.862335,54.70116,101.413,6.442507,1.000773,-1.153004,0.135499,3.141421,0.1972028,0.004042387,2.62,164
"20210710190920",399.8601,78.06549,288.1943,394.7736,14.02709,732.1562,47.08532,9.882286,54.1395,101.4158,6.43375,0.9992384,-1.150836,0.1364542,3.139741,0.1970839,0.005942345,2.87,163
"20210710190940",399.4728,77.90614,287.8233,394.945,14.02991,730.9208,47.09765,9.864567,54.68511,101.4183,6.427517,0.9971986,-1.155394,0.1387887,3.134443,0.1971355,-0.002079725,2.46,145
"20210710191000",391.3565,76.10824,288.0325,395.0905,14.03294,714.4023,45.99738,9.891102,52.83101,101.4142,6.296926,0.9741854,-1.153116,0.1407204,3.063606,0.1925301,-0.004297256,2.01,159
"20210710191020",392.5326,76.7043,288.1075,395.4739,14.04564,722.4553,46.49722,9.916905,54.26304,101.4151,6.315849,0.9818151,-1.153036,0.1454296,3.09814,0.1946223,-0.006509781,1.97,167
"20210710191040",394.8839,77.33465,288.1739,395.518,14.05007,725.1014,46.77532,9.897141,53.40104,101.4145,6.353682,0.9898835,-1.152534,0.1457313,3.109488,0.1957864,0.001769304,1.96,159
"20210710191100",396.6239,77.75321,288.236,396.0614,14.0668,726.0074,46.86288,9.919502,54.67886,101.4157,6.381678,0.9952412,-1.152862,0.1525076,3.113373,0.1961529,0.002634048,2.21,174
"20210710191120",396.926,77.73122,288.3084,395.8074,14.07728,726.9038,46.85971,9.955994,55.17342,101.4161,6.38654,0.9949597,-1.152672,0.147871,3.117217,0.1961396,0.006457329,2.11,161
"20210710191140",396.0784,77.46989,288.2191,396.1407,14.0918,725.1489,46.80146,10.0003,56.96619,101.4203,6.372902,0.9916146,-1.154648,0.1516846,3.109691,0.1958958,0.003100157,2.09,137
"20210710191200",395.8943,77.58591,288.4621,396.7608,14.11377,724.8943,46.81226,10.05822,56.85973,101.4193,6.369939,0.9930998,-1.153173,0.1591848,3.1086,0.195941,0.001686811,1.58,164
"20210710191220",395.5821,77.62938,287.9902,396.3408,14.14078,723.6814,46.75587,10.14208,54.80645,101.4158,6.364916,0.9936562,-1.160462,0.1507391,3.103398,0.195705,-0.003977537,1.78,147
"20210710191240",394.9601,77.57996,287.876,395.5919,14.14683,722.4394,46.72613,10.11441,52.02012,101.4153,6.354908,0.9930234,-1.162194,0.1390663,3.098072,0.1955805,0.0002849102,1.67,139
"20210710191300",393.7256,77.49194,288.1589,396.0218,14.14784,720.8312,46.68677,10.06274,52.08692,101.4142,6.335044,0.9918969,-1.158917,0.145407,3.091175,0.1954157,-0.002417088,1.77,135
"20210710191320",393.647,77.48556,288.3894,396.6445,14.15933,721.0974,46.63379,10.02099,54.399,101.4142,6.333779,0.9918152,-1.156925,0.1537866,3.092317,0.195194,0.004995346,2.03,146
"20210710191340",392.7353,77.27146,288.2493,396.0884,14.16679,718.9358,46.5844,10.03799,54.29362,101.4169,6.319111,0.9890746,-1.159053,0.1448795,3.083047,0.1949872,0.001824856,1.88,144
"20210710191400",392.4912,77.24694,288.388,396.4348,14.17042,719.0723,46.687,10.01428,53.05767,101.4178,6.315183,0.9887609,-1.157646,0.1497629,3.083633,0.1954167,0.00198698,1.52,146
"20210710191420",392.0072,77.33707,288.832,397.2511,14.18433,718.2676,46.61713,10.04482,54.83525,101.413,6.307396,0.9899146,-1.153286,0.1608399,3.080182,0.1951242,0.01196051,1.45,121
"20210710191440",392.1829,77.35672,288.6525,397.2695,14.20186,717.8438,46.61616,10.0751,55.05815,101.4109,6.310222,0.9901661,-1.156521,0.1597042,3.078365,0.1951202,0.004626036,3.05,158
"20210710191500",392.3379,77.40175,288.2758,396.0522,14.22222,717.1246,46.66028,10.11044,53.67578,101.4117,6.312717,0.9907425,-1.162264,0.1398819,3.07528,0.1953048,0.007440329,2.23,161
"20210710191520",391.2671,77.05812,288.2343,395.9165,14.22807,714.8672,46.50351,10.12554,53.50572,101.4125,6.295488,0.9863439,-1.163125,0.137385,3.0656,0.1946487,0.008355618,2.34,154
"20210710191540",390.9921,76.98419,288.5349,395.9237,14.22686,715.5007,46.5668,10.13255,53.01502,101.4108,6.291062,0.9853976,-1.159499,0.137589,3.068316,0.1949135,-0.005949497,2.06,152
"20210710191600",389.9546,76.76102,288.8066,396.2285,14.23996,713.3158,46.45567,10.13078,54.78168,101.4159,6.27437,0.9825411,-1.157123,0.1410891,3.058947,0.1944484,0.01035667,2.44,164
"20210710191620",388.9595,76.41436,288.5621,395.9119,14.24984,710.865,46.26997,10.13257,56.60561,101.4122,6.258359,0.9781038,-1.160639,0.1355632,3.048437,0.1936712,0.00117898,2.83,172
"20210710191640",387.9576,76.15413,288.5667,395.815,14.26657,710.7146,46.29024,10.19694,56.29512,101.4116,6.242237,0.9747729,-1.161647,0.1327716,3.047792,0.193756,-0.003334284,3.48,159
"20210710191700",389.0792,76.41317,288.7168,395.0444,14.26718,712.7998,46.50089,10.2131,52.76083,101.4121,6.260284,0.9780886,-1.159914,0.1212081,3.056734,0.1946377,-0.001407862,2.47,160
"20210710191720",388.8136,76.23377,288.6797,395.7907,14.27847,711.7986,46.44954,10.15489,54.09255,101.4131,6.25601,0.9757922,-1.161071,0.1314495,3.05244,0.1944227,0.00306344,2.74,157
"20210710191740",388.5764,76.00753,288.1895,394.8752,14.27605,710.9765,46.39398,10.12271,53.54185,101.4126,6.252194,0.9728963,-1.166704,0.1179698,3.048915,0.1941902,-0.005882025,3.45,146
"20210710191800",387.706,75.5963,288.2012,394.3255,14.26335,711.1835,46.41829,10.05973,53.6896,101.4173,6.238191,0.9676327,-1.165759,0.1107776,3.049803,0.194292,0.006768226,3.54,140
"20210710191820",386.9209,75.31852,288.1417,394.0482,14.24944,709.7376,46.31373,9.999027,52.85075,101.4169,6.225557,0.9640771,-1.165578,0.1077526,3.043602,0.1938543,0.003109217,3.02,143
"20210710191840",386.4721,75.2774,288.1814,394.3749,14.24359,707.3477,46.34869,10.00259,52.18221,101.4123,6.218337,0.9635507,-1.164737,0.113104,3.033353,0.1940006,0.005121231,2.52,141
"20210710191900",385.8523,75.32206,288.5118,394.5126,14.23029,707.1342,46.24642,9.946716,52.29121,101.413,6.208363,0.9641223,-1.159988,0.1162315,3.032438,0.1935725,-0.002641678,2.2,154
"20210710191920",385.4567,75.38654,288.3,395.1484,14.23533,707.9334,46.25888,9.917915,55.66985,101.4117,6.201999,0.9649477,-1.16281,0.1253245,3.035865,0.1936247,-0.002444744,1.79,159
"20210710191940",384.9257,75.4689,288.2963,395.1211,14.23855,704.7838,46.19404,9.957439,54.54496,101.413,6.193455,0.9660019,-1.163061,0.1246573,3.022358,0.1933533,0.0003387928,2.42,166
"20210710192000",384.7302,75.57041,288.3373,395.2032,14.23472,705.0951,46.22498,9.945194,53.72252,101.4152,6.190308,0.9673011,-1.162331,0.1261928,3.023694,0.1934828,-0.00161314,2.06,171
"20210710192020",384.6257,75.58175,288.5436,395.544,14.23371,703.7249,46.10981,9.957352,55.06643,101.4161,6.188627,0.9674464,-1.159831,0.1313652,3.017818,0.1930007,0.00339365,2.06,183
"20210710192040",384.1106,75.55015,288.6498,395.752,14.25166,703.3982,46.04047,9.995278,56.09066,101.4117,6.180339,0.9670418,-1.159717,0.1330305,3.016417,0.1927105,0.001098394,2.62,180
"20210710192100",382.7501,75.27846,288.2505,394.9676,14.25972,698.7378,45.89482,10.11736,54.64092,101.4126,6.15845,0.9635643,-1.164945,0.1206635,2.996431,0.1921009,-0.001772404,2.91,183
"20210710192120",381.2523,74.98634,288.204,394.4498,14.26496,697.5387,45.84014,10.05981,53.51493,101.4133,6.13435,0.9598251,-1.165829,0.1125042,2.991289,0.191872,0.00269413,2.12,175
"20210710192140",381.8692,75.03816,288.4756,394.9707,14.26879,697.8335,45.85496,10.01655,53.89672,101.4128,6.144275,0.9604884,-1.162865,0.1199777,2.992553,0.191934,0.0009534358,2.14,180
"20210710192200",379.292,74.50611,288.2544,394.8716,14.27847,692.963,45.54902,10.01209,56.12274,101.4132,6.102809,0.9536783,-1.166093,0.1177191,2.971667,0.1906535,0.0009839534,2.89,183
"20210710192220",380.113,74.62305,288.092,394.3107,14.28371,695.1811,45.66564,10.05778,55.98693,101.418,6.116019,0.955175,-1.168344,0.1089166,2.981179,0.1911416,0.01289058,3.28,188
"20210710192240",378.8732,74.27412,288.0693,393.6047,14.27665,693.5459,45.62512,9.996193,54.52645,101.415,6.09607,0.9507087,-1.168163,0.09893862,2.974166,0.190972,0.006183148,2.56,192
"20210710192300",376.9995,73.83952,288.1286,393.7806,14.26718,690.7126,45.50772,9.973831,55.52472,101.4132,6.065922,0.9451459,-1.16686,0.1023273,2.962016,0.1904806,0.007353782,2.67,186
"20210710192320",378.5572,74.12023,288.4338,394.4999,14.26798,693.1573,45.73143,9.979038,56.98787,101.4119,6.090986,0.948739,-1.163306,0.1130105,2.9725,0.191417,0.0001916885,2.04,169
"20210710192340",378.9979,74.24182,288.0627,394.0667,14.26496,693.4138,45.72785,10.00829,55.37398,101.4128,6.098076,0.9502952,-1.167497,0.1067806,2.9736,0.191402,-8.583069e-06,2.61,178
"20210710192400",375.2099,73.42521,288.2025,394.1622,14.25629,686.0854,45.2899,9.966385,54.71457,101.4122,6.037128,0.9398426,-1.165296,0.108905,2.942173,0.1895689,-0.006848812,3.07,176
"20210710192420",378.0114,74.16528,288.2877,393.7531,14.24621,692.2334,45.73111,9.96624,54.13224,101.415,6.082203,0.9493156,-1.163649,0.1036036,2.968538,0.1914157,0.008423328,2.51,166
"20210710192440",377.9525,74.19334,288.4225,394.3386,14.24017,691.1546,45.67165,9.894322,54.97534,101.4163,6.081256,0.9496747,-1.161672,0.1128373,2.963912,0.1911668,0.003823996,2.17,174
"20210710192500",378.2176,74.38422,288.1723,394.5289,14.23936,691.1701,45.70703,9.899532,56.26202,101.4142,6.08552,0.9521181,-1.164574,0.1157474,2.963978,0.1913148,-0.0135169,3.09,177
"20210710192520",377.6055,74.22701,288.1555,393.5504,14.2315,690.3534,45.67557,9.908798,55.55094,101.4129,6.075672,0.9501058,-1.164274,0.1017585,2.960476,0.1911831,-0.001364231,3.16,176
"20210710192540",376.7329,74.04119,288.0025,392.9306,14.219,689.3182,45.62439,9.904522,54.3349,101.4122,6.061633,0.9477273,-1.165286,0.09350466,2.956037,0.1909689,-0.003371477,3.06,181
"20210710192600",376.1141,73.78927,288.2897,393.6914,14.21356,688.1686,45.53761,9.837558,56.52291,101.4118,6.051676,0.9445026,-1.161549,0.105308,2.951107,0.1906057,0.004212141,1.9,177
"20210710192620",375.7699,73.68856,288.3605,394.3897,14.21356,687.1707,45.55587,9.851868,57.07549,101.4117,6.046138,0.9432137,-1.160713,0.1157401,2.946827,0.1906822,-0.004028559,2.96,175
"20210710192640",375.5636,73.79142,288.2211,394.4528,14.21819,685.4206,45.5005,9.902607,57.1322,101.4122,6.042818,0.9445302,-1.162654,0.1163109,2.939323,0.1904504,0.01089358,3.19,164
"20210710192700",375.237,73.90154,288.146,393.6272,14.21981,685.9679,45.52604,9.96048,53.91286,101.4075,6.037563,0.9459397,-1.163643,0.103846,2.941669,0.1905573,0.001336336,2.67,167
"20210710192720",375.0976,73.887,288.0495,393.1561,14.2188,685.1993,45.47508,10.01124,53.26035,101.4052,6.03532,0.9457536,-1.164719,0.09688825,2.938373,0.190344,-0.007155657,2.92,158
"20210710192740",374.611,73.81346,288.1847,393.2058,14.2194,683.7779,45.45942,9.992737,52.55161,101.4061,6.027491,0.9448122,-1.16316,0.09758404,2.932278,0.1902784,-0.0009202957,2.04,161
"20210710192800",374.5069,73.73373,287.9867,393.3165,14.22202,683.7222,45.38203,9.966602,51.85469,101.4062,6.025816,0.9437918,-1.165665,0.0990266,2.932039,0.1899545,0.0002763271,2.85,159
"20210710192820",373.8436,73.569,288.1394,393.2575,14.21436,682.137,45.3819,9.969952,51.48823,101.4051,6.015143,0.9416832,-1.163374,0.09876084,2.925241,0.1899539,-0.0007643699,3,167
"20210710192840",373.4447,73.41891,288.3751,393.8386,14.21678,681.2014,45.30927,9.971756,55.37618,101.4097,6.008725,0.9397621,-1.160745,0.1072491,2.921229,0.1896499,0.006349564,2.27,168
"20210710192900",373.2063,73.39546,288.286,393.9248,14.22101,681.2367,45.27655,9.995342,56.49728,101.4079,6.004889,0.9394618,-1.162066,0.1081966,2.92138,0.189513,0.002115965,3.17,161
"20210710192920",372.5439,73.26747,287.976,392.985,14.2194,679.568,45.2544,10.06297,53.70024,101.4041,5.994231,0.9378237,-1.165624,0.09428603,2.914224,0.1894203,0.0006363392,3.46,161
"20210710192940",371.8504,73.07018,287.8861,392.6581,14.20227,679.0733,45.26297,10.02716,52.73843,101.4048,5.983072,0.9352984,-1.165597,0.09077865,2.912103,0.1894562,-0.00319171,2.98,156
"20210710193000",371.1894,73.11222,288.1067,393.0745,14.1934,678.1866,45.16589,9.937771,52.98343,101.4049,5.972437,0.9358363,-1.162428,0.0977123,2.9083,0.1890498,0.002509594,2.03,168
"20210710193020",370.9305,73.12583,288.4922,393.9776,14.18816,677.3457,45.18088,9.899978,54.78044,101.4084,5.968272,0.9360106,-1.157542,0.1116271,2.904694,0.1891126,0.006839514,1.81,163
"20210710193040",370.7545,73.24985,287.9892,393.9823,14.19158,676.6631,45.17153,9.938305,56.29366,101.4053,5.96544,0.9375981,-1.163701,0.1114201,2.901767,0.1890734,0.003523826,3.63,160
"20210710193100",370.4753,73.10218,287.7928,393.1839,14.17888,676.9277,45.23878,9.982178,53.91307,101.4047,5.960948,0.9357078,-1.165214,0.1005116,2.902902,0.1893549,-0.003902435,2.77,158
"20210710193120",369.6915,72.97114,287.7622,393.1798,14.15711,675.3286,45.13751,9.931358,52.09976,101.406,5.948337,0.9340306,-1.164192,0.1022034,2.896045,0.188931,-0.0005004406,2.24,156
"20210710193140",369.4868,72.95694,287.993,393.5573,14.1424,674.9794,45.1349,9.891258,52.82876,101.4058,5.945042,0.9338488,-1.160532,0.1090244,2.894547,0.1889201,-0.0002267361,2.36,158
"20210710193200",369.0665,72.97642,288.1179,393.689,14.13212,673.2782,45.08266,9.885048,53.39138,101.4082,5.938279,0.9340982,-1.158403,0.1118183,2.887252,0.1887014,0.00592351,2.22,161
"20210710193220",368.5606,73.08145,288.2942,393.91,14.12748,672.0652,44.9973,9.896667,53.48461,101.4103,5.93014,0.9354426,-1.156026,0.1154919,2.88205,0.1883441,0.001772404,1.73,160
"20210710193240",368.0918,73.15941,288.4539,394.6316,14.13413,670.8547,44.94946,9.920693,55.64553,101.4055,5.922597,0.9364405,-1.154564,0.1257389,2.876859,0.1881439,0.0005903244,1.72,191
"20210710193300",367.7918,73.18574,287.8965,393.7849,14.14179,670.2852,44.94252,9.995526,55.67172,101.4066,5.91777,0.9367774,-1.161632,0.1124733,2.874417,0.1881149,0.01026034,2.74,167
"20210710193320",367.7079,73.08994,288.0913,393.8064,14.1426,670.3158,44.9292,10.01675,55.1078,101.4064,5.91642,0.9355512,-1.159384,0.1127288,2.874548,0.1880591,0.00604248,2.09,174
"20210710193340",367.3089,72.99575,287.8896,393.2472,14.1424,669.6144,44.88387,10.03163,55.44088,101.4066,5.909999,0.9343457,-1.161753,0.1043915,2.87154,0.1878694,-0.003222466,2.47,160
"20210710193400",366.937,72.88922,287.9804,393.1793,14.13695,669.7478,44.9289,10.02483,53.61596,101.4071,5.904016,0.9329819,-1.160335,0.1038131,2.872112,0.1880579,0.005987644,2.28,165
"20210710193420",366.2896,72.8221,288.1837,393.706,14.13433,668.525,44.86746,9.982246,54.56357,101.4109,5.8936,0.9321229,-1.157767,0.1118939,2.866868,0.1878006,0.004241943,1.68,148
"20210710193440",366.0416,72.90358,288.451,394.6056,14.14199,666.9676,44.76503,9.985821,56.64176,101.4101,5.889609,0.9331659,-1.155097,0.1247179,2.86019,0.187372,0.0001449585,1.13,170
"20210710193500",365.7973,73.13628,288.1574,394.7937,14.16074,666.3555,44.8106,10.05382,58.19837,101.4098,5.885678,0.9361444,-1.159754,0.1260226,2.857565,0.1875627,0.007826566,2.17,175
"20210710193520",365.2816,72.94738,287.9023,393.8923,14.15792,665.4537,44.71451,10.08323,55.42328,101.4097,5.877381,0.9337264,-1.162588,0.1127811,2.853698,0.1871605,0.005589008,1.53,178
"20210710193540",365.0588,72.94352,287.8891,394.5209,14.1684,665.5296,44.75406,10.07166,56.83737,101.409,5.873796,0.933677,-1.16341,0.1213308,2.854023,0.187326,0.006686211,1.54,180
"20210710193600",364.6822,73.02719,287.9233,394.4043,14.1688,664.0548,44.72477,10.07051,54.99445,101.4072,5.867737,0.9347481,-1.163031,0.119557,2.847698,0.1872034,0.01789522,1.64,176
"20210710193620",363.6715,72.91266,288.3256,394.875,14.17425,662.4576,44.65641,10.02771,56.02864,101.4075,5.851474,0.9332821,-1.158627,0.1261513,2.840849,0.1869173,-0.002177715,1.76,194
"20210710193640",363.6484,72.99332,288.3023,395.2295,14.18775,661.9959,44.66614,10.06374,56.69615,101.4071,5.851102,0.9343144,-1.15976,0.1303618,2.838869,0.186958,0.002667427,1.29,181
"20210710193700",363.4769,72.96099,288.1829,394.4983,14.20106,661.0032,44.64518,10.0729,55.46708,101.4036,5.848344,0.9339007,-1.162015,0.1183684,2.834612,0.1868703,-0.003504515,2.93,174
"20210710193720",362.6233,72.69144,287.9359,393.7352,14.20207,660.3919,44.61615,10.06637,53.37202,101.4033,5.834609,0.9304504,-1.164996,0.1068869,2.831991,0.1867488,0.0006127357,2.32,182
"20210710193740",362.3096,72.49506,288.2121,393.9145,14.21214,659.8319,44.54828,10.04739,53.77691,101.4024,5.829561,0.9279368,-1.162376,0.1087538,2.829589,0.1864647,0.005833387,1.36,186
"20210710193800",362.1297,72.49688,288.3514,394.3852,14.22747,659.8276,44.57379,10.06801,54.96353,101.4036,5.826667,0.9279601,-1.161706,0.1145533,2.829571,0.1865715,0.003656387,2.33,181
"20210710193820",361.6729,72.39715,288.2466,394.0217,14.23452,657.6062,44.45905,10.09585,54.76191,101.4045,5.819317,0.9266837,-1.163391,0.1085567,2.820045,0.1860912,0.001430035,2.72,180
"20210710193840",360.8691,72.22021,288.3561,393.3967,14.23613,655.9483,44.4136,10.09067,53.99332,101.409,5.806384,0.9244186,-1.1622,0.09908984,2.812935,0.185901,0.0004470348,3.16,176
"20210710193900",359.913,71.98702,288.364,393.2389,14.24541,655.0917,44.32974,10.04559,56.29227,101.4035,5.791,0.9214338,-1.162695,0.0959875,2.809261,0.1855499,-0.0012815,2.73,170
"20210710193920",359.6784,71.81295,288.3386,393.142,14.24581,654.8512,44.39067,10.07811,56.46188,101.4045,5.787225,0.9192058,-1.163022,0.09450641,2.80823,0.185805,0.006642342,2.2,160
"20210710193940",359.3646,71.72481,288.1546,393.3219,14.24843,654.1715,44.45576,10.08428,56.99866,101.4035,5.782176,0.9180775,-1.165362,0.09698294,2.805315,0.1860774,0.01474667,2.81,163
"20210710194000",358.6598,71.61537,288.3378,393.5325,14.24964,653.0192,44.33558,10.07532,57.84249,101.4042,5.770835,0.9166767,-1.163274,0.1000326,2.800374,0.1855744,0.007679462,3.09,167
"20210710194020",358.759,71.61678,288.1399,393.852,14.25891,652.3384,44.29834,10.13622,57.28228,101.4038,5.772432,0.9166947,-1.166201,0.1040597,2.797455,0.1854185,0.01337481,2.47,146
"20210710194040",358.406,71.61251,287.9888,393.6608,14.26415,651.8489,44.3672,10.17616,55.34748,101.4073,5.766752,0.9166402,-1.16832,0.1007823,2.795355,0.1857067,0.004955292,2.75,158
"20210710194100",357.9047,71.35677,287.7256,392.7533,14.25468,650.7705,44.23201,10.2094,52.87791,101.4061,5.758686,0.9133666,-1.170825,0.08798606,2.790731,0.1851409,-0.001382589,2.72,148
"20210710194120",357.2463,71.15867,288.0468,392.7721,14.24722,650.7963,44.28677,10.1959,53.20933,101.4024,5.748093,0.910831,-1.166557,0.08886639,2.790841,0.1853701,0.002783537,2.8,130
"20210710194140",356.5259,71.03742,287.8825,393.0689,14.23875,648.8061,44.19924,10.1376,52.45375,101.4017,5.736502,0.909279,-1.167959,0.09398319,2.782307,0.1850037,0.001144648,1.7,141
"20210710194200",355.9296,71.05191,288.1047,393.675,14.23593,647.9515,44.1938,10.10077,54.87557,101.4028,5.726907,0.9094645,-1.165155,0.1032632,2.778642,0.1849809,0.007505894,2.22,135
"20210710194220",355.5484,71.10901,288.3019,393.8577,14.23251,647.2463,44.15164,10.10104,55.94334,101.4016,5.720775,0.9101953,-1.162609,0.1062687,2.775618,0.1848045,0.002412796,2.21,150
"20210710194240",355.465,71.23318,287.9671,393.4474,14.2315,647.1411,44.15473,10.12693,53.78236,101.4042,5.719433,0.9117848,-1.1665,0.1002199,2.775167,0.1848174,-0.005911112,2.74,150
"20210710194300",354.8711,71.11313,287.8507,392.8058,14.22081,645.5152,44.14594,10.12052,51.41666,101.4062,5.709876,0.9102481,-1.167195,0.09149326,2.768194,0.1847806,-0.001793623,2.52,156
"20210710194320",354.6886,71.05272,287.8782,392.9708,14.21174,645.0862,44.09092,10.09882,52.45371,101.4018,5.706941,0.9094749,-1.166292,0.0946889,2.766355,0.1845503,0.0003912449,2.41,149
"20210710194340",354.1314,70.87657,287.9429,393.0632,14.19703,645.1933,44.00681,10.09338,52.56321,101.4022,5.697974,0.9072202,-1.164594,0.09725178,2.766814,0.1841983,-0.001608133,2.8,146
"20210710194400",353.5842,70.6711,288.0002,393.0148,14.19259,643.0913,43.9723,10.07302,52.31016,101.4007,5.68917,0.9045901,-1.163635,0.09688417,2.7578,0.1840539,-0.003505468,2.08,152
"20210710194420",353.5524,70.84644,288.1451,393.5255,14.20509,642.236,43.92965,10.0511,56.19751,101.4007,5.688659,0.9068345,-1.162717,0.1035119,2.754132,0.1838753,-0.002337217,2.33,154
"20210710194440",353.1616,70.97209,287.7974,392.6484,14.19864,641.5924,43.92673,10.06578,52.27445,101.4019,5.68237,0.9084427,-1.166414,0.0909243,2.751372,0.1838631,-0.00243783,2.11,159
"20210710194500",352.619,70.83606,288.0508,392.7468,14.19642,640.9119,43.94292,10.08242,52.96539,101.4062,5.673641,0.9067016,-1.16328,0.09257469,2.748454,0.1839308,-0.002551794,2.44,170
"20210710194520",352.4914,70.7437,287.9118,392.914,14.20106,640.5595,44.0359,10.0458,55.41412,101.4027,5.671586,0.9055195,-1.165217,0.09469845,2.746943,0.18432,-0.007392645,3.16,163
"20210710194540",352.0847,70.6151,287.9204,392.2604,14.19682,640.2319,44.16898,10.09102,53.89574,101.4004,5.665043,0.9038733,-1.164848,0.08527198,2.745538,0.1848771,0.0004444122,2.81,163
"20210710194600",351.3123,70.4422,287.8268,392.251,14.18876,638.6107,44.42956,10.06481,52.87397,101.401,5.652615,0.9016602,-1.165439,0.0857825,2.738585,0.1859678,-0.0105772,2.18,160
"20210710194620",350.9998,70.36898,287.9472,392.2255,14.1807,638.4988,44.46914,9.997402,53.15141,101.4017,5.647586,0.9007229,-1.163505,0.08604953,2.738106,0.1861334,0.008210898,2.31,158
"20210710194640",350.1796,70.28175,287.8632,392.1511,14.17465,636.5217,44.47781,9.993992,53.59958,101.4023,5.63439,0.8996065,-1.164113,0.08542371,2.729627,0.1861697,0.006197929,3.6,170
"20210710194700",349.6319,70.1222,287.7182,391.2581,14.1555,636.1725,44.43732,9.932186,52.14252,101.4076,5.625576,0.8975642,-1.164608,0.07362254,2.728129,0.1860002,-0.005596399,2.8,174
"20210710194720",348.6401,69.8197,287.7022,391.2876,14.13917,634.3566,44.22989,9.894341,52.91386,101.4072,5.609619,0.8936921,-1.16376,0.07537498,2.720342,0.185132,-0.005337715,2.38,173
"20210710194740",348.5808,69.87035,287.7913,391.7871,14.12587,634.1542,44.08171,9.863694,55.28518,101.4041,5.608665,0.8943405,-1.161863,0.08390642,2.719474,0.1845118,0.003015518,1.93,183
"20210710194800",348.7751,69.90168,288.0664,391.517,14.118,634.1707,43.8665,9.902599,55.41702,101.4038,5.611792,0.8947415,-1.158116,0.08050129,2.719545,0.183611,0.0007135868,2.35,161
"20210710194820",348.3446,69.8628,288.4413,392.3165,14.11619,632.9227,43.65918,9.890419,57.24367,101.4033,5.604865,0.8942439,-1.153572,0.09259283,2.714193,0.1827432,0.00283289,2.2,150
"20210710194840",348.0698,69.99438,287.9251,392.5483,14.12143,632.3296,43.63217,9.952961,58.98862,101.4036,5.600443,0.895928,-1.160001,0.09563481,2.71165,0.1826302,0.003423452,2.91,155
"20210710194900",347.3522,69.8385,287.8754,391.9582,14.11297,631.0002,43.54098,9.982628,57.45749,101.4043,5.588898,0.8939328,-1.160052,0.08749746,2.705949,0.1822485,-0.01103234,2.58,145
"20210710194920",346.7358,69.77973,288.2773,392.4256,14.10934,630.4222,43.49818,9.969952,58.0514,101.4063,5.578978,0.8931805,-1.155075,0.09477232,2.70347,0.1820693,0.00941658,1.55,170
"20210710194940",346.3555,69.90199,288.2285,392.9668,14.11478,628.3671,43.43297,10.0006,59.11166,101.4027,5.572859,0.8947454,-1.155996,0.1024214,2.694657,0.1817964,0.003098249,2.06,159
"20210710195000",345.9902,69.88659,288.28,393.0456,14.11841,628.7214,43.39511,10.02262,58.05105,101.401,5.566982,0.8945483,-1.155618,0.103307,2.696176,0.1816379,-0.004179239,2.45,169
"20210710195020",345.5357,69.78548,288.3246,392.4554,14.11881,627.1344,43.39007,10.01632,56.511,101.4008,5.55967,0.8932541,-1.155116,0.09445706,2.689371,0.1816168,0.002990961,2.41,156
"20210710195040",345.3386,69.7097,287.9794,392.0338,14.12284,627.1803,43.31952,10.06023,55.56459,101.4004,5.556499,0.892284,-1.159449,0.0878348,2.689568,0.1813215,0.007782698,3.39,153
"20210710195100",344.6646,69.51419,287.9657,391.1947,14.12405,625.5214,43.18414,10.05701,53.45723,101.3998,5.545653,0.8897816,-1.159689,0.07520101,2.682454,0.1807549,0.003731489,3.47,160
"20210710195120",344.118,69.37743,287.9858,390.8253,14.12163,624.4598,43.20681,10.02997,52.80661,101.403,5.53686,0.8880311,-1.159298,0.06987586,2.677902,0.1808497,0.002897739,3.78,159
"20210710195140",343.4358,69.21062,288.1583,390.7104,14.11982,624.4105,43.13734,10.00317,52.76703,101.4029,5.525882,0.885896,-1.157145,0.06830659,2.67769,0.1805589,-0.003027916,3.91,161
"20210710195200",343.0416,69.06017,287.8958,390.5074,14.11417,623.2203,43.0844,10.02259,52.88986,101.3993,5.519539,0.8839702,-1.159886,0.0657267,2.672586,0.1803374,0.0009117126,4.21,163
"20210710195220",342.6912,68.90233,287.9058,390.2504,14.10672,622.1524,43.062,10.01167,53.50106,101.3999,5.513902,0.8819498,-1.159296,0.0624854,2.668006,0.1802436,-0.001049757,3.95,157
"20210710195240",342.3948,68.78816,287.8641,390.1979,14.09966,621.5984,43.05449,10.0073,54.44851,101.3991,5.509132,0.8804885,-1.15934,0.06226675,2.665631,0.1802122,-0.009165049,3.6,164
"20210710195300",341.8094,68.50824,288.0059,390.4361,14.08837,621.0505,42.94729,9.989384,55.76486,101.4006,5.499712,0.8769054,-1.156949,0.06673156,2.663281,0.1797635,0.0001204014,3.58,165
"20210710195320",341.6539,68.49304,287.9796,390.4488,14.08192,620.3074,42.96455,9.989102,55.47015,101.4034,5.497212,0.876711,-1.156849,0.06744254,2.660094,0.1798357,-0.002931833,3.21,158
"20210710195340",341.3176,68.4759,288.1881,390.7848,14.07668,620.0826,42.94334,9.945526,56.21592,101.405,5.4918,0.8764915,-1.154055,0.07287983,2.65913,0.1797469,0.007546902,3.13,152
"20210710195400",341.3356,68.4395,287.6449,390.4054,14.06942,619.4521,42.88588,9.985493,53.74922,101.4009,5.492089,0.8760257,-1.16001,0.06779498,2.656426,0.1795064,-0.000870943,3.75,144
"20210710195420",340.8307,68.34628,287.6015,390.2794,14.05975,618.5901,42.90012,9.965561,53.38476,101.401,5.483966,0.8748325,-1.159909,0.06668967,2.65273,0.179566,0.004356146,2.86,154
"20210710195440",340.295,68.28997,287.7425,390.357,14.05451,617.4994,42.76674,9.96413,52.3798,101.4016,5.475346,0.8741117,-1.15791,0.06827027,2.648053,0.1790078,0.003347397,3.13,147
"20210710195500",339.949,68.28183,288.0372,390.8617,14.05531,616.6254,42.72443,9.962212,53.62742,101.4024,5.469779,0.8740074,-1.154481,0.07574691,2.644305,0.1788307,0.00336051,2.93,158
"20210710195520",339.7005,68.41131,287.7187,391.0738,14.066,615.1789,42.62433,10.03185,55.95402,101.4034,5.465781,0.8756648,-1.158921,0.07805646,2.638102,0.1784116,-0.008315563,3.13,148
"20210710195540",339.4227,68.34353,287.4846,390.2946,14.06075,614.783,42.64692,10.05185,55.12981,101.4079,5.461312,0.8747972,-1.161352,0.0668354,2.636404,0.1785062,0.0007121563,3.17,152
"20210710195600",338.7343,68.15406,287.312,390.1172,14.05934,613.6504,42.55213,10.07037,54.99902,101.4054,5.450235,0.872372,-1.163302,0.06429849,2.631547,0.1781095,-0.0004327297,3.25,150
"20210710195620",338.4152,68.04969,287.3982,390.0206,14.05209,612.9314,42.50977,10.07927,54.90761,101.4036,5.445101,0.8710361,-1.161823,0.06343766,2.628464,0.1779321,-0.006603002,3.04,154
"20210710195640",338.0867,68.01558,287.5413,390.0458,14.0408,612.962,42.56089,10.0564,53.6494,101.4043,5.439815,0.8705995,-1.159417,0.06472003,2.628595,0.1781461,-0.002373457,2.68,156
"20210710195700",337.2508,67.9057,287.8856,390.6229,14.03132,611.9393,42.48534,9.997914,55.08657,101.405,5.426366,0.869193,-1.154748,0.07410391,2.624209,0.1778299,-0.0009560585,2.44,158
"20210710195720",337.2578,67.96352,287.8937,390.9659,14.02911,611.1049,42.46043,10.0165,56.48918,101.4052,5.426478,0.8699332,-1.154513,0.07940523,2.620631,0.1777256,0.005026102,2.74,156
"20210710195740",337.0212,68.07414,287.7162,390.8608,14.03515,610.1588,42.53552,10.0537,56.13262,101.41,5.422672,0.8713489,-1.156993,0.07735033,2.616573,0.1780399,-0.00133729,2.67,157
"20210710195800",336.8829,67.99701,287.5622,391.0648,14.03697,609.7202,42.4361,10.09862,56.34772,101.4108,5.420446,0.8703617,-1.158926,0.08025252,2.614693,0.1776238,0.0003926754,2.71,161
"20210710195820",335.4075,67.66118,287.5245,390.3095,14.03435,607.081,42.3055,10.10538,53.75747,101.408,5.396706,0.8660631,-1.159205,0.0691794,2.603375,0.1770771,-0.002708435,2.55,168
"20210710195840",332.3995,66.93539,287.5388,390.2144,14.02346,600.0406,41.81306,10.09498,52.76158,101.4097,5.348308,0.856773,-1.158347,0.06863005,2.573184,0.1750159,-0.004674196,2.54,173
"20210710195900",326.2491,65.5135,287.4002,389.9683,14.01943,590.5608,41.27051,9.998825,52.98403,101.4097,5.249347,0.8385727,-1.159728,0.0652777,2.532531,0.172745,0.00514698,2.62,165
"20210710195920",323.4854,64.9865,287.2348,389.757,14.00895,588.7166,41.10462,9.982678,53.6581,101.4115,5.204879,0.8318273,-1.161016,0.06296328,2.524622,0.1720507,0.003221035,3,148
"20210710195940",328.3741,66.33238,287.4142,389.5225,13.99544,598.0764,41.88164,9.907962,51.95128,101.4116,5.283539,0.8490545,-1.158041,0.06054136,2.56476,0.175303,-0.0003409386,2.9,149
"20210710200000",330.7496,66.9258,287.4326,389.835,13.98617,599.9155,42.00694,9.845364,54.02104,101.4157,5.321761,0.8566502,-1.157236,0.0659551,2.572647,0.1758275,8.72612e-05,2.41,154
"20210710200020",332.8587,67.5167,287.4994,389.8317,13.97689,603.4215,42.33997,9.871147,54.6114,101.4153,5.355697,0.8642137,-1.155858,0.06664983,2.587682,0.1772214,0.005000591,2.72,160
"20210710200040",333.2527,67.44294,287.5084,389.8552,13.96823,603.797,42.27756,9.862389,54.7282,101.4157,5.362037,0.8632697,-1.155203,0.06769646,2.589292,0.1769602,-0.0041008,2.94,145
"20210710200100",332.7477,67.33087,287.5094,390.1208,13.9646,602.665,42.14289,9.935188,56.85434,101.4106,5.353911,0.8618352,-1.15496,0.07195576,2.584437,0.1763965,0.001509428,2.21,171
"20210710200120",332.1842,67.40721,287.4639,390.5153,13.96581,600.5716,42.07012,9.964596,57.00468,101.4117,5.344844,0.8628123,-1.155576,0.07775101,2.57546,0.1760919,-0.0007281303,2.94,166
"20210710200140",331.4585,67.40291,287.3504,389.472,13.95432,599.8865,42.08262,9.956596,55.44476,101.4113,5.333168,0.8627573,-1.156186,0.06308708,2.572522,0.1761442,-0.0006737709,3.58,168
"20210710200200",330.9764,67.32957,287.586,389.4522,13.94525,599.4982,42.06111,9.919266,57.03556,101.4106,5.32541,0.8618185,-1.15283,0.063518,2.570857,0.1760542,-0.004489899,2.95,172
"20210710200220",330.8929,67.13778,287.4783,389.506,13.94101,598.4164,42.06346,9.871059,58.05432,101.4118,5.324066,0.8593637,-1.153832,0.06466206,2.566218,0.176064,-0.001106501,3.51,142
"20210710200240",330.362,67.10907,287.6929,389.468,13.93597,597.7082,42.04717,9.892414,58.00737,101.4139,5.315525,0.8589962,-1.150979,0.0644965,2.563181,0.1759959,-0.002270699,2.93,145
"20210710200300",329.8087,67.05564,287.477,389.7626,13.93456,596.5002,42.07339,9.895462,57.50076,101.4093,5.306622,0.8583122,-1.15344,0.06901077,2.558001,0.1761056,0.001780748,2.95,155
"20210710200320",329.5964,67.00872,287.7624,389.9661,13.92993,595.522,42.11477,9.899139,57.5882,101.4078,5.303206,0.8577116,-1.149775,0.07242389,2.553806,0.1762788,0.006844998,1.97,136
"20210710200340",329.335,67.06564,287.652,390.151,13.9388,595.0918,42.24033,9.932461,58.29951,101.409,5.299,0.8584402,-1.15164,0.07447608,2.551961,0.1768044,0.0005097389,2.94,150
"20210710200400",328.8364,67.07275,287.2862,389.6052,13.93577,594.9792,42.20455,9.937569,55.01509,101.407,5.290978,0.8585312,-1.155768,0.06656376,2.551478,0.1766546,-0.001561165,3.74,162
"20210710200420",328.0998,66.83418,287.3886,388.8112,13.93295,592.8034,42.40822,9.980236,53.20129,101.4095,5.279126,0.8554774,-1.154382,0.05492678,2.542147,0.1775071,0.004255533,3.06,152
"20210710200440",327.3449,66.65656,287.2573,389.0992,13.93013,591.4074,42.33296,9.960266,54.51166,101.4123,5.26698,0.8532039,-1.155752,0.05945812,2.536161,0.177192,0.0003194809,2.42,157
"20210710200500",327.2741,66.62382,287.1393,388.9482,13.9263,591.8688,42.41776,9.977936,53.03015,101.4105,5.26584,0.8527849,-1.156904,0.05750728,2.53814,0.177547,0.004271507,3.32,154
"20210710200520",326.2354,66.41903,287.2741,388.6168,13.90815,590.9324,42.25429,9.90226,52.03649,101.409,5.249128,0.8501636,-1.154162,0.05401212,2.534124,0.1768628,0.0007162094,2.98,144
"20210710200540",326.0322,66.36829,287.2401,388.7868,13.90291,589.9738,42.12232,9.907452,53.28354,101.4085,5.245857,0.8495141,-1.154232,0.05696893,2.530013,0.1763104,-0.003391266,2.81,137
"20210710200600",325.7238,66.33243,287.2682,388.9466,13.89122,589.3361,42.08687,9.83775,54.34109,101.4075,5.240895,0.8490551,-1.15316,0.06029305,2.527279,0.176162,-0.003931999,2.86,132
"20210710200620",325.1782,66.22929,287.5206,389.061,13.88275,588.57,41.92364,9.830364,53.85905,101.4076,5.232118,0.847735,-1.149642,0.06268346,2.523993,0.1754788,0.004261017,2.36,139
"20210710200640",325.0843,66.41271,287.7452,389.7778,13.888,588.1818,41.89574,9.830723,55.41886,101.4119,5.230606,0.8500827,-1.147321,0.07297077,2.522328,0.175362,0.005276203,1.77,166
"20210710200700",324.8158,66.58998,287.3915,389.8248,13.89828,586.7552,41.79066,9.871929,56.8067,101.4121,5.226286,0.8523518,-1.152151,0.0728483,2.516211,0.1749222,-0.001112223,3.01,166
"20210710200720",324.8422,66.62701,287.5331,389.0673,13.89445,585.9476,41.73806,9.88509,53.75778,101.4105,5.22671,0.8528258,-1.150235,0.06183966,2.512748,0.174702,-0.00323844,2.91,167
"20210710200740",324.2777,66.61334,287.336,389.424,13.89908,585.9538,41.78042,9.947674,56.10651,101.4103,5.217628,0.8526508,-1.152857,0.06679636,2.512774,0.1748793,-0.001630545,2.94,149
"20210710200800",324.1388,66.52841,287.4382,389.2688,13.90594,585.0023,41.68188,9.96616,57.00639,101.4094,5.215393,0.8515637,-1.152084,0.06392824,2.508694,0.1744669,-0.004811287,3.72,159
"20210710200820",323.4593,66.31297,287.439,388.6844,13.90049,583.0537,41.68244,9.994068,55.56146,101.4089,5.204461,0.8488061,-1.151729,0.05563675,2.500338,0.1744692,-0.003983736,3.49,154
"20210710200840",322.8451,66.13636,287.3968,388.0652,13.89505,582.9785,41.65591,9.965259,55.30738,101.4075,5.194578,0.8465454,-1.151884,0.04682062,2.500015,0.1743582,0.001303673,3.5,146
"20210710200900",322.6651,66.05808,287.521,388.3488,13.89243,583.1964,41.64279,9.932362,56.19595,101.4079,5.191682,0.8455434,-1.15025,0.05126732,2.500949,0.1743032,-0.002543688,3.42,160
"20210710200920",322.1531,65.90116,287.0456,388.0877,13.88376,582.7436,41.63097,9.896099,55.97212,101.4034,5.183444,0.8435348,-1.155315,0.04806122,2.499008,0.1742538,0.0007579326,4.4,156
"20210710200940",321.804,65.75189,286.8508,387.4665,13.85877,581.0354,41.6635,9.87825,54.00516,101.4018,5.177826,0.8416242,-1.156033,0.04078291,2.491682,0.1743899,-0.004209518,4.26,152
"20210710201000",320.8566,65.5123,286.9899,387.1413,13.84526,579.948,41.77802,9.773773,53.22554,101.4008,5.162582,0.8385574,-1.153534,0.03700713,2.487019,0.1748693,-0.003494024,3.4,155
"20210710201020",320.8498,65.6116,286.8331,387.463,13.82772,579.634,42.00249,9.72757,54.76263,101.4007,5.162473,0.8398285,-1.154277,0.04321647,2.485672,0.1758088,0.00496316,3.7,133
"20210710201040",320.6311,65.46873,286.8402,387.3558,13.80454,579.3734,42.20859,9.7071,54.42881,101.4003,5.158955,0.8379998,-1.152725,0.04347183,2.484555,0.1766715,-0.004055262,4.5,142
"20210710201100",319.6429,65.182,286.6935,386.7697,13.77511,577.9825,42.59153,9.666351,53.53538,101.4028,5.143055,0.8343297,-1.152596,0.03707095,2.47859,0.1782743,-0.004794359,4.2,147
"20210710201120",319.3324,65.15984,286.9396,386.9618,13.75495,577.282,42.91801,9.601094,54.36334,101.4016,5.138059,0.8340459,-1.148414,0.04155518,2.475586,0.1796409,-0.009434223,2.59,152
"20210710201140",319.2911,65.19663,286.8727,387.0234,13.73822,576.11,42.86485,9.599468,54.6072,101.3958,5.137394,0.8345169,-1.148145,0.04381306,2.470561,0.1794184,-0.001283407,3.54,137
"20210710201200",319.0306,65.27158,287.1672,387.2856,13.71665,575.8988,43.18884,9.562084,53.80186,101.3966,5.133203,0.8354763,-1.143303,0.04945606,2.469655,0.1807745,0.003041744,2.95,151
"20210710201220",318.8398,65.40296,287.0919,387.9015,13.71262,574.7138,42.90466,9.609535,55.84968,101.3963,5.130133,0.8371578,-1.143937,0.05898044,2.464573,0.179585,-0.001352549,2.22,148
"20210710201240",318.6646,65.47613,286.856,387.6156,13.70072,574.2969,42.85592,9.566376,55.00516,101.394,5.127314,0.8380944,-1.145971,0.05566177,2.462785,0.179381,-0.006143332,3.07,164
"20210710201300",318.0546,65.46308,287.1165,387.3992,13.68581,573.5633,42.72028,9.611252,53.60863,101.3971,5.117498,0.8379275,-1.141953,0.0536195,2.459639,0.1788133,-0.002381563,2.24,164
"20210710201320",317.8882,65.50089,287.4537,388.3941,13.68802,572.5914,42.70907,9.596012,56.04501,101.3977,5.11482,0.8384114,-1.138109,0.06830685,2.455472,0.1787664,0.002809763,2.37,163
"20210710201340",317.7099,65.53683,287.3855,388.5598,13.69105,571.6363,42.61692,9.651978,56.36662,101.3936,5.111952,0.8388714,-1.139106,0.07054127,2.451376,0.1783806,0.001409769,1.91,158
"20210710201400",317.2218,65.61674,287.4292,388.8198,13.69286,570.3807,42.43744,9.69611,55.28309,101.3929,5.104098,0.8398943,-1.138706,0.07428004,2.445991,0.1776294,-0.001945257,2.07,159
"20210710201420",316.8288,65.73987,287.4235,388.9584,13.70798,569.3739,42.35574,9.734516,55.86152,101.3919,5.097775,0.8414704,-1.139728,0.07514114,2.441674,0.1772874,0.001862764,3.08,160
"20210710201440",316.4553,65.6582,287.3633,388.2152,13.71342,568.3174,42.11623,9.774506,54.42806,101.391,5.091765,0.840425,-1.140782,0.06360444,2.437143,0.1762849,-0.0004458427,3.53,158
"20210710201500",315.3912,65.43093,287.3134,388.2268,13.72391,566.3724,41.99204,9.812122,54.94705,101.3916,5.074645,0.8375159,-1.142036,0.06293676,2.428802,0.1757651,-0.001721144,3.28,159
"20210710201520",314.8445,65.22711,287.3846,387.693,13.72794,565.9399,42.17224,9.816498,52.87117,101.3937,5.065848,0.834907,-1.141451,0.05463914,2.426947,0.1765193,-0.002768993,3.43,158
"20210710201540",314.4283,65.17529,287.4467,387.7106,13.74406,565.3475,41.96384,9.836731,53.45239,101.3902,5.059151,0.8342438,-1.141736,0.05361416,2.424407,0.1756471,0.006253242,2.77,149
"20210710201600",315.8569,65.59268,287.4866,388.1783,13.75858,566.4383,42.07349,9.86657,55.43189,101.3907,5.082138,0.8395863,-1.142182,0.059439,2.429085,0.176106,0.0040133,3.03,160
"20210710201620",314.6851,65.28588,287.3546,387.7867,13.76886,564.3064,41.84799,9.910679,53.45658,101.3894,5.063283,0.8356594,-1.144393,0.05276465,2.419943,0.1751622,0.0006582737,2.56,153
"20210710201640",314.3737,65.18359,287.5494,387.7364,13.77571,564.4977,41.91286,9.911655,54.21052,101.3899,5.058272,0.83435,-1.142527,0.05146509,2.420763,0.1754337,-0.004437924,2.85,162
"20210710201700",313.8309,65.08996,287.4998,387.8451,13.78297,562.9428,41.76125,9.927307,53.53684,101.3895,5.049539,0.8331516,-1.14357,0.05250969,2.414095,0.1747991,-0.002509117,2.93,154
"20210710201720",313.5191,65.02876,287.5138,387.6942,13.7866,562.6204,41.86571,9.896466,53.17208,101.3934,5.044522,0.8323681,-1.143634,0.0499652,2.412713,0.1752363,0.001773834,2.71,160
"20210710201740",313.7965,65.12443,287.8139,387.8946,13.79083,563.0267,41.99403,9.894158,53.82421,101.393,5.048986,0.8335926,-1.140358,0.05261872,2.414455,0.1757734,0.003824949,2.39,152
"20210710201800",312.6479,64.91576,288.0146,388.3689,13.80252,559.8356,41.87342,9.890186,55.5263,101.3892,5.030505,0.8309217,-1.138728,0.0587687,2.40077,0.1752686,0.00283432,2.76,147
"20210710201820",307.3608,63.81195,287.8931,388.7784,13.83377,549.059,41.0943,9.974724,58.50665,101.3889,4.945436,0.8167929,-1.142141,0.0623854,2.354556,0.1720074,0.001238823,1.73,125
"20210710201840",300.7589,62.32459,287.4875,388.2657,13.84244,538.89,40.16306,10.02709,55.86007,101.3887,4.839212,0.7977548,-1.14748,0.05403093,2.310948,0.1681096,0.00291729,2.83,126
"20210710201900",295.6335,61.00836,287.7363,388.0935,13.85373,532.4711,39.67104,10.09112,53.65903,101.3908,4.756742,0.780907,-1.145256,0.05055318,2.283422,0.1660501,0.004517078,2.57,142
"20210710201920",293.5841,60.52655,287.4853,387.7642,13.86663,530.3835,39.3717,10.10667,53.12046,101.3915,4.723768,0.7747398,-1.149038,0.0445987,2.274469,0.1647972,0.00441122,3.54,145
"20210710201940",297.799,61.54766,287.3888,387.2361,13.86643,539.3223,39.79931,10.07059,50.42382,101.3947,4.791586,0.7878101,-1.150164,0.03672683,2.312802,0.166587,0.0005843639,3.04,143
"20210710202000",301.5194,62.39757,287.7044,387.3799,13.87389,543.1898,39.81557,10.04942,51.3877,101.3901,4.851447,0.7986889,-1.146909,0.03827892,2.329387,0.1666551,-0.001307726,3.1,145
"20210710202020",302.4554,62.63607,287.6812,387.5403,13.88215,544.6236,39.70226,10.02844,53.03442,101.3903,4.866508,0.8017417,-1.147707,0.04001206,2.335536,0.1661808,0.00290823,2.81,150
"20210710202040",303.4498,62.88888,287.5902,387.3495,13.87852,545.1586,39.67428,10.02158,52.93842,101.3899,4.882507,0.8049776,-1.14855,0.0374535,2.33783,0.1660637,0.001937151,2.66,159
"20210710202100",299.936,61.96254,287.6999,387.231,13.87792,537.576,39.05502,10.01398,53.7397,101.3901,4.825971,0.7931206,-1.147218,0.03572909,2.305313,0.1634717,-0.00717473,2.84,150
"20210710202120",294.1674,60.56891,287.6549,387.1489,13.87489,529.0228,38.49439,10.01129,53.76131,101.3898,4.733153,0.775282,-1.147557,0.03474635,2.268634,0.1611251,0.002007246,3.01,149
"20210710202140",292.3484,60.1747,287.7343,387.0524,13.8757,527.2142,38.21726,9.962944,52.49558,101.3948,4.703885,0.7702362,-1.146671,0.03323917,2.260878,0.1599651,0.0003013611,2.91,146
"20210710202200",289.2198,59.48004,287.8521,387.0214,13.87086,520.7155,37.84807,9.951397,53.43334,101.3933,4.653547,0.7613446,-1.144974,0.03316433,2.23301,0.1584198,-0.0006377697,3.43,164
"20210710202220",288.3883,59.30331,287.8752,387.0093,13.87368,521.246,37.85265,10.01018,54.72925,101.3918,4.640168,0.7590824,-1.14488,0.03275688,2.235285,0.158439,-0.001039505,3.35,156
"20210710202240",289.0225,59.44676,287.597,386.647,13.87368,521.5288,37.88114,9.984638,53.49074,101.3901,4.650372,0.7609185,-1.148166,0.02734386,2.236497,0.1585582,-0.002901077,4.11,141
"20210710202300",284.6554,58.36682,287.3954,386.1676,13.86381,512.1784,37.21526,9.97295,52.81359,101.391,4.580106,0.7470953,-1.149921,0.0209727,2.196399,0.1557711,0.00226903,3.87,147
"20210710202320",282.6988,57.92353,287.6887,386.2263,13.86139,512.2147,37.22874,9.926598,54.15271,101.3912,4.548624,0.7414212,-1.146303,0.0220439,2.196555,0.1558275,0.0005495548,2.82,141
"20210710202340",280.6975,57.49678,287.516,386.246,13.85715,507.8367,36.87342,9.937489,52.5442,101.3957,4.516423,0.7359587,-1.148075,0.02267821,2.177781,0.1543402,0.006583452,2.63,131
"20210710202400",275.9018,56.33233,287.4603,386.2786,13.85353,498.9572,36.20508,9.933654,53.37389,101.3953,4.439259,0.7210538,-1.148502,0.02345572,2.139702,0.1515428,-0.0005164146,3.66,122
"20210710202420",275.6184,56.23108,287.3864,385.6587,13.84405,499.2613,36.34642,9.948219,51.82745,101.3904,4.4347,0.7197578,-1.148775,0.01495227,2.141006,0.1521343,0.0004017353,3.98,140
"20210710202440",274.09,55.91804,287.4025,385.4515,13.8374,497.5543,36.26586,9.959808,52.37096,101.3906,4.410108,0.715751,-1.148165,0.01239058,2.133686,0.1517972,0.0003225803,2.81,132
"20210710202500",274.2543,56.02768,287.4267,385.6244,13.83034,497.989,36.28562,9.907146,52.3636,101.3906,4.412752,0.7171543,-1.147433,0.01553823,2.13555,0.1518799,-0.0003352165,2.93,147
"20210710202520",276.1867,56.63132,287.4546,385.7096,13.81986,500.8261,36.58544,9.897812,52.15802,101.3896,4.443844,0.7248809,-1.146439,0.01765119,2.147717,0.1531348,-0.0002715588,2.72,147
"20210710202540",276.2502,56.65961,287.5332,385.8093,13.80756,501.142,36.62644,9.880016,52.43863,101.3894,4.444867,0.725243,-1.144732,0.0201249,2.149071,0.1533064,0.009011746,3.24,147
"20210710202600",279.7296,57.6182,287.8033,385.7913,13.80696,506.2195,37.16722,9.863972,52.89127,101.3929,4.50085,0.737513,-1.141504,0.01990544,2.170846,0.15557,0.0009777546,2.59,158
"20210710202620",279.5923,57.69212,287.6089,386.0166,13.80051,505.3479,37.09788,9.829082,53.69882,101.3875,4.498641,0.7384592,-1.143392,0.02378667,2.167108,0.1552797,0.005287647,2.36,149
"20210710202640",280.9357,58.08607,287.7605,386.1587,13.7997,507.6886,37.42728,9.882847,53.96218,101.3867,4.520255,0.7435018,-1.141551,0.02597345,2.177146,0.1566585,0.005938292,2.92,150
"20210710202700",281.4466,58.3052,287.609,385.9678,13.79789,507.137,37.5304,9.868103,53.73095,101.3861,4.528475,0.7463066,-1.143225,0.02326806,2.17478,0.1570901,-0.001086474,3.45,155
"20210710202720",281.6621,58.36888,287.6596,385.8264,13.80031,508.2602,37.46212,9.864521,53.73525,101.3868,4.531944,0.7471216,-1.142779,0.02096285,2.179597,0.1568043,0.0009737014,2.74,159
"20210710202740",282.7336,58.68542,287.6512,385.8085,13.79124,509.1359,37.57842,9.874596,54.27102,101.3872,4.549184,0.7511734,-1.142306,0.02141956,2.183352,0.1572911,-0.004184246,3.44,158
"20210710202800",282.4643,58.56764,287.73,385.7673,13.79003,509.5929,37.63427,9.845406,53.60572,101.3898,4.54485,0.7496658,-1.141299,0.02090075,2.185312,0.1575249,0.001104593,3.08,149
"20210710202820",283.5471,58.8226,287.5492,385.6119,13.79003,509.8907,37.54462,9.859455,53.8279,101.3894,4.562274,0.7529294,-1.143434,0.01857936,2.186589,0.1571496,0.007115841,3.65,156
"20210710202840",282.6604,58.56206,287.6668,385.2751,13.7745,508.7547,37.4235,9.848262,52.2207,101.3855,4.548006,0.7495945,-1.141062,0.01479023,2.181717,0.1566427,-0.001968145,3.24,147
"20210710202900",281.7977,58.41427,287.8187,385.6426,13.77733,507.7842,37.25342,9.865894,53.88848,101.3837,4.534125,0.7477026,-1.139447,0.02005559,2.177556,0.1559308,-0.01532149,3.05,156
"20210710202920",279.9646,58.02038,287.7122,385.5188,13.77309,504.7757,37.02188,9.868019,53.78939,101.384,4.50463,0.742661,-1.140438,0.01854316,2.164654,0.1549616,-0.005156994,4.05,148
"20210710202940",278.2062,57.56873,287.5613,385.2719,13.77148,500.9316,36.87164,9.869823,53.98747,101.3825,4.476338,0.7368798,-1.142118,0.01498401,2.148169,0.1543328,-7.987022e-05,4.15,145
"20210710203000",279.0956,57.74701,287.5859,385.0924,13.77128,505.2413,37.22522,9.886925,54.43471,101.386,4.490648,0.7391618,-1.141813,0.01231967,2.166651,0.1558127,-0.003251076,4.14,159
"20210710203020",279.745,57.85657,287.4888,384.6867,13.76019,503.4364,37.15099,9.872998,53.23472,101.3813,4.501097,0.7405641,-1.142259,0.007144615,2.158911,0.155502,-0.005191088,4.08,145
"20210710203040",281.1452,58.1229,287.4744,384.9153,13.75838,506.3886,37.17974,9.839275,52.87092,101.3821,4.523626,0.743973,-1.142314,0.01070711,2.171571,0.1556224,-0.001906633,3.19,148
"20210710203100",282.0422,58.3622,287.405,384.7771,13.7483,507.7058,37.26245,9.813774,53.54224,101.3861,4.538059,0.7470362,-1.142496,0.009448316,2.17722,0.1559686,0.001320839,4.11,156
"20210710203120",282.8567,58.51235,287.4749,384.5245,13.73298,510.589,37.40519,9.794334,52.75617,101.3829,4.551164,0.7489581,-1.140701,0.00690038,2.189584,0.156566,-0.003634691,3.19,152
"20210710203140",284.1169,58.90949,287.6208,384.8671,13.72471,512.1222,37.59242,9.771518,53.14597,101.3801,4.571442,0.7540415,-1.138456,0.01268001,2.196158,0.1573497,-0.0004253387,3.12,154
"20210710203200",284.6149,59.08932,287.763,385.506,13.72391,511.5637,37.61881,9.76812,56.20309,101.3808,4.579453,0.7563433,-1.136726,0.02228821,2.193763,0.1574602,-0.006508827,3.49,152
"20210710203220",283.6634,59.05024,287.4533,385.2635,13.71846,509.325,37.61486,9.752182,54.19824,101.379,4.564145,0.7558431,-1.14004,0.01909961,2.184163,0.1574437,-0.001310587,3.59,155
"20210710203240",283.9227,59.11215,287.5534,384.97,13.7106,511.4891,37.82947,9.759266,53.99697,101.3799,4.568316,0.7566355,-1.13836,0.01534587,2.193444,0.1583419,-0.00237751,2.5,157
"20210710203300",283.7207,59.1357,287.5739,385.3239,13.71363,510.1425,37.93518,9.808662,55.99664,101.3823,4.565066,0.756937,-1.138309,0.02039037,2.187669,0.1587844,-0.01085782,2.7,152
"20210710203320",283.3058,59.08623,287.6641,385.3722,13.71504,508.7563,38.06947,9.831203,56.14122,101.382,4.558391,0.7563038,-1.137333,0.02099989,2.181724,0.1593465,-0.001851797,1.96,153
"20210710203340",282.505,58.87709,287.4205,384.9284,13.71342,506.7259,38.17924,9.855877,54.29622,101.3768,4.545505,0.7536268,-1.140107,0.01449949,2.173017,0.159806,0.002051115,2.95,152
"20210710203400",281.5278,58.58815,287.5228,384.8684,13.70838,505.7421,38.05034,9.88573,54.2393,101.3757,4.529783,0.7499283,-1.138581,0.01400434,2.168798,0.1592664,-0.0001888275,3.88,149
"20210710203420",280.5715,58.4063,287.6148,384.6486,13.70576,503.9595,38.51923,9.822071,53.38432,101.3768,4.514395,0.7476006,-1.137328,0.01093183,2.161154,0.161229,-0.006878376,3.72,154
"20210710203440",278.7719,58.01812,287.667,384.7519,13.70193,501.4222,39.02116,9.808354,54.65457,101.3756,4.485439,0.7426319,-1.13647,0.01277973,2.150273,0.1633299,-0.0006775856,3.79,146
"20210710203500",277.2948,57.65708,287.5097,384.3818,13.69105,498.8855,39.27089,9.789158,53.5764,101.3763,4.461674,0.7380107,-1.137639,0.008121256,2.139395,0.1643753,-0.004616976,4.08,145
"20210710203520",276.6497,57.52272,287.4761,384.1306,13.68198,497.9859,39.74214,9.755371,53.47514,101.3782,4.451294,0.7362908,-1.137463,0.005094254,2.135537,0.1663477,-0.0003151894,3.86,152
"20210710203540",276.0661,57.43668,287.4662,383.9412,13.67432,497.1467,39.81819,9.727406,53.42715,101.3758,4.441904,0.7351895,-1.137096,0.00287601,2.131938,0.1666661,-0.004194498,4.04,144
"20210710203600",276.0259,57.37749,287.4706,383.889,13.66021,498.1214,39.79145,9.699627,53.76115,101.3754,4.441256,0.7344318,-1.136154,0.003223097,2.136118,0.1665541,-0.002986431,3.89,145
"20210710203620",276.8926,57.58733,287.5379,383.9191,13.64488,499.2377,40.38367,9.626812,53.2556,101.3762,4.455202,0.7371178,-1.134391,0.004897851,2.140905,0.169033,0.001581669,3.25,147
"20210710203640",276.8488,57.72446,287.6915,384.2721,13.63702,497.8032,40.38957,9.611038,54.79381,101.3745,4.454497,0.7388732,-1.132078,0.01080136,2.134753,0.1690577,0.001689434,3.7,149
"20210710203700",274.652,57.29464,287.6959,384.6657,13.62997,493.3806,40.0761,9.633686,56.11733,101.3762,4.41915,0.7333714,-1.131582,0.01724432,2.115788,0.1677456,-0.005587816,2.41,162
"20210710203720",272.1383,56.79095,287.426,384.6969,13.62775,488.3636,39.64891,9.667469,56.5081,101.3808,4.378706,0.7269242,-1.134628,0.01788905,2.094273,0.1659575,-0.004801512,2.68,151
"20210710203740",269.5136,56.21577,287.4697,384.5436,13.61344,484.6154,39.24041,9.665821,55.1038,101.3796,4.336474,0.7195618,-1.133208,0.0167423,2.0782,0.1642477,-0.004790544,2.69,152
"20210710203800",264.199,54.88655,287.65,384.7105,13.60356,474.7534,38.26254,9.678921,56.09306,101.3771,4.250962,0.7025478,-1.130454,0.02002588,2.035908,0.1601546,0.002242804,2.38,155
"20210710203820",259.2286,53.86843,287.4403,384.4338,13.60134,468.6706,37.36756,9.687973,55.86178,101.3761,4.170988,0.6895159,-1.132792,0.01606702,2.009823,0.1564085,-0.009011984,2.56,164
"20210710203840",261.3616,54.52433,287.6104,384.1826,13.58985,474.4926,37.35352,9.642555,55.18274,101.377,4.205308,0.6979114,-1.130056,0.0132337,2.03479,0.1563498,-0.006665707,2.94,160
"20210710203900",264.3502,55.26253,287.6255,384.0986,13.57715,476.5724,37.49105,9.637917,55.07089,101.3769,4.253395,0.7073603,-1.129077,0.01299199,2.043709,0.1569254,-0.003581286,2.75,163
"20210710203920",260.957,54.45719,287.5955,384.1603,13.5711,470.048,36.11716,9.607678,56.20893,101.3795,4.198798,0.6970521,-1.129049,0.01439723,2.01573,0.1511747,-0.0003221035,3.14,148
"20210710203940",256.7127,53.331,287.4768,383.8757,13.56042,464.7547,35.16734,9.627327,55.83449,101.3811,4.130507,0.6826368,-1.129777,0.01099796,1.99303,0.1471991,0.002595901,3.38,152
"20210710204000",257.2436,53.60918,287.6765,383.9902,13.55296,469.7128,35.19365,9.630646,56.11207,101.3765,4.13905,0.6861975,-1.126947,0.01330651,2.014292,0.1473092,-0.00861907,2.38,156
"20210710204020",264.8434,55.41945,287.5594,383.9078,13.55316,478.9504,35.83513,9.65939,56.07075,101.3764,4.261331,0.709369,-1.128343,0.01205783,2.053906,0.1499943,-0.001693487,3.47,159
"20210710204040",266.6195,55.85938,287.6414,383.6782,13.54288,479.618,35.68455,9.639835,55.48962,101.3758,4.289908,0.7150002,-1.126726,0.009449626,2.056769,0.149364,-0.002577066,2.99,164
"20210710204100",263.6959,55.22893,287.6973,384.0367,13.5451,472.8482,35.23278,9.634659,55.62665,101.3739,4.242867,0.7069302,-1.126206,0.0146268,2.027738,0.147473,-0.004576922,2.31,161
"20210710204120",262.2461,55.02966,287.5775,383.9787,13.54248,472.9101,35.31896,9.640713,54.49753,101.3744,4.219539,0.7043796,-1.127455,0.01396975,2.028003,0.1478338,-0.001565695,2.51,153
"20210710204140",262.9438,55.21978,287.6979,384.1426,13.53966,473.405,35.19426,9.647625,54.86855,101.3771,4.230766,0.7068132,-1.125854,0.01664481,2.030126,0.1473118,0.005509376,2.24,150
"20210710204200",262.7144,55.25102,287.8581,384.462,13.54349,472.8002,35.22814,9.673649,55.63842,101.3732,4.227075,0.7072131,-1.124204,0.02111103,2.027532,0.1474536,-0.0007736682,2.68,149
"20210710204220",263.3192,55.562,287.7676,384.5062,13.54954,474.0313,35.13297,9.681713,56.15323,101.3719,4.236806,0.7111937,-1.125655,0.02128822,2.032811,0.1470553,0.001206398,3.26,167
"20210710204240",265.1831,56.04757,287.7417,384.32,13.55337,476.799,35.29065,9.707706,55.8401,101.3717,4.266796,0.717409,-1.126203,0.01819882,2.04468,0.1477152,-0.007112503,3.27,163
"20210710204300",265.011,56.03776,287.6626,383.8571,13.55095,475.9728,35.00738,9.653518,52.83607,101.3715,4.264028,0.7172833,-1.126983,0.01147886,2.041137,0.1465296,-0.0006358623,2.58,166
"20210710204320",264.3074,55.865,287.6482,384.0336,13.54671,474.9555,34.76844,9.677601,53.62875,101.3713,4.252706,0.715072,-1.126888,0.01445175,2.036775,0.1455295,-0.00894165,2.25,161
"20210710204340",263.8577,55.78615,287.6591,384.1671,13.54833,474.8367,34.69084,9.6511,54.69706,101.3739,4.24547,0.7140627,-1.126859,0.01631957,2.036265,0.1452046,0.0003983974,2.48,156
"20210710204400",265.7078,56.21862,287.6322,384.2094,13.54853,478.1864,34.85045,9.704182,55.25661,101.3739,4.275238,0.7195983,-1.12719,0.01693395,2.05063,0.1458727,0.002069712,2.72,161
"20210710204420",268.3463,56.99493,287.6812,384.3963,13.54571,482.6576,35.18628,9.688694,56.1283,101.3691,4.317692,0.7295351,-1.126435,0.01995052,2.069804,0.1472784,0.003193617,2.67,161
"20210710204440",270.6733,57.61466,287.7239,384.5916,13.54913,485.4202,35.47517,9.715862,57.7029,101.3683,4.355134,0.7374676,-1.126146,0.02259555,2.081651,0.1484876,-0.003097534,2.76,142
"20210710204500",271.6759,57.86828,287.6831,384.604,13.54833,485.5872,35.40958,9.679424,57.35002,101.3682,4.371265,0.740714,-1.126576,0.02284585,2.082367,0.148213,-0.0008132458,2.98,150
"20210710204520",270.6896,57.59993,287.6563,384.35,13.54913,483.9707,35.26066,9.708786,57.89055,101.3669,4.355396,0.7372791,-1.126944,0.01898694,2.075435,0.1475897,-0.002031565,2.18,140
"20210710204540",269.5834,57.34146,287.6702,384.0745,13.54006,482.9078,35.21784,9.633713,57.27562,101.3681,4.337598,0.7339707,-1.126208,0.01559374,2.070877,0.1474105,0.001534462,2.33,142
"20210710204600",269.4679,57.20416,287.8174,384.4353,13.53563,482.6214,35.1988,9.636196,58.36354,101.3692,4.335739,0.7322132,-1.124189,0.02133928,2.069649,0.1473308,-0.00357008,2.72,141
"20210710204620",268.847,57.10082,287.8782,384.4102,13.52897,481.7071,35.22791,9.611561,57.05832,101.3676,4.325748,0.7308905,-1.12305,0.02149575,2.065728,0.1474526,-0.0003488064,2.4,149
"20210710204640",269.5467,57.35987,288.0533,384.7754,13.52534,483.4152,35.45196,9.623833,57.99635,101.3673,4.337006,0.7342064,-1.120754,0.0272414,2.073053,0.1483905,-0.003485203,2.12,162
"20210710204700",268.8347,57.26645,288.098,384.8741,13.52534,479.8475,35.35945,9.604061,58.1823,101.3682,4.32555,0.7330106,-1.120225,0.02871652,2.057753,0.1480032,0.001737595,2.17,152
"20210710204720",268.0464,57.1005,287.8348,384.6946,13.52434,479.0639,35.55754,9.629326,57.8194,101.3669,4.312867,0.7308863,-1.12327,0.02611469,2.054393,0.1488324,0.001564503,2.85,143
"20210710204740",266.7607,56.77097,287.9074,384.5981,13.5199,477.2023,35.4967,9.622658,57.70612,101.3665,4.292179,0.7266684,-1.122133,0.0250265,2.04641,0.1485777,-0.0004246235,2.43,146
"20210710204800",265.2946,56.43124,288.0795,384.8338,13.51849,474.0497,35.28236,9.633182,58.11939,101.368,4.26859,0.7223199,-1.120012,0.02865929,2.03289,0.1476806,-0.0004966259,2.96,164
"20210710204820",262.0821,55.7349,287.7826,384.6055,13.51829,469.0502,34.8474,9.617241,58.05508,101.3657,4.216901,0.7134067,-1.123505,0.02526651,2.011451,0.14586,-0.003440142,2.91,157
"20210710204840",261.6716,55.67914,287.746,384.4222,13.51849,468.4957,34.72563,9.66647,57.6034,101.3634,4.210296,0.712693,-1.123951,0.02251094,2.009073,0.1453503,-0.01089978,2.73,164
"20210710204900",260.1354,55.33961,287.7214,384.1232,13.51486,466.8144,34.34968,9.684208,56.4494,101.3643,4.185579,0.708347,-1.124013,0.01833305,2.001863,0.1437766,-0.0008459091,2.87,158
"20210710204920",261.4014,55.61637,287.9171,384.3369,13.51325,468.1641,34.36776,9.658745,56.97891,101.3654,4.205949,0.7118895,-1.121599,0.02165557,2.007651,0.1438523,-0.01186466,2.92,169
"20210710204940",260.5853,55.5078,287.657,383.7869,13.50378,466.807,34.26182,9.649402,56.38988,101.3646,4.192818,0.7104999,-1.124074,0.01419409,2.001831,0.1434089,-0.008748054,3.13,164
"20210710205000",261.3234,55.82514,287.772,383.7649,13.49894,467.8603,34.31825,9.647297,56.72262,101.3695,4.204693,0.7145617,-1.12241,0.01425154,2.006348,0.1436451,-0.00669837,2.94,162
"20210710205020",260.7598,55.81604,287.7924,383.4457,13.48886,466.7395,34.13692,9.575493,56.17813,101.3695,4.195625,0.7144452,-1.121534,0.01028692,2.001542,0.1428861,-0.005188704,3.13,166
"20210710205040",261.7045,56.15746,287.6389,383.561,13.48604,468.8245,34.29372,9.56657,57.29326,101.3659,4.210825,0.7188156,-1.123168,0.01223666,2.010483,0.1435424,-0.006144762,3.68,162
"20210710205100",260.1392,55.80238,287.6042,383.2238,13.46749,464.2396,33.86316,9.561066,56.89011,101.3663,4.18564,0.7142705,-1.122409,0.008677088,1.990821,0.1417403,-0.003054857,3.21,163
"20210710205120",255.3545,54.64709,287.6089,383.1572,13.45862,457.7597,33.38804,9.52338,55.95439,101.3658,4.108654,0.6994828,-1.121793,0.008389779,1.963033,0.1397516,-0.002797127,2.96,161
"20210710205140",257.5255,55.21437,287.7112,383.2013,13.44532,463.1945,33.90271,9.511558,56.09142,101.366,4.143585,0.7067439,-1.119746,0.01011076,1.98634,0.1419058,-0.007802486,2.66,157
"20210710205200",259.8712,55.79377,287.7712,383.7864,13.44128,466.6378,34.14191,9.547737,56.96847,101.3664,4.181327,0.7141602,-1.118783,0.01917327,2.001105,0.142907,-0.0009291172,2.5,154
"20210710205220",256.3599,54.88872,287.6653,383.3258,13.42637,458.1792,33.60798,9.515564,55.68468,101.3693,4.12483,0.7025756,-1.119094,0.01348113,1.964832,0.1406721,-0.006812811,2.45,162
"20210710205240",255.2129,54.66864,287.7012,383.2304,13.41992,456.7756,33.48069,9.50079,55.89222,101.3648,4.106375,0.6997586,-1.118263,0.01256982,1.958813,0.1401394,-0.004677057,2.8,170
"20210710205300",250.6179,53.36516,287.6578,382.9271,13.40661,449.0169,32.96844,9.485474,56.01984,101.3653,4.032442,0.6830741,-1.117938,0.009100147,1.925541,0.1379952,-0.006606102,2.94,169
"20210710205320",246.0521,52.21488,287.6313,382.695,13.39492,442.5698,32.44957,9.478989,56.03364,101.3651,3.958978,0.6683505,-1.117514,0.006564344,1.897894,0.1358234,-0.004527092,2.48,160
"20210710205340",249.8516,53.27422,287.7409,382.745,13.38403,452.0028,33.27073,9.441551,55.82715,101.3653,4.020112,0.68191,-1.115533,0.008180551,1.938346,0.1392605,-0.005287647,2.55,162
"20210710205400",252.1049,53.85906,287.9078,383.1011,13.38423,453.7193,33.47004,9.440994,57.46406,101.3649,4.056367,0.689396,-1.113575,0.01348175,1.945706,0.1400948,-0.004266977,2.84,165
"20210710205420",251.9342,53.81673,287.853,383.0943,13.3798,451.9265,33.35494,9.452316,56.39306,101.3687,4.053622,0.6888541,-1.113941,0.01373649,1.938018,0.139613,-0.005361796,2.7,166
"20210710205440",253.2451,54.28988,287.7773,383.185,13.3802,455.2108,33.69226,9.496018,56.59091,101.3675,4.074714,0.6949106,-1.114863,0.01505698,1.952103,0.1410249,-0.003626585,2.54,155
"20210710205500",254.5275,54.6739,287.6637,383.0216,13.38121,457.373,33.94113,9.510376,55.49592,101.3641,4.095347,0.6998259,-1.116268,0.01253432,1.961375,0.1420666,-0.003725767,3.81,163
"20210710205520",256.2846,55.02233,287.6233,382.7712,13.37718,459.0569,34.11773,9.514988,56.34622,101.3642,4.123619,0.7042858,-1.116489,0.009117641,1.968596,0.1428058,-0.00782609,3.58,161
"20210710205540",257.2907,55.24885,287.6348,382.5216,13.37234,460.3473,34.24163,9.483921,55.94108,101.3639,4.139808,0.7071853,-1.11605,0.005773983,1.97413,0.1433244,-0.003544092,3.06,157
"20210710205600",257.8219,55.33126,287.7733,382.5065,13.35984,461.9953,34.47598,9.448342,56.20376,101.3629,4.148354,0.7082402,-1.113625,0.006545324,1.981197,0.1443053,-0.004317284,3.01,149
"20210710205620",257.5242,55.26168,287.7717,382.7228,13.35944,459.9524,34.31831,9.43607,57.17682,101.3659,4.143564,0.7073494,-1.11362,0.009807466,1.972436,0.1436454,-0.008301735,2.98,151
"20210710205640",256.4176,54.94144,287.8503,382.6757,13.35138,457.9745,34.13435,9.423386,56.14799,101.3654,4.12576,0.7032504,-1.112184,0.009745875,1.963954,0.1428753,-0.005163193,3.22,144
"20210710205700",255.1045,54.58411,287.8907,382.8227,13.34473,456.2646,33.94784,9.443779,56.64558,101.3605,4.104631,0.6986766,-1.111287,0.01247232,1.956622,0.1420947,-0.003268957,2.36,153
"20210710205720",254.9405,54.58526,287.9576,383.1506,13.34815,456.1412,33.82976,9.448174,58.06794,101.3595,4.101993,0.6986914,-1.110712,0.01709823,1.956092,0.1416005,-0.004316568,2.44,172
"20210710205740",256.4133,55.02796,287.9862,383.3136,13.35299,457.9689,33.96959,9.479923,59.29234,101.3586,4.12569,0.704358,-1.110681,0.01914809,1.96393,0.1421857,-0.003516436,1.46,161
"20210710205800",255.5456,54.95298,287.9585,383.2994,13.3548,456.1675,33.83793,9.507854,59.69406,101.359,4.111729,0.7033982,-1.111121,0.01879251,1.956205,0.1416346,-0.005742312,2.3,167
"20210710205820",254.0676,54.6772,287.9651,383.2213,13.3548,454.0894,33.6092,9.523552,57.43972,101.3584,4.087948,0.6998682,-1.111043,0.01762492,1.947294,0.1406773,-0.006867886,2.14,155
"20210710205840",252.8652,54.52978,287.946,383.4056,13.35763,452.779,33.45969,9.520275,58.90407,101.3621,4.068601,0.6979811,-1.111448,0.02015122,1.941674,0.1400514,-0.004810095,1.67,163
"20210710205900",253.0803,54.75465,287.9503,383.4105,13.35742,452.0431,33.38271,9.532539,57.4851,101.3581,4.072062,0.7008595,-1.111383,0.02024304,1.938518,0.1397292,-0.001842499,2.06,162
"20210710205920",252.957,54.7781,287.9568,383.3315,13.35924,452.0776,33.43829,9.530594,56.88583,101.3574,4.070078,0.7011596,-1.111421,0.0189171,1.938666,0.1399619,-0.01098514,2.28,166
"20210710205940",253.8143,55.03768,288.0066,383.3061,13.35722,454.23,33.5575,9.518894,56.9565,101.3577,4.083871,0.7044823,-1.110705,0.01869916,1.947897,0.1404609,-0.007852793,2.42,163
"20210710210000",252.4743,54.69704,287.8886,383.0278,13.35118,450.9917,33.28975,9.482322,56.72673,101.357,4.062312,0.7001221,-1.111717,0.01502389,1.93401,0.1393401,-0.006584883,2.73,164
"20210710210020",250.502,54.14454,287.954,382.872,13.34473,448.2036,33.14477,9.50779,57.73967,101.3562,4.030577,0.6930501,-1.11054,0.01320905,1.922053,0.1387333,-0.004724741,2.37,160
"20210710210040",251.5734,54.36282,287.9778,383.2017,13.34593,449.3292,33.20984,9.481975,59.31082,101.3576,4.047815,0.6958441,-1.110336,0.01803794,1.92688,0.1390057,-0.006582022,2.13,174
"20210710210100",250.848,54.3055,288.0928,383.2029,13.35037,448.2512,33.12438,9.492569,59.77094,101.3605,4.036144,0.6951104,-1.109256,0.01770288,1.922257,0.1386479,-0.005637884,2.7,177
"20210710210120",250.8339,54.18881,288.0647,383.3854,13.35138,448.3564,33.14154,9.496391,61.72114,101.362,4.035918,0.6936167,-1.109651,0.02034963,1.922708,0.1387198,-0.003629446,2.39,155
"20210710210140",250.2604,54.09997,287.9115,383.0308,13.35037,447.2888,33.13977,9.508064,59.92894,101.3577,4.02669,0.6924796,-1.111398,0.01513199,1.91813,0.1387124,-0.003709316,2.77,157
"20210710210200",249.5534,53.99317,287.8967,382.9837,13.34876,446.2461,33.01455,9.538486,59.45086,101.3571,4.015314,0.6911125,-1.11147,0.01455715,1.913659,0.1381882,-0.006970167,2.51,154
"20210710210220",249.0527,53.90831,288.0121,382.991,13.3411,444.8222,33.06118,9.514153,59.49836,101.3567,4.007258,0.6900263,-1.109625,0.01527619,1.907553,0.1383834,-0.001716852,2.09,151
"20210710210240",247.869,53.75521,288.1015,383.2209,13.34049,443.2861,32.87327,9.462654,60.10516,101.3581,3.988213,0.6880667,-1.108531,0.01875971,1.900965,0.1375969,0.000670433,2.13,171
"20210710210300",246.1215,53.44432,288.0403,383.1467,13.34452,440.1932,32.65012,9.472752,60.19383,101.3587,3.960096,0.6840874,-1.109507,0.01733101,1.887702,0.1366628,-0.00957036,2.86,149
"20210710210320",247.4005,53.91792,288.0323,382.8523,13.34089,442.4096,32.81197,9.500736,60.32225,101.3625,3.980674,0.6901494,-1.109374,0.01322118,1.897207,0.1373403,-0.006711245,2.84,159
"20210710210340",244.6944,53.13042,287.9283,382.4417,13.33807,438.1319,32.45643,9.48397,59.64126,101.3605,3.937133,0.6800694,-1.110425,0.007310173,1.878862,0.1358521,-0.008630514,3.05,166
"20210710210400",243.0206,52.64439,288.0137,382.4812,13.33686,435.8336,32.22433,9.486183,60.97892,101.3601,3.910201,0.6738482,-1.109339,0.007998178,1.869006,0.1348807,-0.007628441,3.33,160
"20210710210420",243.0382,52.64014,287.9961,382.314,13.3292,435.6243,32.20282,9.468868,59.80108,101.3596,3.910484,0.6737938,-1.109064,0.006110945,1.868109,0.1347906,-0.006492615,2.53,151
"20210710210440",242.0844,52.39785,288.1999,382.6136,13.32396,433.4758,32.15636,9.429489,60.95626,101.3599,3.895138,0.6706924,-1.106329,0.01100112,1.858895,0.1345961,-0.007239342,2.38,153
"20210710210500",242.3717,52.57061,288.1046,382.8062,13.32497,434.3516,32.23446,9.42432,62.35385,101.3609,3.899761,0.6729039,-1.107518,0.01379885,1.862651,0.134923,-0.01025534,3.07,170
"20210710210520",242.2262,52.65538,288.111,382.5351,13.32457,433.6179,32.19641,9.405792,61.24377,101.3632,3.89742,0.6739889,-1.107415,0.009783158,1.859505,0.1347638,-0.009111166,3.24,160
"20210710210540",241.8302,52.45075,288.0171,382.3386,13.32235,432.7856,32.07747,9.40144,59.85916,101.3629,3.891049,0.6713695,-1.108386,0.007022138,1.855936,0.1342659,-0.006030083,2.71,152
"20210710210600",241.482,52.30417,287.8951,382.2285,13.32053,432.0313,32.15683,9.449505,59.33132,101.3589,3.885446,0.6694933,-1.109711,0.005523354,1.852701,0.1345981,-0.004325152,3.09,156
"20210710210620",241.5024,52.25625,287.9587,382.1422,13.3163,433.0458,32.295,9.459294,58.60875,101.3579,3.885773,0.66888,-1.108695,0.004568968,1.857051,0.1351764,-0.009478092,2.89,152
"20210710210640",240.359,51.97106,288.0186,382.012,13.30864,430.1222,32.14095,9.439385,58.93476,101.3582,3.867376,0.6652295,-1.107505,0.003233916,1.844514,0.1345316,-0.008324623,3.05,154
"20210710210700",239.6474,51.85244,288.0093,381.8541,13.30179,429.7909,32.09127,9.425224,58.36507,101.3568,3.855927,0.6637113,-1.107183,0.00142243,1.843093,0.1343237,-0.008227348,3.33,154
"20210710210720",239.4272,51.80888,288.1516,381.8728,13.29876,429.3281,32.09617,9.40047,59.50418,101.3576,3.852384,0.6631537,-1.105312,0.001941544,1.841108,0.1343442,-0.009074211,2.3,164
"20210710210740",239.4099,51.94637,288.0178,381.8808,13.29392,428.6544,32.09158,9.409931,60.63225,101.3611,3.852105,0.6649136,-1.106587,0.002449331,1.838219,0.134325,-0.00710535,2.89,167
"20210710210800",239.1664,52.07031,288.0837,381.8528,13.29453,428.6159,32.08781,9.403255,60.66388,101.3546,3.848186,0.6665,-1.105848,0.001981593,1.838054,0.1343092,-0.01112771,3.78,160
"20210710210820",238.8036,52.24511,287.983,381.5218,13.28264,428.1759,32.13564,9.411282,60.54574,101.355,3.842349,0.6687374,-1.106287,-0.002015069,1.836168,0.1345094,-0.01016569,2.79,167
"20210710210840",239.9225,52.73449,287.97,381.5404,13.28203,430.1919,32.39197,9.430618,61.1535,101.3551,3.860352,0.6750015,-1.106405,-0.001691545,1.844813,0.1355823,-0.01029897,3.48,164
"20210710210900",240.136,53.02717,287.8593,381.5622,13.26933,430.2158,32.40949,9.406654,60.77526,101.3539,3.863788,0.6787478,-1.10691,-0.0003519417,1.844915,0.1356556,-0.00911665,3.48,159
"20210710210920",240.3158,53.34473,288.0014,381.4613,13.26328,430.4599,32.55054,9.388614,60.45468,101.3539,3.866681,0.6828126,-1.104852,-0.001379248,1.845962,0.1362461,-0.01204395,2.27,152
"20210710210940",241.0984,53.78705,287.871,381.4223,13.25784,431.0316,32.5252,9.374558,59.81327,101.3574,3.879274,0.6884742,-1.10605,-0.001529328,1.848414,0.13614,-0.004828453,3.38,156
"20210710211000",240.9846,54.06994,287.9572,381.4329,13.2526,431.0608,32.57357,9.34483,59.24285,101.3566,3.877442,0.6920952,-1.104702,-0.0009536812,1.848539,0.1363424,-0.0005567074,2.73,156
"20210710211020",240.7946,54.41922,287.9789,381.6485,13.24575,430.3739,32.4622,9.348282,59.41164,101.3542,3.874386,0.6965661,-1.104015,0.0028124,1.845593,0.1358763,-0.004648209,3.14,159
"20210710211040",240.7428,54.82664,288.0832,381.5935,13.24434,429.6137,32.36466,9.345936,58.90157,101.3526,3.873552,0.701781,-1.102693,0.002104572,1.842333,0.135468,-0.004632234,2.31,157
"20210710211100",240.755,55.0598,288.1299,381.5169,13.24776,429.227,32.16648,9.40712,58.90048,101.3532,3.873748,0.7047654,-1.102359,0.0006855787,1.840675,0.1346385,-0.006069183,3.94,163
"20210710211120",240.0003,55.28328,288.1119,381.3093,13.24575,427.6067,32.08103,9.404621,58.01088,101.3531,3.861605,0.7076259,-1.102445,-0.002256273,1.833727,0.1342808,-0.008085966,3.08,159
"20210710211140",239.0668,54.94549,288.0453,381.176,13.24373,426.7719,32.00359,9.423062,58.0425,101.3558,3.846584,0.7033023,-1.103105,-0.004086878,1.830147,0.1339567,-0.004143953,3.91,150
"20210710211200",238.3089,54.84054,288.0903,381.0352,13.24837,425.6296,31.86877,9.451492,57.29917,101.3564,3.83439,0.701959,-1.102864,-0.00655735,1.825248,0.1333924,-0.009424925,4.11,150
"20210710211220",238.0102,54.50419,288.169,381.1535,13.24998,424.5546,31.83094,9.455394,58.33442,101.3519,3.829584,0.6976537,-1.102035,-0.00491809,1.820638,0.133234,-0.009451151,3.53,152
"20210710211240",237.1316,53.81432,288.0753,381.1298,13.25703,422.928,31.70989,9.485603,58.43935,101.3532,3.815447,0.6888232,-1.103587,-0.005835972,1.813663,0.1327274,-0.01067591,3.41,159
"20210710211300",236.3829,53.10761,287.8063,380.842,13.25179,422.1885,31.69946,9.460381,57.87276,101.3532,3.803402,0.6797774,-1.106434,-0.009718562,1.810492,0.1326837,-0.01050305,4.24,157
"20210710211320",236.0284,52.59512,287.8895,380.5928,13.24454,421.9206,31.72773,9.433159,56.14628,101.3539,3.797697,0.6732174,-1.104995,-0.01286257,1.809343,0.132802,-0.009298802,3.68,154
"20210710211340",234.5271,51.92602,287.9229,380.5261,13.23506,419.1027,31.58257,9.416806,55.76914,101.3538,3.77354,0.6646531,-1.104004,-0.01310671,1.797258,0.1321944,-0.01223779,3.36,157
"20210710211400",234.1814,51.70885,287.8773,380.5168,13.22539,418.5854,31.62364,9.383786,57.37373,101.3571,3.767978,0.6618732,-1.103933,-0.01247301,1.79504,0.1323663,-0.01201081,3.09,153
"20210710211420",233.9034,51.64043,287.9544,380.7156,13.22035,417.4346,31.66997,9.35603,58.03351,101.3532,3.763505,0.6609975,-1.102705,-0.009102454,1.790105,0.1325603,-0.008769274,2.6,150
"20210710211440",233.2683,51.4559,287.8271,380.6048,13.21289,417.0165,31.7039,9.386135,57.35817,101.3522,3.753287,0.6586356,-1.10374,-0.01016496,1.788312,0.1327023,-0.008975982,2.76,143
"20210710211500",233.9385,51.66953,287.8466,380.677,13.20422,418.6685,31.95694,9.351822,56.6886,101.3523,3.764071,0.66137,-1.102964,-0.008397154,1.795397,0.1337614,-0.01280856,3.26,153
"20210710211520",233.8367,51.85084,287.8481,380.5257,13.19152,418.0753,32.12263,9.327186,56.12586,101.3514,3.762433,0.6636908,-1.102149,-0.009647969,1.792853,0.134455,-0.01060534,2.85,150
"20210710211540",234.2868,52.19487,287.8949,380.6127,13.18265,418.3057,32.53022,9.275353,56.98992,101.3521,3.769675,0.6680943,-1.101038,-0.007641291,1.793841,0.136161,-0.009232521,2.89,149
"20210710211600",234.8598,52.61611,287.9424,380.6956,13.17801,419.2982,32.99088,9.312599,57.73494,101.3555,3.778894,0.6734862,-1.100185,-0.006033381,1.798097,0.1380892,-0.009488582,2.75,144
"20210710211620",234.9836,52.81361,287.8764,380.8096,13.17116,418.4,33.51566,9.280983,58.25136,101.3556,3.780886,0.6760142,-1.100534,-0.003786411,1.794245,0.1402857,-0.01028776,2.29,149
"20210710211640",234.7816,52.73812,287.8399,380.8368,13.16733,418.5942,33.95482,9.281342,58.82521,101.3543,3.777636,0.6750479,-1.100725,-0.003074942,1.795078,0.1421239,-0.01029015,2.62,147
"20210710211700",234.8538,52.64145,287.9576,380.8469,13.16088,418.3962,34.47737,9.307026,60.44475,101.3541,3.778798,0.6738106,-1.098929,-0.002412826,1.794229,0.1443111,-0.00741601,2.2,140
"20210710211720",235.2996,52.55318,287.9514,380.9524,13.16652,418.598,34.77993,9.338673,61.37232,101.3534,3.78597,0.6726808,-1.099357,-0.001284488,1.795094,0.1455775,-0.002548456,2.09,142
"20210710211740",234.0984,52.08962,287.7898,380.8841,13.16108,415.814,34.83035,9.345298,59.77334,101.3546,3.766643,0.6667472,-1.100922,-0.00187126,1.783155,0.1457886,-0.01072955,2.41,145
"20210710211800",233.4164,51.71468,287.7517,380.7798,13.15584,416.4514,34.75878,9.332943,59.38934,101.3535,3.75567,0.6619479,-1.101045,-0.003013656,1.785889,0.145489,-0.009628058,2.66,145
"20210710211820",232.9825,51.40661,287.722,380.8152,13.14475,415.8123,34.62263,9.368118,59.32952,101.3527,3.748688,0.6580046,-1.100697,-0.001601439,1.783148,0.1449191,-0.009869575,2.91,154
"20210710211840",233.7769,51.52209,287.7407,380.7511,13.14092,417.0564,34.51376,9.338112,59.82796,101.3491,3.76147,0.6594827,-1.100237,-0.002256678,1.788483,0.1444634,-0.009663582,2.62,158
"20210710211900",234.2438,51.56857,287.7641,380.5612,13.12943,416.7893,34.14587,9.332188,58.98521,101.3492,3.768983,0.6600778,-1.099237,-0.004178809,1.787338,0.1429236,-0.01063943,2.62,152
"20210710211920",234.4312,51.55844,287.8206,380.7446,13.11955,417.1658,33.7885,9.281967,59.53414,101.3488,3.771999,0.659948,-1.097951,-0.0006551392,1.788952,0.1414277,-0.006227255,2.74,144
"20210710211940",234.7719,51.59186,287.9408,380.7371,13.10968,417.4618,33.68917,9.263016,59.69025,101.3487,3.777479,0.6603758,-1.09591,1.850733e-05,1.790222,0.141012,-0.009147882,2.47,147
"20210710212000",234.6669,51.57868,288.0493,380.8979,13.10625,417.4366,33.36038,9.224926,60.22995,101.348,3.775791,0.6602072,-1.094413,0.002693271,1.790114,0.1396358,-0.009902478,2.51,146
"20210710212020",234.6216,51.64711,288.0161,381.0876,13.10181,416.5328,33.13848,9.219422,61.23599,101.352,3.775062,0.6610829,-1.094525,0.005880774,1.786238,0.138707,-0.009864807,2.28,145
"20210710212040",234.4966,51.749,287.9036,381.0835,13.09678,416.5415,33.23036,9.223606,60.37528,101.3495,3.773051,0.6623872,-1.095538,0.006219772,1.786275,0.1390916,-0.004810333,2.27,151
"20210710212100",234.4671,51.90846,287.8897,380.9893,13.09194,416.9274,33.08112,9.275467,59.11244,101.3483,3.772575,0.6644283,-1.095399,0.005196712,1.78793,0.1384669,-0.009233236,2.58,161
"20210710212120",234.0336,51.93761,288.0222,380.9594,13.08851,415.1603,33.12362,9.232952,60.04812,101.3489,3.765601,0.6648014,-1.093617,0.005022962,1.780352,0.1386448,-0.01097417,2.62,156
"20210710212140",234.3857,52.11415,288.0442,381.1531,13.09315,416.323,33.10979,9.269775,62.06771,101.3491,3.771266,0.6670612,-1.093649,0.007547944,1.785338,0.1385869,-0.009194136,1.96,149
"20210710212200",234.4947,52.2169,287.9292,381.0078,13.09032,415.6019,33.05191,9.258247,60.67106,101.348,3.77302,0.6683763,-1.094831,0.005600127,1.782246,0.1383446,-0.01114821,2.28,147
"20210710212220",234.7297,52.35131,287.8366,380.9735,13.08549,415.8493,32.99646,9.265793,60.84616,101.3523,3.776801,0.6700968,-1.095619,0.005474111,1.783307,0.1381125,-0.009166479,2.06,157
"20210710212240",234.4114,52.44614,287.8407,380.9934,13.08609,416.008,32.91699,9.280422,61.40298,101.3527,3.771679,0.6713106,-1.095609,0.005723302,1.783987,0.1377799,-0.01028419,2.39,160
"20210710212300",234.7666,52.69799,287.8099,380.9914,13.08468,416.5027,32.79893,9.23991,61.04388,101.3485,3.777395,0.6745342,-1.095885,0.005803804,1.786109,0.1372857,-0.01102257,2.42,142
"20210710212320",235.289,52.9988,288.0892,381.1824,13.08649,416.9666,32.72111,9.252792,61.4225,101.3476,3.7858,0.6783847,-1.092699,0.008513863,1.788098,0.13696,-0.003993273,1.82,158
"20210710212340",235.5416,53.22281,287.8989,381.2129,13.08911,417.0236,32.80469,9.29699,62.31979,101.3467,3.789864,0.6812519,-1.095112,0.008761437,1.788342,0.1373098,-0.01853275,2.43,140
"20210710212400",235.5026,53.22049,287.8266,380.8864,13.0875,416.9996,32.94886,9.297195,60.92212,101.3466,3.789237,0.6812223,-1.095864,0.004012241,1.78824,0.1379133,-0.01344991,2.32,149
"20210710212420",235.6992,53.19802,287.9453,380.9902,13.08287,417.4406,33.05174,9.281605,60.47728,101.3477,3.7924,0.6809346,-1.094171,0.005931333,1.790131,0.1383439,-0.01232576,2.21,145
"20210710212440",235.2552,53.00232,288.0365,380.8846,13.07722,416.8868,33.13486,9.260727,59.96614,101.3485,3.785257,0.6784297,-1.09274,0.004803096,1.787756,0.1386918,-0.009131909,2.14,137
"20210710212500",235.5686,52.7468,288.1402,380.7915,13.0744,416.9208,33.03775,9.242573,58.28638,101.3445,3.790299,0.675159,-1.091338,0.003635216,1.787902,0.1382854,-0.004940271,2.52,134
"20210710212520",235.6312,52.52474,288.3154,381.0809,13.07642,416.8381,32.88314,9.256431,58.35981,101.3443,3.791306,0.6723166,-1.089395,0.007799862,1.787547,0.1376382,-0.00808549,1.84,143
"20210710212540",235.824,52.6326,288.2594,381.2152,13.08367,417.6531,32.75285,9.246303,60.08064,101.343,3.794408,0.6736973,-1.090513,0.009227857,1.791042,0.1370928,-0.008015871,2.12,143
"20210710212600",235.6147,52.59488,288.3121,381.3994,13.09174,416.3588,32.55494,9.304497,59.61542,101.342,3.791041,0.6732145,-1.090397,0.01134032,1.785492,0.1362644,-0.01044941,2.28,138
"20210710212620",235.1668,52.59884,288.2817,381.3439,13.09738,415.3805,32.25897,9.307178,59.46962,101.3416,3.783834,0.6732652,-1.091111,0.010062,1.781296,0.1350256,-0.006400585,2.3,136
"20210710212640",234.8081,52.56296,288.5457,381.5488,13.1127,414.9538,32.09926,9.35648,60.34673,101.3437,3.778062,0.672806,-1.088956,0.01190525,1.779467,0.1343571,-0.005721569,2.25,119
"20210710212700",234.8069,52.62478,288.4115,381.3847,13.12238,414.881,32.05012,9.374916,59.9071,101.3426,3.778042,0.6735971,-1.091148,0.008684677,1.779154,0.1341514,-0.001779795,2.65,131
"20210710212720",234.3998,52.43563,288.4983,381.1288,13.13084,414.266,31.99209,9.401989,58.506,101.3399,3.771492,0.671176,-1.090655,0.00418912,1.776517,0.1339085,-0.009084702,2.58,126
"20210710212740",233.6335,52.2689,288.4915,381.0267,13.13709,412.82,31.95881,9.395759,58.12315,101.3387,3.759163,0.669042,-1.091128,0.002167274,1.770316,0.1337693,-0.01005912,2.5,133
"20210710212800",233.5233,52.16345,288.4876,381.1281,13.14636,412.5555,31.93905,9.431816,58.88028,101.3397,3.75739,0.6676921,-1.091757,0.002944479,1.769182,0.1336865,-0.01132369,2.51,133
"20210710212820",233.4486,52.07709,288.4268,381.1271,13.14939,412.9222,32.00981,9.406967,58.74156,101.3384,3.756188,0.6665868,-1.092666,0.002688918,1.770754,0.1339827,-0.01217008,2.14,137
"20210710212840",232.7846,51.87046,288.4093,381.2,13.15624,411.2228,31.86567,9.402489,58.691,101.3427,3.745504,0.6639419,-1.093303,0.003232911,1.763466,0.1333794,-0.007054329,2.28,137
"20210710212900",232.1284,51.63562,288.3549,381.2573,13.15947,410.2686,31.82411,9.39671,59.47452,101.3427,3.734945,0.660936,-1.094147,0.003832932,1.759374,0.1332054,-0.007014513,2.33,131
"20210710212920",232.1086,51.51097,288.4419,381.3538,13.16491,410.3392,31.8325,9.378212,59.92368,101.3385,3.734628,0.6593404,-1.093463,0.004840112,1.759678,0.1332406,-0.009938717,1.73,142
"20210710212940",231.6253,51.45324,288.5872,381.774,13.17439,409.4343,31.81424,9.453006,62.02253,101.3378,3.726852,0.6586015,-1.092342,0.01036621,1.755797,0.1331641,-0.005366325,1.78,134
"20210710213000",231.5899,51.60986,288.8011,382.0404,13.19112,408.8774,31.7785,9.440632,61.09262,101.3371,3.726281,0.6606062,-1.090868,0.01301366,1.753409,0.1330145,-0.007316113,1.52,134
"20210710213020",231.7545,51.80935,288.8942,382.406,13.21128,408.7532,31.79684,9.460278,59.98759,101.3374,3.72893,0.6631597,-1.091036,0.01687297,1.752876,0.1330913,-0.005416155,1.43,143
"20210710213040",231.7325,51.88147,289.0183,382.5005,13.23889,408.4954,31.70855,9.508282,59.59939,101.3417,3.728576,0.6640828,-1.091308,0.01608707,1.751771,0.1327217,-0.001676559,1.18,148
"20210710213100",231.2722,51.8682,288.9556,382.6037,13.26409,406.8651,31.63783,9.555374,58.6683,101.3399,3.72117,0.6639129,-1.093635,0.01562196,1.744779,0.1324257,-0.006068468,1.67,155
"20210710213120",231.2448,51.88386,288.8098,382.4752,13.28727,407.0545,31.60751,9.595089,55.91474,101.3364,3.720729,0.6641135,-1.096815,0.01185893,1.745592,0.1322988,-0.003288269,1.7,158
"20210710213140",231.0201,51.81441,288.7982,382.1884,13.30582,406.6956,31.58792,9.682846,58.10418,101.3368,3.717113,0.6632244,-1.098119,0.006095979,1.744052,0.1322168,-0.008977174,1.69,155
"20210710213200",230.64,51.63056,288.8918,382.1698,13.32114,406.1885,31.4164,9.659786,57.93706,101.3368,3.710997,0.6608712,-1.097979,0.004597495,1.741878,0.1314989,-0.01085377,1.39,146
"20210710213220",230.2214,51.53479,288.83,382.5798,13.33928,405.92,31.3898,9.702305,59.70091,101.3377,3.704262,0.6596453,-1.099852,0.009275398,1.740726,0.1313875,-0.005040407,1.56,138
"20210710213240",229.6228,51.37751,288.5456,382.1214,13.34614,405.1412,31.30528,9.675774,58.31742,101.3399,3.69463,0.6576322,-1.103642,0.001882992,1.737387,0.1310338,-0.007911444,2.13,140
"20210710213300",228.9545,51.08953,288.6182,381.8814,13.34714,403.6611,31.2477,9.627762,57.70372,101.341,3.683879,0.653946,-1.102848,-0.001782062,1.73104,0.1307928,-0.01165175,2.13,139
"20210710213320",228.7046,50.91735,288.4459,381.6488,13.34614,403.5872,31.22556,9.569397,58.73584,101.3368,3.679856,0.651742,-1.104819,-0.005178602,1.730723,0.1307001,-0.009216309,2.3,151
"20210710213340",228.0688,50.71192,288.4788,381.462,13.33767,403.1251,31.25293,9.599731,58.31684,101.3366,3.669627,0.6491125,-1.103898,-0.007295007,1.728741,0.1308147,-0.01349425,1.99,149
"20210710213400",227.8278,50.58136,288.6476,381.4769,13.33283,402.4441,31.24088,9.52932,58.3924,101.3361,3.665749,0.6474414,-1.101598,-0.006685176,1.725821,0.1307642,-0.007924557,1.72,145
"20210710213420",227.5893,50.61205,288.7652,381.7058,13.32678,402.3716,31.24572,9.487057,59.05383,101.3362,3.661913,0.6478343,-1.09983,-0.00278469,1.72551,0.1307845,-0.006617546,1.71,151
"20210710213440",227.2778,50.55523,288.8852,382.1579,13.32336,401.3347,31.1957,9.466065,60.67876,101.336,3.6569,0.647107,-1.098197,0.004242215,1.721063,0.1305751,-0.005456209,1.5,149
"20210710213500",227.1247,50.56331,288.8739,382.0471,13.32396,401.0164,31.20384,9.474541,61.08761,101.3401,3.654437,0.6472104,-1.098369,0.002538027,1.719698,0.1306092,-0.008565426,1.87,151
"20210710213520",227.3946,50.64745,288.6866,381.7698,13.32517,401.0331,31.16228,9.505676,59.51497,101.3361,3.658779,0.6482874,-1.100656,-0.001698625,1.71977,0.1304352,-0.006744862,2.19,160
"20210710213540",226.7021,50.47996,288.7458,381.6328,13.32356,399.6921,31.15158,9.495941,59.46505,101.3345,3.647637,0.6461435,-1.099855,-0.003616506,1.714019,0.1303904,-0.009729386,1.63,153
"20210710213600",226.6666,50.5502,289.0057,381.6858,13.32134,400.1204,31.23667,9.510387,58.47916,101.3352,3.647066,0.6470425,-1.096647,-0.002650082,1.715856,0.1307466,-0.01186371,2.66,144
"20210710213620",226.5758,50.58464,289.0451,381.8086,13.33142,399.13,31.13996,9.484852,57.34299,101.3338,3.645605,0.6474834,-1.096816,-0.001618225,1.711609,0.1303418,-0.0106709,2.52,132
"20210710213640",226.4769,50.65044,288.9984,381.6992,13.3417,397.9474,31.05296,9.552189,55.75726,101.3356,3.644013,0.6483257,-1.098015,-0.004071807,1.706537,0.1299776,-0.004012108,2.32,140
"20210710213700",226.0615,50.6327,289.0764,381.6468,13.35279,397.5043,31.07847,9.581772,55.35421,101.34,3.637329,0.6480986,-1.097792,-0.005737666,1.704637,0.1300844,-0.01031876,2.18,138
"20210710213720",226.1102,50.77189,288.9545,381.6404,13.3673,397.4696,31.02302,9.661976,57.4073,101.3395,3.638114,0.6498802,-1.100147,-0.00699029,1.704488,0.1298523,-0.01086927,1.99,147
"20210710213740",225.7542,50.78204,288.947,381.6323,13.37537,396.7876,31.01055,9.643154,56.35162,101.3358,3.632384,0.65001,-1.100743,-0.007753538,1.701563,0.1298001,-0.01175737,1.81,141
"20210710213800",225.26,50.76524,289.048,381.8098,13.39109,395.5056,30.97001,9.683502,56.36656,101.3354,3.624434,0.6497951,-1.10054,-0.006355176,1.696066,0.1296304,-0.008981705,1.63,145
"20210710213820",223.0451,50.26323,289.1559,382.0338,13.40802,391.294,30.60678,9.66557,57.39079,101.3357,3.588796,0.6433694,-1.100333,-0.004358312,1.678005,0.1281101,-0.008858442,1.04,121
"20210710213840",220.9306,49.83487,289.2162,382.1635,13.42697,388.1764,30.42823,9.694416,56.05451,101.3357,3.554774,0.6378864,-1.100816,-0.003932037,1.664636,0.1273627,-0.01414442,1.3,135
"20210710213900",218.6559,49.34276,289.0439,382.1531,13.44128,384.4081,30.13246,9.704876,56.5486,101.3372,3.518173,0.6315873,-1.103753,-0.005227648,1.648476,0.1261247,-0.011163,1.5,151
"20210710213920",215.323,48.50409,288.994,381.9696,13.45721,379.0707,29.71495,9.770802,55.8267,101.3393,3.464547,0.6208524,-1.105347,-0.009240598,1.625587,0.1243772,-0.0126338,1.29,152
"20210710213940",213.4813,48.16264,289.0876,382.208,13.46971,377.3138,29.53494,9.770409,56.04014,101.3361,3.434915,0.6164817,-1.105029,-0.006674355,1.618053,0.1236237,-0.005506992,1.52,156
"20210710214000",211.6666,47.65876,288.9753,382.0184,13.47696,373.9172,29.26767,9.788014,56.24706,101.3358,3.405716,0.6100322,-1.106813,-0.01008758,1.603487,0.122505,-0.01173353,1.4,135
"20210710214020",211.4999,47.64018,289.0723,382.2238,13.49491,372.7764,29.09592,9.77541,56.97643,101.3355,3.403033,0.6097942,-1.106799,-0.008450445,1.598595,0.1217861,-0.009611845,0.9,138
"20210710214040",209.1274,47.08055,289.032,382.1946,13.5064,369.4247,28.80052,9.773934,56.32782,101.3354,3.36486,0.602631,-1.108001,-0.009805117,1.584222,0.1205497,-0.00145936,0.89,134
"20210710214100",205.7723,46.21242,288.9283,382.0998,13.51809,363.5963,28.36066,9.787781,56.49049,101.335,3.310876,0.591519,-1.109962,-0.01215352,1.559228,0.1187085,-0.01173234,1.48,146
"20210710214120",203.1307,45.48779,288.9191,381.835,13.52353,360.7203,28.19075,9.784161,55.52378,101.3386,3.268373,0.5822438,-1.110415,-0.01654298,1.546894,0.1179974,-0.01170731,1.22,154
"20210710214140",200.8967,44.88942,288.9478,381.7741,13.532,357.2698,27.94184,9.769344,56.10181,101.3358,3.232428,0.5745846,-1.110609,-0.01812783,1.532097,0.1169555,-0.01364136,1.05,151
"20210710214200",201.1147,45.03677,288.9976,381.9255,13.53643,358.046,28.13836,9.821442,56.57339,101.3327,3.235936,0.5764707,-1.110303,-0.01622209,1.535426,0.1177781,-0.003820658,0.9,145
"20210710214220",201.0684,45.15115,288.9391,382.0894,13.54208,357.2007,28.09523,9.810463,57.30798,101.3314,3.235191,0.5779348,-1.111349,-0.01422402,1.531801,0.1175975,-0.01188779,0.6,114
"20210710214240",200.7521,45.1999,288.7943,382.0432,13.54591,356.7552,28.07585,9.805767,55.07716,101.3297,3.230101,0.5785588,-1.1133,-0.01521876,1.52989,0.1175164,-0.01287341,0.56,144
"20210710214300",199.4209,44.93555,288.8579,381.9654,13.54833,354.4603,27.94161,9.796875,53.95644,101.3303,3.208683,0.575175,-1.112701,-0.01657454,1.520049,0.1169546,-0.00772357,0.75,140
"20210710214320",197.9041,44.71797,288.7549,382.0139,13.54873,351.9987,27.80453,9.832329,54.62542,101.3329,3.184277,0.57239,-1.113944,-0.01588321,1.509493,0.1163808,-0.02425194,0.51,138
"20210710214340",197.52,44.69628,288.7604,381.9087,13.54772,351.469,27.72528,9.79993,54.91427,101.3325,3.178097,0.5721124,-1.113816,-0.01737482,1.507222,0.1160491,-0.005708933,0.78,115
"20210710214400",196.4877,44.50979,288.8258,381.8751,13.55216,349.6508,27.63888,9.819114,55.26217,101.3279,3.161488,0.5697253,-1.113323,-0.0182302,1.499424,0.1156874,-0.01398253,0.46,119
"20210710214420",195.7728,44.41671,288.822,381.8496,13.55457,348.7041,27.57571,9.844223,55.79112,101.3271,3.149984,0.568534,-1.11352,-0.01880392,1.495365,0.115423,-0.008047819,0.58,122
"20210710214440",195.0008,44.26222,288.912,381.8095,13.55921,346.9916,27.4549,9.820057,55.28951,101.3268,3.137563,0.5665563,-1.112751,-0.01977226,1.488021,0.1149174,-0.008900404,0.67,150
"20210710214500",194.4804,44.1159,288.8207,381.7652,13.56163,346.3091,27.41695,9.826981,56.1868,101.3275,3.129189,0.5646836,-1.11398,-0.02062633,1.485094,0.1147585,-0.01505446,1.15,151
"20210710214520",194.071,44.05604,288.77,381.5217,13.56667,345.372,27.35734,9.834492,54.96964,101.3274,3.122602,0.5639173,-1.114898,-0.02466981,1.481076,0.114509,-0.01103497,1.02,158
"20210710214540",194.6306,44.22118,288.7408,381.429,13.56607,346.2379,27.37492,9.82875,54.84595,101.3308,3.131607,0.566031,-1.115205,-0.02600577,1.484789,0.1145826,-0.0120132,1.02,161
"20210710214600",193.9352,44.00758,288.7436,381.4514,13.56748,345.5052,27.21797,9.838226,55.16688,101.3301,3.120418,0.563297,-1.115262,-0.02578369,1.481647,0.1139256,-0.006989002,1.19,160
"20210710214620",193.1017,43.76407,288.6744,381.3298,13.56687,343.6238,27.15012,9.863274,55.49127,101.3297,3.107006,0.5601801,-1.11604,-0.0275526,1.473579,0.1136416,-0.007160664,1.31,136
"20210710214640",191.5336,43.34134,288.6915,381.2803,13.56828,341.1776,26.92704,9.832851,56.80398,101.3291,3.081776,0.5547692,-1.115926,-0.02840343,1.463089,0.1127079,-0.015095,1.49,161
"20210710214700",191.2185,43.26744,288.7278,381.2554,13.5703,341.409,26.98007,9.842083,56.74158,101.3288,3.076705,0.5538232,-1.115627,-0.02893842,1.464081,0.1129299,-0.008033276,1.34,177
"20210710214720",192.411,43.61326,288.5473,381.1025,13.56727,343.3034,27.16124,9.808815,58.23382,101.329,3.095893,0.5582498,-1.117566,-0.03097992,1.472205,0.1136882,-0.01289439,1.66,164
"20210710214740",193.1228,43.70581,288.4033,380.8902,13.56365,343.4324,27.21079,9.845787,59.79746,101.3297,3.107346,0.5594344,-1.119039,-0.0338624,1.472758,0.1138956,-0.01314807,1.36,183
"20210710214800",192.466,43.55538,288.4723,380.8021,13.5576,342.9488,27.19533,9.763546,59.38307,101.3286,3.096777,0.5575088,-1.117841,-0.03469473,1.470684,0.1138309,-0.0136013,0.92,166
"20210710214820",194.0118,44.02022,288.3875,380.9628,13.54812,345.544,27.30014,9.759422,59.60538,101.3245,3.121651,0.5634588,-1.118246,-0.03153713,1.481813,0.1142696,-0.01051998,1.18,183
"20210710214840",195.1573,44.39749,288.3487,381.1844,13.54409,346.3502,27.4341,9.732682,58.44824,101.3243,3.14008,0.5682878,-1.11845,-0.02790627,1.485271,0.1148303,-0.01440692,0.95,176
"20210710214900",194.6243,44.35918,288.3783,381.1658,13.53462,345.0252,27.29923,9.723026,60.40084,101.324,3.131504,0.5677976,-1.117501,-0.02742689,1.479588,0.1142657,-0.01535869,0.83,169
"20210710214920",194.5359,44.44333,288.3451,381.1454,13.52918,345.1575,27.33892,9.666931,59.15846,101.3232,3.130083,0.5688746,-1.11755,-0.02729665,1.480156,0.1144319,-0.008867979,1.03,165
"20210710214940",195.0141,44.64414,288.2803,381.2454,13.5195,345.7292,27.32435,9.656349,61.05556,101.327,3.137778,0.571445,-1.117705,-0.02503128,1.482607,0.1143709,-0.00676012,1.16,179
"20210710215000",194.8084,44.55251,288.3196,381.2759,13.51748,344.4446,27.17527,9.671257,61.51709,101.3275,3.134467,0.5702722,-1.117113,-0.02441437,1.477099,0.1137469,-0.01093292,1.31,184
"20210710215020",192.2997,43.87997,288.3523,381.2062,13.51406,340.3316,26.83437,9.677269,61.86286,101.3234,3.094103,0.5616636,-1.116512,-0.0251839,1.459461,0.11232,-0.0119915,0.9,176
"20210710215040",191.4193,43.64319,288.022,380.8339,13.5074,339.202,26.75483,9.653992,62.30433,101.3237,3.079937,0.5586328,-1.119992,-0.03021445,1.454617,0.1119871,-0.008779287,1.46,176
"20210710215100",189.6337,43.02696,288.0225,380.5146,13.4939,335.9881,26.40272,9.658527,62.02763,101.3233,3.051206,0.5507451,-1.119134,-0.033906,1.440834,0.1105132,-0.01186323,1.39,169
"20210710215120",188.1562,42.56491,288.0858,380.517,13.4816,335.2715,26.41634,9.621704,63.38726,101.3235,3.027434,0.5448308,-1.117611,-0.032888,1.437761,0.1105703,-0.01059294,1.54,164
"20210710215140",187.9145,42.3982,287.8257,380.2654,13.46285,333.9687,26.26985,9.598805,62.57624,101.3233,3.023544,0.542697,-1.119499,-0.03515206,1.432174,0.1099571,-0.01552272,1.88,152
"20210710215200",186.0989,41.86692,287.8806,379.9515,13.44411,330.4317,25.97031,9.524853,61.68991,101.3276,2.994332,0.5358966,-1.117669,-0.03834451,1.417006,0.1087033,-0.01603198,1.88,147
"20210710215220",183.5201,41.22268,287.8171,379.8006,13.41891,326.8785,25.68764,9.511715,62.42132,101.3259,2.952839,0.5276503,-1.116832,-0.0385906,1.401769,0.1075202,-0.01390743,1.37,147
"20210710215240",183.3661,41.45485,287.6913,379.6478,13.39814,327.9291,25.81672,9.454075,63.20962,101.3245,2.950361,0.5306221,-1.117007,-0.03921671,1.406274,0.1080604,-0.01147652,1.92,152
"20210710215300",180.1816,40.70802,287.5415,379.5074,13.36992,323.6913,25.45559,9.430081,63.3539,101.3248,2.899122,0.5210627,-1.116999,-0.03906754,1.388101,0.1065489,-0.01131177,2.26,153
"20210710215320",183.9158,41.79375,287.3586,379.0436,13.33223,331.007,26.03057,9.378773,63.45178,101.3254,2.959206,0.53496,-1.116783,-0.04298965,1.419474,0.1089556,-0.01401091,2.44,149
"20210710215340",182.0533,41.3745,287.3215,378.8567,13.30199,324.639,25.53649,9.346786,64.17005,101.3262,2.929238,0.5295936,-1.115319,-0.04337628,1.392165,0.1068875,-0.01175642,2.65,148
"20210710215400",177.2413,40.16957,287.229,378.6404,13.26429,318.7278,24.90312,9.307327,64.78268,101.33,2.851813,0.5141705,-1.114037,-0.04360292,1.366816,0.1042364,-0.01453638,2.36,151
"20210710215420",176.7874,40.14398,287.2208,378.3536,13.22639,319.6161,25.09887,9.223346,64.37409,101.3304,2.844509,0.513843,-1.111749,-0.04487202,1.370625,0.1050557,-0.01395893,2.62,144
"20210710215440",181.4469,41.53906,287.2988,378.3852,13.19757,326.9818,25.76696,9.202816,65.34617,101.3258,2.919481,0.5317,-1.109016,-0.04210674,1.402212,0.1078522,-0.01483417,1.95,154
"20210710215500",183.6818,42.11043,287.2109,378.4666,13.16995,329.8188,26.0404,9.187508,66.16666,101.3267,2.955441,0.5390135,-1.108318,-0.03869371,1.414378,0.1089967,-0.01167893,2.36,156
"20210710215520",187.5218,43.01814,287.2283,378.477,13.14072,334.3813,26.43965,9.124722,65.591,101.3262,3.017226,0.5506321,-1.106275,-0.03621425,1.433944,0.1106678,-0.01226401,2,142
"20210710215540",188.8389,43.19034,287.2794,378.6009,13.1129,336.7546,26.72611,9.131562,65.91509,101.3254,3.038419,0.5528364,-1.103923,-0.03215387,1.444121,0.1118669,-0.01536059,1.8,148
"20210710215600",189.6687,43.25484,287.1648,378.6017,13.08508,336.709,26.79546,9.106293,65.6114,101.3268,3.051769,0.553662,-1.103529,-0.02992915,1.443925,0.1121571,-0.01315379,2.3,144
"20210710215620",189.8991,43.26105,287.0935,378.5224,13.0623,337.551,26.88532,9.101918,65.05942,101.3295,3.055477,0.5537414,-1.102941,-0.02930504,1.447537,0.1125333,-0.01210737,2,148
"20210710215640",191.7875,43.8983,287.0957,378.4959,13.0361,339.804,27.1538,9.033382,65.09074,101.3238,3.085861,0.5618983,-1.101268,-0.02761875,1.457198,0.113657,-0.01366854,1.82,144
"20210710215700",193.0931,44.25761,287.1427,378.6016,13.01009,341.6753,27.36498,9.060654,65.94827,101.3231,3.106869,0.5664974,-1.099081,-0.02397403,1.465223,0.1145409,-0.01283979,1.8,150
"20210710215720",191.4442,43.79412,287.1494,378.5236,12.99155,338.6785,27.08216,9.03815,65.88677,101.3222,3.080337,0.5605648,-1.097837,-0.0236662,1.452372,0.1133572,-0.008619309,2.03,149
"20210710215740",192.1776,43.98438,287.1448,378.4998,12.96937,340.6175,27.37251,9.024486,65.82937,101.3207,3.092137,0.5630001,-1.0965,-0.02226086,1.460686,0.1145725,-0.01360726,1.72,141
"20210710215800",194.113,44.4438,287.1286,378.464,12.95063,342.9138,27.53928,9.001034,66.0773,101.3201,3.123278,0.5688806,-1.095515,-0.02130889,1.470534,0.1152705,-0.0103972,2,149
"20210710215820",195.0098,44.73263,287.2272,378.4617,12.93006,343.4901,27.59122,8.989654,66.4451,101.3233,3.137707,0.5725777,-1.093061,-0.0197118,1.473005,0.1154879,-0.009302616,1.66,155
"20210710215840",194.8998,44.70904,287.2358,378.5688,12.91938,342.686,27.54891,9.042911,67.41314,101.321,3.135937,0.5722757,-1.09229,-0.01726449,1.469557,0.1153108,-0.01170135,1.46,138
"20210710215900",194.0498,44.63785,286.9925,378.485,12.90648,341.1916,27.44053,9.057636,67.2778,101.3167,3.122261,0.5713645,-1.094355,-0.01749264,1.463149,0.1148572,-0.006720543,1.74,129
"20210710215920",193.5903,44.47199,287.0207,378.436,12.89559,340.1684,27.28753,9.070675,67.5217,101.3165,3.114867,0.5692415,-1.093341,-0.01736299,1.458761,0.1142168,-0.02002358,2.29,139
"20210710215940",192.4903,44.21697,286.9555,378.343,12.8841,338.374,27.26035,9.031338,66.78798,101.3146,3.097168,0.5659772,-1.093388,-0.01783861,1.451066,0.114103,-0.01365447,2.06,140
"20210710220000",191.7152,44.12876,286.9891,378.09,12.8708,337.3423,27.1925,9.044968,65.8272,101.3129,3.084698,0.5648481,-1.092158,-0.02056414,1.446641,0.113819,-0.01171541,2.31,142
"20210710220020",191.8813,44.14679,287.077,378.1347,12.86274,337.9067,27.24348,9.073158,65.95766,101.3126,3.08737,0.5650789,-1.090616,-0.0192583,1.449062,0.1140324,-0.01190925,1.96,138
"20210710220040",192.1508,44.18192,287.0505,378.0717,12.8583,338.8533,27.35909,9.039127,66.19359,101.3119,3.091707,0.5655285,-1.09065,-0.01984871,1.453121,0.1145163,-0.01472449,1.77,132
"20210710220100",193.1318,44.37349,287.0206,378.0197,12.85266,339.5916,27.38787,9.043785,66.88464,101.3111,3.107491,0.5679807,-1.090649,-0.0201777,1.456287,0.1146368,-0.01170778,1.9,126
"20210710220120",192.8183,44.29314,286.9625,377.9147,12.84399,338.7662,27.32792,9.071278,66.7593,101.3143,3.102447,0.5669523,-1.090793,-0.02105916,1.452748,0.1143858,-0.01392961,1.99,133
"20210710220140",192.8487,44.28091,287.0617,377.8707,12.83532,339.0943,27.30124,9.011688,65.53957,101.3133,3.102935,0.5667956,-1.089079,-0.02103085,1.454155,0.1142742,-0.01250315,1.98,137
"20210710220200",193.0049,44.33457,287.1998,378.0254,12.82867,338.914,27.27948,9.046826,65.89443,101.3093,3.105449,0.5674825,-1.087031,-0.01819155,1.453381,0.1141831,-0.008678913,1.94,130
"20210710220220",193.0063,44.37801,287.2479,378.3172,12.82867,338.0643,27.22341,9.056438,67.12508,101.3088,3.105472,0.5680386,-1.086462,-0.01383152,1.449738,0.1139484,-0.009761572,1.87,121
"20210710220240",192.6381,44.34317,287.153,378.384,12.8331,337.3966,27.2352,9.061558,67.66191,101.3086,3.099547,0.5675926,-1.087861,-0.01318538,1.446874,0.1139977,-0.01182962,2.09,130
"20210710220300",192.4162,44.30199,287.1554,378.1478,12.82947,336.7932,27.19927,9.091579,65.74734,101.3076,3.095977,0.5670655,-1.087605,-0.01642649,1.444287,0.1138474,-0.01305246,2.02,129
"20210710220320",192.1375,44.1474,287.1597,378.0368,12.82544,336.09,27.11381,9.094673,65.3647,101.3083,3.091492,0.5650867,-1.087301,-0.01776599,1.441271,0.1134896,-0.0161233,2.08,140
"20210710220340",191.3781,44.01888,287.1127,378.0518,12.82484,334.9995,26.99549,9.075134,65.83877,101.3118,3.079274,0.5634417,-1.087818,-0.01749242,1.436594,0.1129944,-0.01395607,2.17,128
"20210710220400",190.8111,43.91965,287.198,378.1574,12.82867,334.1436,26.87154,9.080692,64.60701,101.3073,3.070151,0.5621715,-1.087052,-0.01621916,1.432924,0.1124756,-0.01196122,1.49,141
"20210710220420",190.0367,43.80482,287.3127,378.4308,12.8333,332.8248,26.83465,9.08775,65.80633,101.3078,3.057691,0.5607017,-1.085988,-0.01250162,1.427269,0.1123212,-0.00387764,1.22,155
"20210710220440",189.758,43.78487,287.3439,378.4677,12.83975,332.0419,26.70109,9.119866,66.41767,101.307,3.053206,0.5604463,-1.086022,-0.01246106,1.423912,0.1117621,-0.009181022,1.48,144
"20210710220500",189.0985,43.66738,287.244,378.2438,12.84983,330.6417,26.61427,9.130039,66.38693,101.3074,3.042595,0.5589425,-1.087833,-0.01660467,1.417907,0.1113987,-0.01128388,1.76,127
"20210710220520",188.756,43.60699,287.2397,378.3225,12.85528,330.1822,26.61584,9.136932,65.33816,101.3072,3.037084,0.5581694,-1.088226,-0.01586174,1.415936,0.1114053,-0.00828147,1.57,132
"20210710220540",188.2299,43.5359,287.2333,378.2274,12.86011,329.1572,26.49563,9.161953,63.82114,101.3105,3.028619,0.5572596,-1.088605,-0.01766514,1.411541,0.1109022,-0.0165863,1.33,130
"20210710220600",187.9437,43.56393,287.2998,378.3098,12.86979,329.182,26.491,9.16975,64.49852,101.3096,3.024015,0.5576183,-1.088426,-0.01720084,1.411647,0.1108827,-0.0115571,1.34,121
"20210710220620",187.9133,43.60624,287.4081,378.3532,12.87382,328.7121,26.59579,9.186714,64.18484,101.3052,3.023525,0.5581599,-1.0874,-0.01687228,1.409632,0.1113214,-0.01472354,1.1,131
"20210710220640",187.7625,43.69433,287.5318,378.5405,12.88713,328.4069,26.58688,9.221832,65.25483,101.3041,3.021099,0.5592875,-1.086772,-0.01512896,1.408323,0.1112841,-0.004797936,0.96,114
"20210710220700",187.5233,43.71461,287.4884,378.6498,12.89721,327.399,26.51688,9.208431,66.43996,101.3047,3.01725,0.559547,-1.087917,-0.01429643,1.404001,0.1109911,-0.008772612,1.03,124
"20210710220720",186.8498,43.63703,287.53,378.644,12.9097,326.4074,26.51373,9.268166,65.83114,101.3044,3.006413,0.5585539,-1.088209,-0.01537259,1.399749,0.1109779,-0.007149219,1.33,134
"20210710220740",186.4188,43.47273,287.5421,378.8397,12.92442,326.0664,26.45308,9.275864,65.29129,101.3058,2.999479,0.5564509,-1.088989,-0.01361723,1.398286,0.1107241,-0.01025248,1.58,131
"20210710220800",185.7362,43.37006,287.5413,378.6851,12.93369,324.4366,26.37154,9.290703,64.24602,101.3072,2.988496,0.5551368,-1.08958,-0.01666173,1.391297,0.1103827,-0.01645589,1.33,128
"20210710220820",184.2297,42.96005,287.5757,378.7222,12.94498,321.7551,26.1445,9.302074,64.70015,101.3029,2.964256,0.5498887,-1.089882,-0.01700368,1.379798,0.1094324,-0.008398533,1.23,134
"20210710220840",182.826,42.70972,287.6041,378.6559,12.95829,320.2482,25.95243,9.306706,65.3756,101.3027,2.94167,0.5466844,-1.090381,-0.01905011,1.373336,0.1086285,-0.007414102,0.99,123
"20210710220900",183.0984,42.9789,287.6288,378.762,12.97199,321.196,26.06923,9.339321,65.21287,101.3018,2.946053,0.55013,-1.090949,-0.01855344,1.377401,0.1091174,-0.01475644,0.72,110
"20210710220920",183.2455,43.08222,287.5029,378.7188,12.98147,320.6953,26.08954,9.363578,65.5761,101.3011,2.948421,0.5514523,-1.093031,-0.01995101,1.375253,0.1092024,-0.009838104,1.54,121
"20210710220940",183.3757,43.0926,287.4286,378.6731,12.98631,321.2875,26.10145,9.384354,65.315,101.3021,2.950515,0.5515853,-1.094211,-0.02101644,1.377793,0.1092522,-0.006929874,1.63,165
"20210710221000",183.1344,42.92108,287.2319,378.3975,12.99477,320.2713,26.01613,9.365845,64.9058,101.3054,2.946632,0.5493899,-1.097067,-0.02580752,1.373435,0.1088951,-0.0139215,1.64,155
"20210710221020",182.3532,42.57522,287.2078,378.1671,12.99155,319.5844,25.97023,9.35688,64.00518,101.3021,2.934063,0.5449629,-1.097147,-0.02899227,1.37049,0.108703,-0.006741286,1.57,151
"20210710221040",181.9231,42.34608,287.2913,378.1322,12.99114,319.0539,25.93125,9.334618,64.05965,101.3008,2.927142,0.5420299,-1.096138,-0.02948377,1.368214,0.1085398,-0.008622408,1.89,152
"20210710221100",182.1638,42.37343,287.2736,378.1436,12.98752,319.0944,25.9486,9.335506,64.58604,101.3008,2.931015,0.5423799,-1.096118,-0.02902473,1.368388,0.1086125,-0.01269627,1.7,162
"20210710221120",181.9086,42.28489,287.1967,378.0014,12.9855,318.2367,25.87978,9.309654,64.714,101.2997,2.92691,0.5412466,-1.0969,-0.03098854,1.36471,0.1083244,-0.01455236,2.07,158
"20210710221140",181.6308,42.18698,287.2221,377.9188,12.97905,318.0303,25.91984,9.265118,63.82186,101.2994,2.92244,0.5399934,-1.096194,-0.03171013,1.363825,0.1084921,-0.008144855,1.88,160
"20210710221200",181.7854,42.24489,287.2273,377.8925,12.96937,318.2638,25.90411,9.268002,63.7082,101.3032,2.924927,0.5407345,-1.095526,-0.03133462,1.364826,0.1084262,-0.01019859,1.69,151
"20210710221220",181.8502,42.26164,287.1844,377.8564,12.96353,318.328,25.95454,9.246186,63.94152,101.3026,2.92597,0.540949,-1.095666,-0.03141066,1.365101,0.1086373,-0.01208234,1.6,151
"20210710221240",181.6486,42.28008,287.2871,378.0199,12.95667,317.6827,25.94466,9.232273,64.85348,101.2978,2.922727,0.541185,-1.094023,-0.02842289,1.362334,0.108596,-0.01198673,1.35,155
"20210710221300",181.1317,42.24176,287.2706,378.1869,12.95667,317.2314,25.90907,9.246365,66.30235,101.2968,2.91441,0.5406945,-1.094218,-0.02592834,1.360399,0.108447,-0.01004982,1.39,145
"20210710221320",180.5922,42.14759,287.2064,378.0845,12.95204,315.7932,25.90677,9.257179,66.27909,101.2961,2.905728,0.5394892,-1.094685,-0.02708967,1.354231,0.1084374,-0.01012445,1.78,139
"20210710221340",179.4547,41.86516,287.1931,377.8672,12.94821,313.803,25.8282,9.212486,64.45836,101.2964,2.887427,0.5358741,-1.094604,-0.03003466,1.345697,0.1081085,-0.008800268,1.88,146
"20210710221400",178.8761,41.76956,287.1946,377.7825,12.94095,313.2699,25.8632,9.233806,64.97313,101.2971,2.878117,0.5346504,-1.09413,-0.03072297,1.34341,0.108255,-0.01199746,1.83,159
"20210710221420",178.3273,41.67267,287.1595,377.7608,12.93873,312.2688,25.93974,9.214359,65.74458,101.298,2.869286,0.5334102,-1.094404,-0.03087012,1.339117,0.1085754,-0.01084685,2.05,155
"20210710221440",177.7737,41.40934,287.0225,377.5474,12.92785,311.2191,26.04485,9.209484,65.47797,101.2947,2.860379,0.5300396,-1.095341,-0.03319648,1.334616,0.1090153,-0.01183009,2.16,156
"20210710221500",177.3777,41.2791,286.9423,377.484,12.92482,310.85,26.13816,9.229519,65.96105,101.2936,2.854008,0.5283725,-1.096099,-0.03390441,1.333033,0.1094059,-0.0119679,2.17,158
"20210710221520",177.1572,41.18902,286.9506,377.255,12.91515,310.265,26.18263,9.197697,64.48351,101.2924,2.85046,0.5272195,-1.095395,-0.03655872,1.330524,0.109592,-0.009715557,2.07,157
"20210710221540",176.8016,41.0607,286.9872,377.213,12.90547,309.6732,26.15448,9.184147,64.40627,101.2921,2.844737,0.525577,-1.094354,-0.03641683,1.327987,0.1094742,-0.01063943,1.94,155
"20210710221600",176.7617,41.0832,287.0376,377.2164,12.89862,309.4495,26.17698,9.156631,64.2322,101.2912,2.844096,0.5258649,-1.09333,-0.03582308,1.327027,0.1095684,-0.01146698,1.69,156
"20210710221620",176.8149,41.16669,287.043,377.2136,12.89317,309.397,26.09825,9.164879,64.24305,101.2948,2.844952,0.5269337,-1.092925,-0.0354336,1.326802,0.1092388,-0.008473396,1.87,157
"20210710221640",176.7655,41.14693,287.0252,377.3114,12.88874,309.1997,26.06471,9.153298,64.87112,101.2932,2.844157,0.5266806,-1.092857,-0.03361959,1.325956,0.1090985,-0.01144362,1.68,167
"20210710221700",176.9978,41.21479,286.9801,377.2684,12.88128,309.5638,26.06669,9.148049,65.71008,101.2905,2.847894,0.5275493,-1.092922,-0.03367187,1.327517,0.1091067,-0.008357763,1.95,155
"20210710221720",176.8479,41.16625,286.9377,377.2426,12.87705,308.9342,26.19509,9.167267,65.57587,101.291,2.845482,0.526928,-1.093156,-0.03372122,1.324818,0.1096442,-0.007473469,1.59,160
"20210710221740",176.6523,41.11904,286.9637,377.2528,12.86838,308.1856,26.30483,9.155983,66.24396,101.2901,2.842335,0.5263238,-1.092307,-0.03288151,1.321607,0.1101035,-0.0104456,2.12,161
"20210710221800",176.145,40.94557,286.8928,377.194,12.86737,307.5398,26.29891,9.179943,65.84741,101.2909,2.834173,0.5241034,-1.093081,-0.03367915,1.318838,0.1100787,-0.0116272,2.11,164
"20210710221820",175.9423,40.87398,286.8187,376.9658,12.8579,307.0294,26.25039,9.138157,65.75818,101.2947,2.830912,0.5231869,-1.093363,-0.03633975,1.316649,0.1098756,-0.0113399,2.08,167
"20210710221840",175.1217,40.62899,286.7482,376.9698,12.85145,305.5891,26.03173,9.149922,65.67402,101.2951,2.817709,0.5200511,-1.09379,-0.03576572,1.310472,0.1089604,-0.01040411,2.12,171
"20210710221900",174.7725,40.49967,286.7222,376.7992,12.84621,305.1313,25.67788,9.119469,65.29498,101.29,2.812089,0.5183957,-1.093769,-0.03789962,1.30851,0.1074793,-0.01222801,1.96,179
"20210710221920",174.4927,40.42814,286.7135,376.7613,12.84439,304.9807,25.33309,9.116329,66.01176,101.2906,2.807587,0.5174801,-1.093758,-0.03832256,1.307864,0.1060361,-0.008140087,2.08,166
"20210710221940",174.3206,40.32082,286.6679,376.6961,12.84016,304.4389,25.05741,9.06681,66.55234,101.29,2.804818,0.5161064,-1.094031,-0.0389605,1.30554,0.1048822,-0.01186562,1.9,171
"20210710222000",174.1914,40.32264,286.7289,376.6882,12.8331,304.3918,24.94622,9.093846,66.31426,101.2901,2.80274,0.5161298,-1.09287,-0.03852038,1.305338,0.1044168,-0.01001883,1.67,174
"20210710222020",173.8981,40.33875,286.7219,376.9741,12.83391,303.4094,24.88966,9.081414,67.2743,101.2909,2.79802,0.516336,-1.093001,-0.03431201,1.301125,0.1041801,-0.003834486,1.34,168
"20210710222040",173.2659,40.24281,286.6365,376.9606,12.83209,302.2172,24.76037,9.110668,68.13219,101.2942,2.787849,0.515108,-1.093897,-0.03437097,1.296013,0.1036389,-0.007084608,1.32,180
"20210710222100",172.6666,40.15547,286.7161,376.8153,12.83209,300.8805,24.64203,9.127854,67.38085,101.2901,2.778205,0.51399,-1.092958,-0.03654057,1.29028,0.1031436,-0.007202387,1.59,169
"20210710222120",170.1604,39.5831,286.5803,376.8721,12.83109,297.0897,24.24436,9.129448,67.10901,101.2897,2.737882,0.5066636,-1.094498,-0.03561243,1.274024,0.1014791,-0.01026297,1.4,175
"20210710222140",169.0362,39.29097,286.5319,376.3402,12.8198,296.0309,24.24456,9.107403,65.67008,101.29,2.719793,0.5029244,-1.094362,-0.04266533,1.269483,0.1014799,-0.0121448,2.14,166
"20210710222200",170.2203,39.54987,286.5212,376.352,12.81859,298.3857,24.47759,9.049332,65.24725,101.2903,2.738845,0.5062384,-1.094412,-0.04239086,1.279582,0.1024553,-0.008696079,1.84,174
"20210710222220",170.2085,39.47594,286.579,376.4589,12.80972,298.1054,24.37465,9.039798,66.14916,101.2906,2.738654,0.5052921,-1.093175,-0.04009354,1.27838,0.1020244,-0.006597757,1.29,188
"20210710222240",169.2757,39.37374,286.6234,376.5768,12.80528,296.6531,24.33805,9.039894,66.95828,101.2939,2.723646,0.5039839,-1.092371,-0.03797905,1.272152,0.1018712,-0.007615328,1.42,166
"20210710222300",169.9692,39.5563,286.551,376.3312,12.79883,297.567,24.35237,9.006374,65.90376,101.294,2.734804,0.5063207,-1.092824,-0.04113864,1.276071,0.1019312,-0.01043367,2,171
"20210710222320",170.3,39.69071,286.6135,376.3111,12.78896,297.8766,24.48049,8.993107,65.66606,101.2883,2.740127,0.5080412,-1.091466,-0.04065466,1.277399,0.1024674,-0.008309841,1.83,169
"20210710222340",170.7527,39.84018,286.5689,376.3305,12.78392,297.8495,24.45294,9.005242,66.4401,101.289,2.747411,0.5099543,-1.091678,-0.03996594,1.277283,0.1023521,-0.008393288,1.7,177
"20210710222400",170.5493,39.76653,286.4745,376.2921,12.77706,296.9903,24.42861,9.003227,67.71269,101.2882,2.744138,0.5090116,-1.092365,-0.0399981,1.273598,0.1022503,-0.007363319,1.8,161
"20210710222420",170.3423,39.64731,286.3816,375.9454,12.76456,296.7914,24.36837,8.992416,66.08815,101.2883,2.740808,0.5074856,-1.092678,-0.04418666,1.272745,0.1019981,-0.01033759,2.27,160
"20210710222440",169.6246,39.3865,286.3654,375.8834,12.75146,295.7014,24.27673,8.926537,65.67012,101.2895,2.72926,0.5041472,-1.09205,-0.04407622,1.268071,0.1016145,-0.005819798,2.21,166
"20210710222500",168.8978,39.19911,286.3227,375.6771,12.73715,294.803,24.20079,8.949005,65.83048,101.292,2.717566,0.5017486,-1.091658,-0.04602494,1.264218,0.1012967,-0.01003957,1.87,160
"20210710222520",168.2803,38.93491,286.214,375.419,12.7186,293.8198,24.10002,8.944107,65.81034,101.2874,2.707631,0.4983668,-1.091782,-0.04841261,1.260002,0.1008749,-0.01102209,2.37,163
"20210710222540",168.2782,38.92698,286.2055,375.3496,12.70389,293.9102,24.12923,8.917877,65.58282,101.2876,2.707596,0.4982654,-1.090961,-0.04828508,1.26039,0.1009972,-0.01287389,2.39,186
"20210710222600",168.2411,38.86427,286.1505,375.4803,12.6924,293.491,24.11601,8.877502,66.19026,101.2884,2.706999,0.4974627,-1.090892,-0.0454216,1.258592,0.1009418,-0.008531332,2.44,177
"20210710222620",168.1252,38.88582,286.0503,375.2954,12.67607,293.4792,24.11306,8.842651,66.2815,101.2893,2.705135,0.4977386,-1.091054,-0.04689226,1.258541,0.1009295,-0.008291483,2.37,180
"20210710222640",167.8121,38.7696,286.0631,375.3061,12.66559,292.6036,24.11501,8.815769,67.05822,101.2894,2.700097,0.4962509,-1.090247,-0.04590419,1.254786,0.1009376,-0.008106709,2.22,180
"20210710222700",167.583,38.67748,285.9736,375.1544,12.65349,292.0529,24.03687,8.806186,67.15768,101.2938,2.696411,0.4950717,-1.090548,-0.04721457,1.252425,0.1006106,-0.009056806,2.11,180
"20210710222720",167.3266,38.66994,286.0423,375.202,12.6424,291.6325,24.08876,8.77544,66.98991,101.2936,2.692286,0.4949753,-1.089043,-0.04562408,1.250622,0.1008278,-0.007829666,1.8,197
"20210710222740",166.9559,38.69197,285.9274,375.3082,12.63535,291.0851,24.09823,8.819786,67.92977,101.2946,2.686321,0.4952572,-1.089959,-0.04348127,1.248275,0.1008674,-0.01016665,2.12,181
"20210710222800",165.8601,38.45687,285.9643,375.2399,12.62688,288.5244,23.94324,8.803814,67.14839,101.2935,2.668689,0.4922479,-1.088994,-0.04383251,1.237293,0.1002186,-0.007008553,1.31,172
"20210710222820",164.9107,38.38779,285.8593,375.227,12.62043,288.2644,24.17383,8.781174,67.73542,101.2927,2.653414,0.4913637,-1.08983,-0.04351362,1.236178,0.1011838,-0.007868766,1.87,172
"20210710222840",166.1549,38.79731,285.9498,375.2759,12.61378,289.7604,24.47413,8.819275,67.63543,101.2927,2.673433,0.4966055,-1.088346,-0.04225725,1.242594,0.1024408,-0.009146929,1.1,170
"20210710222900",166.0616,38.87834,285.8498,375.3672,12.60813,288.8896,24.43313,8.8022,68.27766,101.2913,2.671931,0.4976427,-1.089173,-0.04044678,1.238859,0.1022692,-0.005981684,1.69,168
"20210710222920",165.9154,38.92624,285.8325,375.2526,12.60088,289.1265,24.55291,8.827598,67.65534,101.291,2.669578,0.4982558,-1.088924,-0.04158473,1.239875,0.1027705,-0.006156206,1.86,175
"20210710222940",165.6978,38.85256,285.8978,375.1009,12.59503,288.4633,24.59302,8.779255,66.67104,101.2858,2.666078,0.4973127,-1.087788,-0.04339005,1.237031,0.1029384,-0.009887457,1.8,159
"20210710223000",165.3376,38.75029,285.9066,374.98,12.58112,287.9312,24.52947,8.806999,66.90972,101.2848,2.660281,0.4960037,-1.086815,-0.04409535,1.234749,0.1026724,-0.01109457,1.67,164
"20210710223020",164.8814,38.51356,285.8875,374.9798,12.56822,286.6342,24.38376,8.802654,66.95427,101.2843,2.652942,0.4929736,-1.086234,-0.04307838,1.229187,0.1020625,-0.01208067,1.72,164
"20210710223040",164.6159,38.44204,285.9074,374.9562,12.56016,286.8153,24.37376,8.785302,67.80574,101.2837,2.64867,0.4920581,-1.085496,-0.04279581,1.229964,0.1020207,-0.006880998,1.74,164
"20210710223100",164.1042,38.37635,285.9234,375.0772,12.5527,285.8627,24.34274,8.75885,67.62342,101.2849,2.640436,0.4912172,-1.084841,-0.04039815,1.225879,0.1018908,-0.01076317,1.35,158
"20210710223120",164.0816,38.41282,285.736,374.8964,12.54504,285.618,24.36926,8.763481,67.8522,101.2852,2.640072,0.4916841,-1.086576,-0.04249543,1.224829,0.1020018,-0.009779215,2.15,172
"20210710223140",164.0671,38.41645,285.7068,374.7117,12.53234,285.7978,24.35841,8.762016,66.73722,101.2899,2.639839,0.4917306,-1.086127,-0.044251,1.225601,0.1019564,-0.005705595,1.78,182
"20210710223200",163.9554,38.42808,285.7129,374.8262,12.52589,284.9268,24.17306,8.73806,67.0107,101.2869,2.638042,0.4918795,-1.085652,-0.04202941,1.221866,0.1011806,-0.007572651,1.83,190
"20210710223220",163.7689,38.43832,285.6088,374.6735,12.51863,284.4125,24.0439,8.744942,67.3721,101.2871,2.635042,0.4920105,-1.086429,-0.04373761,1.21966,0.10064,-0.006603479,1.99,169
"20210710223240",163.2459,38.43013,285.5992,374.8222,12.51278,283.905,23.93399,8.770073,68.04853,101.2888,2.626627,0.4919057,-1.086177,-0.04105486,1.217484,0.1001799,-0.003729105,1.37,193
"20210710223300",162.6997,38.35964,285.5096,374.7373,12.50553,282.9842,23.7392,8.731377,67.54846,101.2888,2.617838,0.4910033,-1.086783,-0.04174924,1.213535,0.0993646,-0.009557962,1.8,166
"20210710223320",162.3644,38.35475,285.5257,374.7057,12.50069,282.4255,23.66306,8.717815,67.50015,101.2893,2.612443,0.4909408,-1.086292,-0.04184077,1.211139,0.09904594,-0.006417036,1.74,193
"20210710223340",161.8065,38.31608,285.5211,374.7497,12.49504,281.4769,23.56813,8.689171,67.87097,101.2928,2.603466,0.4904459,-1.085993,-0.04073792,1.207071,0.09864858,-0.002156973,1.78,168
"20210710223400",161.5435,38.2886,285.6277,374.6994,12.49101,280.9433,23.56483,8.71119,66.97094,101.2926,2.599234,0.4900942,-1.084481,-0.04116824,1.204783,0.09863474,-0.005355835,1.61,172
"20210710223420",160.7402,38.13631,285.6247,374.8886,12.49,279.8948,23.41117,8.726853,67.8169,101.2887,2.58631,0.4881448,-1.084453,-0.03826247,1.200286,0.09799159,-0.006479502,1.55,189
"20210710223440",160.447,38.03936,285.4808,374.6857,12.48396,279.3587,23.36254,8.748554,67.37136,101.2877,2.581592,0.4869038,-1.085775,-0.04081628,1.197987,0.09778802,-0.00561285,1.62,174
"20210710223500",159.6779,37.86906,285.4828,374.546,12.47932,278.0048,23.28287,8.696178,65.17866,101.2873,2.569218,0.484724,-1.085462,-0.04253655,1.192182,0.09745458,-0.007284165,1.57,183
"20210710223520",159.2127,37.70502,285.4251,374.4424,12.46904,277.8366,23.16335,8.688175,65.31357,101.287,2.561732,0.4826243,-1.085501,-0.0432735,1.19146,0.09695427,-0.005197525,1.48,202
"20210710223540",158.5964,37.5504,285.3649,374.5694,12.4646,276.7891,23.08071,8.655434,66.20416,101.2893,2.551816,0.4806452,-1.085937,-0.04102633,1.186968,0.0966084,0.002137661,1.35,200
"20210710223600",157.5287,37.27738,284.7036,373.9816,12.45553,274.9117,22.89078,8.709706,68.74812,101.29,2.534637,0.4771505,-1.093182,-0.04909238,1.178917,0.09581339,-0.006361484,1.59,217
"20210710223620",156.8038,36.94311,284.5942,373.4698,12.42368,274.448,22.88802,8.691437,71.56783,101.2854,2.522972,0.4728718,-1.092485,-0.05422516,1.176929,0.09580185,-0.008267164,1.75,226
"20210710223640",156.118,36.70744,284.6157,373.3396,12.38417,273.8928,22.80319,8.599594,72.88842,101.2844,2.511939,0.4698552,-1.089768,-0.05305424,1.174548,0.09544677,-0.01169801,1.82,231
"20210710223700",155.6469,36.52533,284.6136,373.402,12.34527,273.1219,22.71299,8.492146,74.51694,101.2847,2.504358,0.4675243,-1.087367,-0.04905323,1.171242,0.09506924,-0.00892663,2.01,225
"20210710223720",155.0431,36.4087,284.3894,373.5357,12.30293,272.2391,22.76619,8.348904,76.16726,101.2839,2.494644,0.4660314,-1.087377,-0.04371881,1.167456,0.0952919,-0.005910158,1.77,222
"20210710223740",155.0005,36.37907,284.3055,373.2994,12.25758,272.2931,22.80108,8.302463,77.12761,101.2825,2.493958,0.4656521,-1.085541,-0.0436729,1.167688,0.09543794,-0.005590677,1.91,230
"20210710223800",154.4886,36.30529,284.2119,373.1622,12.20738,271.8966,22.80456,8.170922,76.70498,101.2861,2.485721,0.4647077,-1.083522,-0.04177038,1.165987,0.0954525,-0.004684448,1.85,231
"20210710223820",154.3573,36.28457,284.1926,372.7561,12.15235,271.8216,22.78622,8.102742,76.99575,101.2829,2.483609,0.4644425,-1.080326,-0.04350604,1.165666,0.09537576,-0.01030326,1.87,229
"20210710223840",154.18,36.22339,284.2141,372.895,12.10538,271.1838,22.77547,8.035961,77.42865,101.2815,2.480755,0.4636594,-1.077152,-0.0377356,1.162931,0.09533076,-0.01085711,1.88,227
"20210710223900",153.913,36.16776,284.224,373.0032,12.06184,271.0639,22.74327,7.989155,78.25491,101.282,2.47646,0.4629474,-1.074328,-0.03269574,1.162417,0.09519595,-0.004447222,1.73,233
"20210710223920",153.7237,36.11809,284.0859,372.8438,12.01971,270.4069,22.70681,7.987247,79.09522,101.2837,2.473415,0.4623115,-1.073342,-0.03176614,1.159599,0.09504335,-0.006463051,1.86,245
"20210710223940",153.5565,36.03892,284.0676,372.5541,11.97717,269.7814,22.67504,7.95795,78.72352,101.2831,2.470723,0.4612982,-1.070916,-0.03275299,1.156917,0.09491037,-0.0001745224,1.81,253
"20210710224000",153.1144,35.8536,283.9673,372.3909,11.93625,269.1794,22.51482,7.923733,79.19248,101.2878,2.463611,0.4589261,-1.06956,-0.03197761,1.154335,0.09423976,6.103516e-05,2.43,252
"20210710224020",152.7068,35.60355,283.7835,372.1657,11.8915,268.8461,22.49575,7.887886,79.06574,101.2885,2.457053,0.4557254,-1.068955,-0.03183046,1.152906,0.09415994,-0.005778074,2.85,254
"20210710224040",152.2591,35.40419,283.596,371.8538,11.85158,268.0712,22.39181,7.906296,78.85811,101.2846,2.449848,0.4531736,-1.068694,-0.03335766,1.149583,0.09372488,-0.004890204,2.8,259
"20210710224100",151.9716,35.28405,283.7405,371.9158,11.81732,267.2844,22.32032,7.89899,78.88414,101.2842,2.445222,0.4516359,-1.064863,-0.0297454,1.146209,0.09342562,-0.003825664,2.25,262
"20210710224120",151.6402,35.2378,283.5911,371.9398,11.78627,267.0777,22.32563,7.843418,79.3368,101.2841,2.43989,0.4510438,-1.064703,-0.02695218,1.145322,0.09344789,0.0006141662,2.5,258
"20210710224140",151.6189,35.2235,283.5959,371.6824,11.74999,266.322,22.28657,7.867202,79.04834,101.2835,2.439548,0.4508608,-1.062399,-0.02795441,1.142081,0.09328435,-0.003606796,2.59,253
"20210710224200",151.2111,35.1486,283.475,371.5719,11.71592,265.9543,22.32638,7.80574,78.50915,101.2832,2.432986,0.449902,-1.061716,-0.0269356,1.140505,0.09345102,0.003916025,2.22,251
"20210710224220",150.7883,35.14089,283.5598,371.5538,11.68749,265.3249,22.28912,7.796334,78.61029,101.2862,2.426184,0.4498034,-1.058957,-0.024981,1.137806,0.09329506,-7.58171e-05,2.19,244
"20210710224240",150.5243,35.13247,283.6621,371.5422,11.65887,264.7374,22.28871,7.783188,78.5499,101.2812,2.421936,0.4496956,-1.055976,-0.02291142,1.135286,0.09329334,-0.004041672,1.78,242
"20210710224300",150.1857,35.20053,283.6535,371.6361,11.63629,263.6363,22.26201,7.803341,79.13999,101.2804,2.416488,0.4505668,-1.054681,-0.01974192,1.130565,0.09318158,-0.005194902,1.68,247
"20210710224320",150.2142,35.35779,283.7513,371.6946,11.61674,263.2933,22.23914,7.803451,79.30302,101.2801,2.416946,0.4525797,-1.052315,-0.01733699,1.129093,0.09308583,-0.001138449,1.68,235
"20210710224340",150.2284,35.4551,283.7048,371.75,11.60061,263.0504,22.17059,7.768753,79.15639,101.2792,2.417175,0.4538254,-1.051868,-0.01524849,1.128052,0.09279891,0.0001139641,1.76,231
"20210710224400",149.8172,35.32981,283.7029,371.58,11.58086,261.8537,22.03519,7.768562,79.05838,101.2785,2.410559,0.4522215,-1.050668,-0.01624172,1.12292,0.09223218,-0.002926588,1.57,225
"20210710224420",148.9814,35.14452,283.749,371.5822,11.56372,260.6585,21.81079,7.750671,78.68855,101.2823,2.397111,0.4498498,-1.049064,-0.01486935,1.117795,0.09129294,-0.003817797,1.61,229
"20210710224440",148.4758,35.04134,283.8099,371.4376,11.54215,259.686,21.74665,7.759346,78.67524,101.2798,2.388976,0.4485291,-1.047011,-0.01534315,1.113624,0.09102443,-0.005905628,1.79,226
"20210710224500",147.7017,34.83638,283.8178,371.4086,11.52361,258.5562,21.54939,7.711471,78.36909,101.2766,2.37652,0.4459057,-1.045772,-0.01432636,1.108779,0.09019878,-0.001519203,1.72,225
"20210710224520",146.9011,34.67751,283.8338,371.4788,11.51212,257.0028,21.43081,7.73835,78.47867,101.2771,2.363639,0.4438721,-1.044874,-0.01238037,1.102118,0.08970242,0.001337767,1.66,229
"20210710224540",146.2963,34.60059,283.733,371.4526,11.4978,256.2967,21.3691,7.689228,78.62525,101.276,2.353908,0.4428876,-1.04518,-0.01165211,1.099089,0.08944412,-0.0003519058,1.73,227
"20210710224600",146.4259,34.65642,283.538,371.3976,11.49135,256.2039,21.2877,7.727841,79.29848,101.2762,2.355994,0.4436021,-1.047085,-0.01197068,1.098692,0.08910342,-0.005688429,2.14,230
"20210710224620",145.9928,34.60967,283.4921,371.3362,11.47885,255.0535,21.18223,7.748134,79.17937,101.2802,2.349024,0.4430038,-1.046854,-0.01191102,1.093758,0.08866196,-0.001771927,1.93,226
"20210710224640",145.7974,34.63039,283.3554,371.1222,11.46535,255.2158,21.20091,7.730202,79.38644,101.2797,2.345881,0.443269,-1.047635,-0.01405423,1.094454,0.08874014,-0.003676176,2.02,231
"20210710224700",145.1355,34.53057,283.2249,371.0228,11.45829,253.8719,21.12716,7.758926,79.56471,101.2746,2.33523,0.4419913,-1.04874,-0.01498668,1.088691,0.08843148,-0.004889011,2.39,230
"20210710224720",144.9362,34.51491,283.1983,370.6576,11.43793,254.0437,21.1088,7.735806,78.81939,101.2748,2.332023,0.4417909,-1.047798,-0.01885248,1.089428,0.08835462,0.001354933,2.35,231
"20210710224740",145.3614,34.54478,283.2077,370.4539,11.41898,254.457,21.11105,7.664398,78.44722,101.2743,2.338865,0.4421732,-1.046516,-0.02041579,1.0912,0.08836402,-0.003222466,2.46,239
"20210710224800",144.6526,34.30757,283.1189,370.4778,11.39963,253.0979,21.03506,7.63208,78.6713,101.275,2.327461,0.4391369,-1.046371,-0.01854867,1.085372,0.08804596,-0.001986027,2.24,241
"20210710224820",143.6096,33.93536,283.1263,370.374,11.38068,251.4667,20.86515,7.605549,79.18254,101.2741,2.310679,0.4343726,-1.045115,-0.01861876,1.078377,0.08733478,-0.003830671,2.16,236
"20210710224840",143.538,33.87781,283.0937,370.2044,11.36093,251.7695,20.9214,7.614178,78.70932,101.2787,2.309526,0.433636,-1.044281,-0.01961219,1.079676,0.08757022,-0.001862288,2.1,238
"20210710224900",143.3415,33.89838,283.092,370.147,11.34299,251.2544,20.90087,7.589398,78.64902,101.2784,2.306365,0.4338992,-1.043194,-0.01906951,1.077467,0.08748426,0.0003361702,2.13,240
"20210710224920",142.9096,33.68177,283.0888,370.1623,11.32424,250.5556,20.81758,7.577022,78.76626,101.2784,2.299416,0.4311266,-1.042077,-0.01737987,1.07447,0.08713568,0.0004212856,1.89,240
"20210710224940",141.8039,33.34591,283.0428,370.1393,11.3071,248.8075,20.62492,7.526013,78.97551,101.2797,2.281625,0.4268277,-1.041562,-0.01638563,1.066973,0.08632925,-0.001254559,2.17,240
"20210710225000",141.4731,33.34892,282.9492,369.9967,11.28936,248.2784,20.63331,7.549926,78.62713,101.2792,2.276303,0.4268662,-1.041575,-0.0171326,1.064704,0.08636434,-0.002432823,1.67,247
"20210710225020",142.3951,33.75342,282.9257,370.0104,11.27606,249.9373,20.77541,7.526268,79.13512,101.2796,2.291137,0.4320437,-1.041032,-0.01589102,1.071819,0.08695914,0.001784801,2.23,242
"20210710225040",143.5563,34.11616,282.9258,369.9279,11.26618,251.007,20.92379,7.539123,79.46567,101.2806,2.309821,0.4366869,-1.040421,-0.01635248,1.076406,0.08758021,0.005750894,1.7,241
"20210710225100",143.6674,34.16736,283.0134,369.9745,11.25348,250.8846,20.92799,7.570015,79.63348,101.2812,2.311608,0.4373422,-1.038604,-0.0146664,1.075881,0.08759779,0.002496958,1.94,242
"20210710225120",143.8233,34.21312,282.9794,370.0015,11.24098,250.8443,20.94045,7.549762,79.80855,101.2766,2.314116,0.437928,-1.038237,-0.01329008,1.075708,0.08764996,0.001622915,2.17,242
"20210710225140",142.742,33.87795,283.0586,369.7996,11.22728,249.2483,20.76071,7.5606,78.92069,101.2761,2.296719,0.4336378,-1.036455,-0.01523577,1.068863,0.08689762,-0.003520489,2.17,233
"20210710225200",141.3827,33.51864,283.0303,369.8301,11.21881,247.455,20.66827,7.502075,78.6392,101.2771,2.274847,0.4290386,-1.036269,-0.01412149,1.061173,0.08651069,-0.001089096,2.09,235
"20210710225220",139.6743,33.01448,283.0057,369.8344,11.20671,245.0676,20.37612,7.514156,79.08266,101.2772,2.24736,0.4225854,-1.035815,-0.01311583,1.050935,0.08528784,-0.003200293,2.08,240
"20210710225240",138.4327,32.64214,282.908,369.7057,11.19563,243.3214,20.25533,7.509464,79.45637,101.2796,2.227383,0.4178194,-1.036285,-0.01417358,1.043447,0.08478228,-0.002153635,1.95,243
"20210710225300",134.2564,31.40534,282.7932,369.7384,11.18595,235.5756,19.45914,7.496086,79.74203,101.28,2.160186,0.4019884,-1.037046,-0.01293116,1.01023,0.08144964,-0.001048088,2.1,235
"20210710225320",127.497,29.56676,282.6846,369.3762,11.17627,228.0797,18.75489,7.527046,79.92242,101.2764,2.051426,0.3784545,-1.037732,-0.01758944,0.9780854,0.0785019,-0.0002481937,2.06,240
"20210710225340",132.0512,30.92603,282.6362,369.3094,11.16599,236.7461,19.57433,7.549725,80.10277,101.2759,2.124703,0.3958531,-1.037671,-0.01778645,1.01525,0.08193182,0.002636909,2.17,235
"20210710225400",133.4828,31.29592,282.5508,369.0752,11.15188,236.2917,19.53268,7.504379,78.97127,101.2764,2.147738,0.4005878,-1.037811,-0.02018734,1.013301,0.08175747,0.000922203,2.48,236
"20210710225420",128.7512,29.86004,282.5962,369.0837,11.1412,228.1357,18.73393,7.468662,78.93547,101.276,2.071606,0.3822085,-1.036618,-0.01922902,0.9783255,0.07841416,-0.0008587837,2.21,248
"20210710225440",136.845,32.37583,282.6552,369.2246,11.13495,245.3876,20.48637,7.497299,79.67254,101.2759,2.201835,0.4144106,-1.035536,-0.01663708,1.052307,0.08574934,-0.005110979,1.93,233
"20210710225500",144.0877,34.43281,282.6743,369.3834,11.13253,251.3774,21.08698,7.486733,79.77782,101.2797,2.318371,0.44074,-1.035162,-0.01407569,1.077994,0.0882633,-0.005038023,2.12,236
"20210710225520",145.2366,34.74814,282.6576,369.3413,11.12306,251.4096,21.09898,7.495308,79.36869,101.2756,2.336856,0.4447762,-1.034775,-0.01396698,1.078132,0.0883135,0.0009846687,2.1,234
"20210710225540",144.7996,34.66999,282.7848,369.3594,11.11298,250.5151,21.06752,7.489662,79.56622,101.2735,2.329825,0.4437758,-1.032654,-0.01291185,1.074296,0.08818182,0.005078077,1.85,252
"20210710225600",144.6633,34.62173,282.8814,369.4608,11.10975,250.1719,20.96114,7.496456,79.10285,101.2729,2.327633,0.4431581,-1.031314,-0.01114597,1.072824,0.08773654,0.003004074,1.65,236
"20210710225620",144.205,34.54289,282.8832,369.5522,11.10572,248.9048,20.84492,7.465752,78.97712,101.2723,2.320258,0.442149,-1.031045,-0.00946695,1.06739,0.0872501,0.002202034,1.54,240
"20210710225640",143.8119,34.54372,282.7797,369.6612,11.10713,248.4195,20.88542,7.484203,79.63774,101.2735,2.313934,0.4421597,-1.032353,-0.007946722,1.065309,0.0874196,-0.0009658337,1.66,231
"20210710225700",144.4588,34.70084,282.8181,369.4833,11.10471,249.0551,20.92009,7.51205,79.63166,101.2769,2.324342,0.4441707,-1.031752,-0.01041821,1.068035,0.08756472,0.001882553,2.12,231
"20210710225720",144.2744,34.65474,282.6502,369.305,11.1037,248.4328,20.81504,7.494156,78.91567,101.278,2.321375,0.4435806,-1.033672,-0.01300246,1.065367,0.08712503,0.002005816,2.13,236
"20210710225740",143.8766,34.54174,282.6057,369.2615,11.09685,248.1834,20.74183,7.474762,78.647,101.2738,2.314974,0.4421343,-1.033778,-0.01312049,1.064297,0.0868186,0.002139568,2.02,236
"20210710225800",144.0669,34.62016,282.555,369.2821,11.0906,248.7246,20.89784,7.463459,78.72867,101.2749,2.318037,0.4431381,-1.033992,-0.01232639,1.066618,0.08747161,0.002217531,2.01,244
"20210710225820",144.435,34.70652,282.5773,369.2309,11.08596,248.7664,20.91693,7.478398,79.302,101.2759,2.32396,0.4442435,-1.033442,-0.01273052,1.066797,0.0875515,0.001101017,2.14,242
"20210710225840",144.3991,34.65806,282.6021,369.2977,11.08556,248.8458,20.83369,7.470486,79.19219,101.2779,2.323381,0.4436232,-1.033125,-0.01170189,1.067138,0.0872031,0.002169132,2.05,239
"20210710225900",144.3838,34.63746,282.5825,369.4128,11.08435,248.8354,20.89292,7.47229,79.53236,101.28,2.323136,0.4433595,-1.033281,-0.009886454,1.067093,0.08745099,0.00317049,1.94,230
"20210710225920",144.0552,34.57064,282.4244,369.3876,11.08576,247.9287,20.84845,7.500218,79.23603,101.2825,2.317848,0.4425042,-1.035234,-0.0103727,1.063205,0.08726485,0.001964569,2.37,226
"20210710225940",143.5268,34.42388,282.4542,369.3197,11.08415,247.5448,20.79894,7.45327,78.96322,101.2793,2.309345,0.4406257,-1.034783,-0.01126155,1.061558,0.08705762,-0.0007526874,2.07,224
"20210710230000",143.334,34.33544,282.5298,369.2784,11.08415,246.9987,20.77821,7.490818,78.9206,101.2785,2.306244,0.4394936,-1.03389,-0.01187735,1.059216,0.08697086,0.001015663,1.86,226
"20210710230020",143.0962,34.3321,282.5378,369.3792,11.08576,246.5866,20.72868,7.494079,79.05446,101.2778,2.302418,0.4394509,-1.033895,-0.01049881,1.05745,0.08676354,-0.001034021,1.84,232
"20210710230040",142.7561,34.2622,282.5028,369.3159,11.08879,245.8923,20.67557,7.501186,78.93223,101.2778,2.296946,0.4385561,-1.034495,-0.01167913,1.054472,0.08654126,-6.961822e-05,1.92,232
"20210710230100",142.5465,34.21126,282.4595,369.2465,11.08838,245.8154,20.70046,7.481926,78.2517,101.2804,2.293573,0.4379041,-1.034981,-0.0126849,1.054142,0.08664542,0.003103971,1.32,235
"20210710230120",142.3535,34.28392,282.4999,369.4118,11.08617,245.2594,20.68195,7.50129,78.13562,101.2798,2.290468,0.4388342,-1.034368,-0.0100426,1.051758,0.08656796,0.002970695,1.1,220
"20210710230140",142.3032,34.40746,282.5009,369.6225,11.091,244.9154,20.58417,7.523182,78.62254,101.2782,2.289659,0.4404156,-1.034654,-0.007271458,1.050283,0.08615868,-0.0002212524,1.03,215
"20210710230200",142.1724,34.43024,282.5347,369.688,11.09645,244.7703,20.5537,7.536793,79.00969,101.2777,2.287555,0.4407072,-1.03459,-0.006716642,1.04966,0.08603114,0.000698328,0.88,233
"20210710230220",141.4926,34.3726,282.6127,369.6896,11.10249,244.05,20.5664,7.560711,78.80196,101.2772,2.276615,0.4399694,-1.034042,-0.007164657,1.046571,0.0860843,-0.005548954,0.68,217
"20210710230240",141.5495,34.49748,282.5696,369.6486,11.10471,243.9241,20.52492,7.574646,79.05727,101.2769,2.277531,0.4415678,-1.034686,-0.007947627,1.046031,0.08591066,-0.0005762577,0.81,232
"20210710230300",141.5675,34.5193,282.5207,369.6113,11.11197,243.9273,20.53221,7.588238,79.42434,101.2768,2.277821,0.4418471,-1.035711,-0.009071416,1.046045,0.08594119,0.003385782,0.98,256
"20210710230320",141.8573,34.63323,282.4564,369.6316,11.11782,244.1081,20.5769,7.573646,79.04534,101.2777,2.282483,0.4433054,-1.03683,-0.009223425,1.046821,0.08612825,0.003486395,1.15,243
"20210710230340",141.7093,34.57688,282.3606,369.7063,11.12487,243.5692,20.56221,7.603569,78.96535,101.2749,2.280103,0.442584,-1.038396,-0.008656273,1.044509,0.08606677,0.00226593,1.61,221
"20210710230400",141.1865,34.38474,282.3087,369.362,11.12084,242.8026,20.51394,7.604019,77.92951,101.275,2.27169,0.4401246,-1.03876,-0.01348648,1.041222,0.0858647,-0.001792669,1.28,224
"20210710230420",141.0383,34.31867,282.3622,369.4045,11.12165,242.7645,20.43555,7.559078,77.48088,101.276,2.269306,0.439279,-1.038177,-0.01291275,1.041059,0.0855366,0.002572298,1.44,228
"20210710230440",140.8474,34.24814,282.3842,369.5418,11.12185,242.0787,20.44152,7.536366,77.76686,101.2767,2.266234,0.4383762,-1.037931,-0.01088008,1.038118,0.08556158,-0.003353357,1.57,225
"20210710230500",140.3946,34.17268,282.3912,369.3372,11.12084,241.5796,20.38418,7.539101,77.60388,101.2762,2.25895,0.4374103,-1.037787,-0.01385764,1.035978,0.0853216,0.0006828308,1.57,230
"20210710230520",140.0855,34.06915,282.3842,369.3401,11.12205,241.0448,20.31442,7.52575,77.75927,101.2808,2.253975,0.4360852,-1.037942,-0.01390636,1.033684,0.08502961,-0.001252651,1.72,234
"20210710230540",139.8983,33.99593,282.4381,369.4337,11.12769,240.6557,20.27132,7.528702,78.05161,101.2796,2.250964,0.435148,-1.037653,-0.01294763,1.032016,0.08484918,0.001767874,1.2,217
"20210710230600",139.4643,33.90243,282.4402,369.3153,11.12648,239.9888,20.24996,7.555946,78.49159,101.2757,2.243981,0.4339511,-1.037555,-0.0146238,1.029156,0.08475979,0.002593756,1.41,253
"20210710230620",139.4866,33.89944,282.4656,369.3287,11.1283,239.9658,20.26307,7.560158,78.80278,101.2743,2.24434,0.4339128,-1.037365,-0.01456383,1.029057,0.08481464,-0.002503395,0.77,246
"20210710230640",139.4654,33.93581,282.5063,369.466,11.13394,239.8146,20.20706,7.56107,79.13938,101.2734,2.243999,0.4343784,-1.037232,-0.01295158,1.028409,0.08458022,-0.0055511,0.95,233
"20210710230700",139.3152,33.9802,282.5156,369.4176,11.14019,239.3786,20.21102,7.592614,79.5881,101.2722,2.241581,0.4349466,-1.037508,-0.01416163,1.026539,0.0845968,0.003355265,0.79,195
"20210710230720",139.056,33.97302,282.4061,369.3162,11.13838,238.9615,20.16577,7.523968,78.40214,101.2748,2.237411,0.4348547,-1.038688,-0.01553451,1.02475,0.08440741,0.001800776,0.93,187
"20210710230740",138.9613,33.9781,282.47,369.2649,11.13555,238.889,20.19165,7.53143,77.95578,101.2734,2.235888,0.4349197,-1.037761,-0.01608154,1.02444,0.08451572,-0.0002782345,0.86,177
"20210710230800",138.2363,33.90351,282.49,369.3218,11.13757,237.3997,20.11163,7.56319,77.94092,101.2686,2.224221,0.4339649,-1.037648,-0.01538969,1.018053,0.08418077,0.004571438,0.54,175
"20210710230820",138.198,33.93688,282.4883,369.1978,11.13072,237.9924,20.1353,7.55103,77.92397,101.2682,2.223606,0.434392,-1.037247,-0.01670696,1.020595,0.08427983,-0.003454447,0.35,184
"20210710230840",138.2075,34.00498,282.5146,369.1481,11.13052,238.0852,20.14324,7.546925,77.55229,101.2673,2.223759,0.4352637,-1.036924,-0.01743431,1.020992,0.0843131,-0.003426314,0.43,190
"20210710230900",137.6498,33.9739,282.4278,369.2039,11.12628,236.6522,20.04085,7.526825,77.33652,101.268,2.214786,0.434866,-1.037688,-0.01627138,1.014847,0.0838845,0.002794266,0.38,183
"20210710230920",137.4051,33.94786,282.3978,369.2018,11.12709,236.6411,20.04598,7.545944,77.68614,101.2678,2.210848,0.4345327,-1.038091,-0.01636384,1.0148,0.08390598,-0.0003783703,0.46,167
"20210710230940",136.9802,33.89961,282.308,369.0892,11.12628,235.9141,19.95426,7.562966,78.08129,101.2726,2.204011,0.433915,-1.039103,-0.0179845,1.011682,0.08352206,-0.0004956722,0.48,193
"20210710231000",136.7565,33.8712,282.2525,369.0106,11.12124,235.2369,19.94423,7.535244,77.46806,101.2699,2.200412,0.4335514,-1.039449,-0.01876717,1.008778,0.0834801,-0.004359245,0.75,204
"20210710231020",136.376,33.73722,282.3305,369.0557,11.1162,234.7795,19.86174,7.53725,77.11019,101.2698,2.19429,0.4318365,-1.038217,-0.01770091,1.006816,0.0831348,-0.001331806,0.91,225
"20210710231040",136.3837,33.71835,282.2406,368.9478,11.11278,234.8886,19.9225,7.496762,76.61722,101.2719,2.194414,0.4315949,-1.039068,-0.01904548,1.007284,0.08338915,-0.00308013,0.88,224
"20210710231100",136.3201,33.67555,282.219,368.9636,11.11056,234.3831,19.88433,7.517998,76.51622,101.2723,2.19339,0.431047,-1.039188,-0.01863902,1.005116,0.08322936,-0.00525403,0.94,215
"20210710231120",136.1719,33.63192,282.2061,369.057,11.11016,234.419,19.87893,7.509945,76.97369,101.274,2.191006,0.4304886,-1.039316,-0.01721213,1.005271,0.08320676,0.0008835792,0.98,234
"20210710231140",136.0046,33.50298,282.0461,368.9956,11.11096,234.1075,19.81811,7.523613,76.87085,101.2784,2.188314,0.4288381,-1.041254,-0.0181917,1.003934,0.08295221,-0.002251625,1.33,224
"20210710231200",135.9847,33.37017,281.9348,368.6806,11.10552,233.7612,19.79799,7.555042,77.07443,101.2787,2.187994,0.4271382,-1.042233,-0.02247499,1.00245,0.08286797,-0.00145483,1.32,228
"20210710231220",135.4148,33.1046,281.867,368.509,11.10008,232.7828,19.73227,7.54779,77.19879,101.2751,2.178824,0.4237389,-1.042699,-0.02461283,0.9982538,0.08259288,-0.0003910065,1.38,232
"20210710231240",135.2994,33.01127,281.8901,368.3842,11.09141,232.64,19.71801,7.518482,77.34817,101.2752,2.176968,0.4225443,-1.041893,-0.02580196,0.9976414,0.08253321,-0.002216101,1.44,235
"20210710231300",135.0775,32.93275,281.9443,368.4033,11.08415,232.4646,19.71782,7.434021,76.99062,101.2755,2.173397,0.4215392,-1.040806,-0.02495204,0.996889,0.0825324,0.002420664,1.35,233
"20210710231320",134.7549,32.87952,281.9507,368.4043,11.07165,232.0556,19.69166,7.439629,77.3646,101.2742,2.168206,0.4208579,-1.039963,-0.02396567,0.9951355,0.08242293,0.001368284,0.87,233
"20210710231340",134.5475,32.94463,282.0062,368.5929,11.0656,231.8573,19.61335,7.41233,77.12338,101.2757,2.16487,0.4216912,-1.038936,-0.02067865,0.9942849,0.08209515,0.002569914,0.55,239
"20210710231400",134.6468,33.07406,282.107,368.575,11.06057,231.795,19.679,7.43171,77.21822,101.2759,2.166467,0.423348,-1.037435,-0.02055426,0.9940179,0.08236993,-0.001617193,0.17,224
"20210710231420",134.396,33.09192,282.1448,368.5587,11.05694,231.3406,19.64587,7.41156,77.163,101.2708,2.162432,0.4235766,-1.036765,-0.02051562,0.9920693,0.08223126,0.002575397,0.5,122
"20210710231440",134.2832,33.16776,282.1064,368.5234,11.0529,230.9843,19.6773,7.463455,77.37142,101.2699,2.160616,0.4245473,-1.036972,-0.02073012,0.990541,0.08236283,0.006271601,0.49,97.99999
"20210710231500",134.1625,33.19838,282.1122,368.422,11.04867,230.9716,19.60107,7.457074,77.71106,101.2696,2.158675,0.4249393,-1.036642,-0.02191348,0.9904866,0.08204376,0.001248598,0.47,80.99999
"20210710231520",133.9745,33.22348,282.1538,368.4294,11.04545,230.6943,19.53499,7.507198,77.72556,101.2684,2.155649,0.4252606,-1.035952,-0.02155263,0.9892976,0.08176716,-0.0001111031,0.52,90.99999
"20210710231540",134.1154,33.23521,282.1926,368.399,11.04343,230.5678,19.62562,7.522262,77.47102,101.2684,2.157917,0.4254108,-1.035371,-0.02184905,0.988755,0.08214651,-0.003255844,0.56,79.99999
"20210710231600",134.0443,33.20977,282.1435,368.4315,11.04484,230.2182,19.55471,7.546154,77.31071,101.2738,2.156773,0.4250851,-1.036036,-0.02147284,0.9872559,0.08184968,0.002661467,0.36,115
"20210710231620",133.8749,33.21489,282.1774,368.4524,11.04605,230.0985,19.57381,7.559929,77.28988,101.2713,2.154047,0.4251506,-1.035711,-0.0212561,0.9867424,0.08192966,-0.01162577,0.29,135
"20210710231640",133.8448,33.20255,282.1291,368.4181,11.04907,229.8506,19.51462,7.629658,77.45303,101.2711,2.153563,0.4249927,-1.036467,-0.02200337,0.9856793,0.08168188,0.005127907,0.52,208
"20210710231700",133.4175,33.07777,282.0988,368.3927,11.0521,229.0212,19.474,7.615703,77.41585,101.2718,2.146687,0.4233955,-1.037011,-0.02261786,0.9821229,0.08151187,-0.001873255,0.62,209
"20210710231720",132.9361,32.928,282.0611,368.3876,11.05653,228.338,19.42412,7.621948,77.47947,101.2725,2.138941,0.4214784,-1.037728,-0.02303846,0.979193,0.0813031,-0.002929688,0.88,217
"20210710231740",132.5258,32.7574,281.9906,368.3364,11.0527,227.723,19.30237,7.56157,77.08161,101.2724,2.13234,0.4192947,-1.038326,-0.02350589,0.9765554,0.08079349,0.003569364,0.67,211
"20210710231800",132.1875,32.67508,282.0699,368.4281,11.05633,227.2114,19.27161,7.565647,76.9655,101.2764,2.126897,0.418241,-1.037613,-0.02241851,0.9743617,0.08066474,-0.0005142689,0.76,195
"20210710231820",131.6759,32.53972,282.0536,368.3095,11.05452,226.5525,19.24885,7.556278,77.47294,101.2773,2.118666,0.4165084,-1.037692,-0.0240482,0.9715361,0.08056947,0.0005645752,1.39,237
"20210710231840",130.653,32.05392,282.0008,368.3962,11.05734,224.636,19.06892,7.58728,77.97978,101.2737,2.102207,0.4102902,-1.038491,-0.02297487,0.9633175,0.07981634,0.002378225,1.27,222
"20210710231900",129.6459,31.68493,281.9863,368.3035,11.05613,223.8251,18.96768,7.559082,77.69831,101.2734,2.086003,0.4055671,-1.038587,-0.02426412,0.9598399,0.07939259,0.001558781,1.43,218
"20210710231920",129.0061,31.43808,281.9746,368.2122,11.05613,222.9037,18.86291,7.535137,77.14648,101.2737,2.075708,0.4024074,-1.038724,-0.02562852,0.9558889,0.07895403,-0.0003037453,1.28,214
"20210710231940",128.2474,31.18469,281.9987,368.1761,11.05028,221.9346,18.74855,7.493763,77.49079,101.2746,2.063501,0.3991641,-1.038082,-0.02571398,0.9517329,0.07847536,0.002008677,1.17,197
"20210710232000",127.9303,31.08846,281.9822,368.009,11.05008,221.6181,18.73239,7.458836,77.21104,101.2754,2.058398,0.3979323,-1.038264,-0.02819436,0.9503757,0.07840771,0.0002224445,1,196
"20210710232020",127.967,31.20829,281.967,368.0872,11.04787,221.4137,18.762,7.45713,76.66827,101.2771,2.058989,0.3994661,-1.038307,-0.02685184,0.949499,0.07853166,0.004288674,0.79,168
"20210710232040",127.9428,31.28149,282.0275,367.9386,11.0398,221.7503,18.80008,7.430839,77.22513,101.2718,2.058599,0.4004032,-1.037096,-0.0284452,0.9509426,0.07869103,-0.0005979538,0.89,154
"20210710232100",128.5322,31.48858,282.0263,367.9219,11.03819,222.4496,18.86795,7.465382,77.15491,101.2718,2.068082,0.4030538,-1.037011,-0.02856979,0.9539416,0.07897513,-0.0008366108,0.91,143
"20210710232120",128.6442,31.59741,282.118,367.8855,11.03436,222.6235,18.87869,7.453114,77.19814,101.2709,2.069885,0.4044468,-1.035693,-0.02881573,0.954687,0.07902008,0.002288818,0.9,140
"20210710232140",129.1136,31.77352,282.0961,367.8454,11.03013,223.1992,18.96168,7.43399,76.87345,101.2707,2.077438,0.406701,-1.035691,-0.02908495,0.9571558,0.07936747,0.001407385,0.73,148
"20210710232200",129.7218,31.94838,281.9946,367.882,11.02388,223.4864,18.93967,7.427723,76.85529,101.2711,2.087223,0.4089392,-1.036505,-0.02805187,0.9583876,0.07927534,0.001450539,0.52,153
"20210710232220",129.5454,31.95594,281.978,367.8967,11.01924,223.602,18.93291,7.432018,76.89426,101.2753,2.084385,0.409036,-1.036417,-0.02747238,0.9588834,0.07924702,0.002434492,0.52,157
"20210710232240",129.3713,31.96717,281.8894,367.9233,11.01662,222.9733,18.91225,7.438984,77.15799,101.2741,2.081585,0.4091798,-1.037303,-0.02687277,0.9561872,0.07916056,-0.001667976,0.52,172
"20210710232300",129.5829,32.10995,281.8965,367.9598,11.01662,223.5163,19.0053,7.477615,77.42901,101.2721,2.084989,0.4110074,-1.03722,-0.02632725,0.958516,0.07955002,-0.002948046,0.47,186
"20210710232320",129.7429,32.19274,281.8635,367.98,11.01601,223.6202,19.00417,7.449375,77.41774,101.2722,2.087563,0.4120671,-1.037572,-0.02597876,0.9589615,0.07954529,-0.003766537,0.62,189
"20210710232340",129.7272,32.12867,281.8884,367.977,11.01763,223.1482,18.96162,7.473141,77.43854,101.273,2.08731,0.4112469,-1.037378,-0.02614987,0.956937,0.0793672,0.0001237392,0.64,204
"20210710232400",129.6752,32.13447,281.9764,367.9537,11.01722,223.5074,19.03676,7.465809,77.9199,101.2734,2.086474,0.4113212,-1.036312,-0.02646349,0.9584775,0.07968172,0.002201557,1.03,222
"20210710232420",129.4602,32.0431,281.9331,367.9268,11.01803,222.7732,18.98473,7.452511,77.6106,101.2769,2.083015,0.4101517,-1.036873,-0.0269306,0.9553293,0.07946392,0.001279831,1.21,229
"20210710232440",129.2995,31.88192,281.9451,367.8788,11.01803,222.5243,18.94643,7.478653,77.65089,101.2776,2.080428,0.4080886,-1.036732,-0.02764723,0.9542618,0.07930362,8.559227e-05,1.09,230
"20210710232500",129.2938,31.83333,281.9908,367.9309,11.01622,222.4456,18.8917,7.440598,77.40848,101.2733,2.080337,0.4074666,-1.03608,-0.02672631,0.9539241,0.07907456,0.001361847,1.07,223
"20210710232520",129.4816,31.89495,282.0109,367.9288,11.01783,222.4908,18.94103,7.488247,77.48478,101.2728,2.083358,0.4082554,-1.035942,-0.02688406,0.9541182,0.07928102,-0.000993967,0.83,208
"20210710232540",129.2478,31.84689,282.0361,367.9089,11.01763,222.1652,18.89771,7.478622,77.41798,101.2717,2.079597,0.4076402,-1.035633,-0.02716734,0.9527218,0.0790997,0.002113342,0.91,208
"20210710232600",128.8738,31.75005,281.9979,367.9115,11.01864,221.5262,18.83936,7.458259,77.2091,101.2702,2.073579,0.4064007,-1.036147,-0.02720637,0.9499814,0.07885546,0.002253294,0.62,180
"20210710232620",128.9385,31.80933,282.0771,367.8156,11.01722,221.9124,18.85937,7.469459,77.1527,101.2699,2.074621,0.4071594,-1.035122,-0.02852812,0.9516376,0.07893921,0.002176523,0.64,164
"20210710232640",128.6729,31.75197,282.1205,367.7551,11.01662,221.3596,18.77108,7.491878,76.87231,101.2727,2.070346,0.4064252,-1.034575,-0.02938654,0.9492674,0.07856966,0.001008272,0.64,133
"20210710232700",128.4164,31.68308,282.2331,367.6746,11.0138,221.0855,18.78867,7.46714,76.75965,101.2666,2.06622,0.4055434,-1.03307,-0.03036834,0.9480915,0.0786433,0.00117898,1.08,126
"20210710232720",128.0443,31.52395,282.2267,367.5447,11.01279,220.6857,18.75118,7.491982,76.71514,101.2659,2.060232,0.4035066,-1.033084,-0.03223062,0.9463771,0.07848639,0.004048586,1.26,132
"20210710232740",127.3406,31.27131,282.2314,367.4298,11.00573,219.603,18.64362,7.467922,76.25057,101.2649,2.04891,0.4002727,-1.032594,-0.03339962,0.9417342,0.07803614,-0.0008537769,1.32,121
"20210710232800",127.474,31.22927,282.2492,367.389,11.00513,220.333,18.70583,7.423267,76.3674,101.2636,2.051057,0.3997347,-1.032347,-0.03396122,0.9448646,0.07829657,0.004521608,1.22,131
"20210710232820",127.2931,31.14015,282.2498,367.3772,11.0009,219.8084,18.69445,7.440895,76.61488,101.2642,2.048146,0.398594,-1.03208,-0.03380749,0.9426149,0.07824893,0.00135994,1.47,137
"20210710232840",126.6873,30.92142,282.2143,367.3572,10.99646,218.9908,18.59986,7.426899,77.28069,101.2686,2.038398,0.3957942,-1.032227,-0.03376248,0.9391091,0.07785298,0.00246954,1.21,145
"20210710232900",126.7043,30.94114,282.1759,367.3235,10.99384,218.9229,18.61489,7.442127,76.73213,101.268,2.038671,0.3960466,-1.032519,-0.03406194,0.9388178,0.0779159,0.00135088,1.16,149
"20210710232920",126.6226,30.96218,282.1671,367.3361,10.99203,218.9622,18.60484,7.425438,76.8995,101.2647,2.037357,0.396316,-1.032512,-0.03373332,0.9389862,0.07787382,0.001466513,1.13,162
"20210710232940",126.7477,30.99919,282.087,367.3647,10.99001,218.8663,18.6183,7.42519,77.40247,101.266,2.039371,0.3967896,-1.033335,-0.03314938,0.9385752,0.07793016,0.001467943,1.49,163
"20210710233000",126.504,30.901,282.0165,367.3426,10.98981,218.3838,18.57642,7.447933,77.56178,101.2657,2.03545,0.3955328,-1.034154,-0.0334634,0.9365059,0.0777549,-0.000715971,1.07,186
"20210710233020",126.4214,30.87993,281.9393,367.299,10.98941,218.243,18.55753,7.418998,77.35248,101.2665,2.034121,0.3952631,-1.035041,-0.03408364,0.9359019,0.07767581,0.00151062,1.52,182
"20210710233040",125.7462,30.66195,281.8401,367.2232,10.98416,217.2811,18.49046,7.396503,77.3766,101.27,2.023256,0.392473,-1.03589,-0.03480897,0.9317772,0.07739506,0.001665831,1.36,183
"20210710233100",125.624,30.54378,281.8212,367.1478,10.97973,216.9666,18.5137,7.4132,77.59903,101.2677,2.02129,0.3909604,-1.035842,-0.03559154,0.9304282,0.07749236,0.0005369186,1.59,182
"20210710233120",125.2443,30.48609,281.8292,367.0606,10.97368,216.5444,18.42777,7.37064,77.30597,101.2649,2.015181,0.3902219,-1.035376,-0.03642414,0.9286181,0.0771327,0.0008306503,1.38,180
"20210710233140",124.8764,30.41958,281.8361,367.0244,10.96925,215.87,18.36807,7.373634,76.98359,101.2635,2.009261,0.3893706,-1.035021,-0.03661882,0.9257258,0.07688278,0.001823187,1.27,177
"20210710233200",124.9506,30.49061,281.8886,366.986,10.963,216.2326,18.41859,7.332859,76.7514,101.2623,2.010456,0.3902798,-1.034016,-0.036706,0.9272806,0.07709426,0.001091003,0.97,168
"20210710233220",124.7234,30.50396,281.9075,366.9024,10.95534,215.7796,18.45998,7.309875,76.94842,101.2629,2.006799,0.3904507,-1.033325,-0.03736225,0.9253382,0.0772675,-0.001790047,1.04,160
"20210710233240",124.6585,30.51014,281.9359,366.933,10.95151,215.6522,18.39083,7.279972,77.05185,101.2657,2.005755,0.3905298,-1.032753,-0.03660588,0.9247918,0.07697806,0.001456022,0.91,144
"20210710233300",124.5918,30.55742,281.9729,366.9231,10.94566,215.4922,18.34651,7.325859,77.08982,101.2655,2.004682,0.391135,-1.031956,-0.03629802,0.9241057,0.07679258,0.002152681,0.92,136
"20210710233320",124.2077,30.55544,282.0038,366.9593,10.94183,214.7549,18.28121,7.312065,77.29956,101.2602,1.998503,0.3911097,-1.031357,-0.03546202,0.9209438,0.07651924,0.003261328,0.75,139
"20210710233340",124.2406,30.64789,281.9617,366.9347,10.93337,215.1281,18.35333,7.311619,77.21534,101.2609,1.999031,0.392293,-1.031335,-0.03517339,0.9225445,0.07682112,0.003264189,0.68,124
"20210710233400",124.1518,30.64217,281.9736,366.9572,10.92712,214.6527,18.31545,7.334156,77.27358,101.2601,1.997602,0.3922197,-1.03081,-0.03435017,0.9205058,0.07666254,0.001081705,0.93,104
"20210710233420",124.1977,30.69786,281.9956,367.007,10.92833,214.664,18.31645,7.291401,77.62601,101.2602,1.998342,0.3929326,-1.030624,-0.03369918,0.9205538,0.07666672,0.001376629,0.83,136
"20210710233440",123.8093,30.62533,281.9963,366.9422,10.92671,213.9407,18.18677,7.34195,78.08811,101.2599,1.992091,0.3920042,-1.030517,-0.03454355,0.9174522,0.07612394,0.002042055,1.08,139
"20210710233500",123.9657,30.6693,281.987,366.8978,10.9251,213.9289,18.25942,7.352841,78.2895,101.2644,1.994608,0.3925671,-1.030528,-0.03508077,0.9174018,0.07642804,0.001966953,1.19,156
"20210710233520",123.6798,30.55357,281.9061,366.8086,10.92046,213.5907,18.27301,7.336723,77.83288,101.2637,1.990008,0.3910858,-1.031199,-0.03605398,0.9159514,0.0764849,0.001064062,0.97,162
"20210710233540",123.5225,30.50458,281.8319,366.8433,10.91663,213.1482,18.20695,7.360435,77.64939,101.2633,1.987478,0.3904586,-1.031839,-0.03523743,0.9140536,0.0762084,-0.0001125336,1.14,162
"20210710233600",123.0406,30.37702,281.7402,366.7916,10.91341,212.4476,18.10368,7.343029,77.84497,101.2652,1.979724,0.3888259,-1.032726,-0.03576049,0.9110493,0.07577616,7.629394e-06,1.27,176
"20210710233620",123.2181,30.41184,281.748,366.8085,10.912,212.7539,18.18191,7.355694,77.62597,101.2642,1.982579,0.3892716,-1.032545,-0.03539583,0.9123629,0.07610358,-7.987022e-05,1.1,194
"20210710233640",122.9095,30.28288,281.7097,366.7114,10.90595,212.206,18.08395,7.319794,77.64206,101.2636,1.977613,0.3876209,-1.032627,-0.03637783,0.9100132,0.07569358,0.0001683235,1.16,204
"20210710233700",122.5871,30.19684,281.6862,366.6775,10.90373,211.519,18.09147,7.308258,78.09929,101.2665,1.972427,0.3865196,-1.032768,-0.03671097,0.907067,0.07572504,0.001260757,1.78,198
"20210710233720",121.9352,29.95069,281.6555,366.6398,10.89668,210.8994,18.01878,7.310146,78.5321,101.2666,1.961937,0.3833688,-1.032698,-0.03672703,0.90441,0.07542079,0.001247883,1.48,205
"20210710233740",122.3416,30.02242,281.646,366.6626,10.89265,211.2857,18.05268,7.316971,79.04386,101.2629,1.968476,0.384287,-1.032563,-0.0360735,0.9060666,0.07556268,0.002214193,1.47,203
"20210710233800",121.8961,29.84425,281.6063,366.6226,10.89023,210.392,17.9599,7.322143,79.50117,101.2624,1.961309,0.3820064,-1.032883,-0.0364842,0.9022344,0.07517433,0.001165152,1.53,199
"20210710233820",121.4214,29.70142,281.5493,366.5394,10.88619,209.8375,17.9085,7.241382,79.57126,101.2619,1.953671,0.3801781,-1.033309,-0.03741294,0.8998563,0.07495918,0.00070858,1.88,198
"20210710233840",121.4583,29.6634,281.5515,366.546,10.88055,209.9506,17.93653,7.267799,79.15934,101.2625,1.954264,0.3796916,-1.032937,-0.03687633,0.9003413,0.0750765,0.001540184,1.62,198
"20210710233900",121.383,29.65956,281.5206,366.4809,10.87712,209.8842,17.99599,7.273983,79.4813,101.2649,1.953053,0.3796424,-1.033091,-0.03758487,0.9000566,0.07532538,0.002510309,1.63,191
"20210710233920",121.4899,29.69291,281.5901,366.3948,10.87168,209.9381,17.90725,7.227837,79.10235,101.2662,1.954772,0.3800692,-1.031935,-0.03844744,0.9002879,0.07495394,0.000802517,1.31,175
"20210710233940",121.0797,29.60025,281.6446,366.3184,10.86745,209.2537,17.8754,7.246548,78.73148,101.2611,1.948172,0.3788832,-1.031032,-0.03925792,0.8973527,0.07482065,0.0006730556,1.54,176
"20210710234000",120.4934,29.47714,281.702,366.2568,10.86382,208.3183,17.8105,7.243694,79.14178,101.2596,1.938739,0.3773074,-1.030132,-0.03990022,0.8933413,0.074549,0.001706362,1.13,156
"20210710234020",120.4314,29.52357,281.7944,366.2192,10.85979,208.3225,17.82977,7.272495,79.45853,101.2584,1.937741,0.3779017,-1.028793,-0.04014675,0.8933595,0.07462964,0.001507282,1.3,161
"20210710234040",120.0117,29.47243,281.8573,366.1442,10.85434,207.5191,17.75197,7.233036,78.87699,101.257,1.930988,0.3772471,-1.027717,-0.04084447,0.8899144,0.07430399,0.002792835,1.05,148
"20210710234100",120.1198,29.57889,281.8738,366.1717,10.84769,208.0026,17.78277,7.227558,78.83296,101.2573,1.932727,0.3786098,-1.027114,-0.0399187,0.8919875,0.07443294,0.002830744,0.82,125
"20210710234120",119.7878,29.53654,281.9149,366.1715,10.84326,207.1502,17.80028,7.244385,79.216,101.2603,1.927386,0.3780678,-1.026356,-0.03957766,0.8883321,0.07450622,-0.002351284,1.29,131
"20210710234140",119.3923,29.45667,281.9103,366.1389,10.83318,206.8713,17.69245,7.206852,79.56355,101.258,1.921021,0.3770454,-1.025793,-0.03928336,0.8871362,0.07405486,0.003986597,1.29,134
"20210710234200",119.3768,29.45943,281.8688,366.0674,10.83156,206.7761,17.69477,7.23877,79.42734,101.2572,1.920772,0.3770807,-1.026184,-0.04022451,0.886728,0.07406458,0.0007269382,1.18,142
"20210710234220",119.0923,29.41802,281.8233,366.0998,10.82249,206.5325,17.71041,7.251042,79.28599,101.2578,1.916196,0.3765507,-1.026163,-0.03903546,0.8856831,0.07413006,0.0006420612,0.98,138
"20210710234240",118.91,29.31293,281.748,366.0502,10.81624,206.1026,17.60541,7.172844,79.47099,101.2587,1.913262,0.3752055,-1.026671,-0.03929386,0.8838398,0.07369054,0.003207922,1.06,144
"20210710234300",118.7012,29.33317,281.7069,366.0174,10.8112,205.608,17.59127,7.208591,79.87612,101.2582,1.909903,0.3754646,-1.026847,-0.03939368,0.8817186,0.07363138,0.0009353161,1.08,163
"20210710234320",118.5377,29.38028,281.6467,366.0339,10.80516,205.467,17.58378,7.235279,80.14839,101.2624,1.907271,0.3760676,-1.027186,-0.0386749,0.8811142,0.0736,0.002777338,1.11,155
"20210710234340",118.4539,29.42334,281.4902,366.0086,10.79971,205.0373,17.57911,7.200123,79.79589,101.2624,1.905923,0.3766188,-1.028701,-0.03863132,0.8792716,0.07358048,0.00301981,1.05,178
"20210710234400",117.9361,29.34215,281.4687,365.9829,10.79488,204.3379,17.5507,7.197998,79.81882,101.2592,1.897591,0.3755795,-1.028659,-0.03864183,0.876272,0.07346154,0.002021313,1.29,169
"20210710234420",117.5789,29.28771,281.3746,365.9857,10.79064,203.7367,17.42605,7.25737,79.9803,101.2576,1.891845,0.3748827,-1.02951,-0.03827079,0.8736942,0.07293983,0.0005989074,1.2,180
"20210710234440",117.4049,29.31606,281.3465,366.0312,10.78883,203.2386,17.39034,7.216858,80.07926,101.2578,1.889045,0.3752456,-1.02973,-0.03744858,0.8715581,0.07279034,-0.0001349449,1.03,194
"20210710234500",117.1683,29.26253,281.3432,365.9776,10.78177,202.8482,17.43949,7.166782,80.3635,101.2581,1.885238,0.3745604,-1.029337,-0.03770364,0.8698838,0.07299605,0.0002110004,1.13,197
"20210710234520",116.9449,29.27718,281.3388,365.9355,10.78218,202.8479,17.35195,7.184898,80.50814,101.2587,1.881644,0.3747479,-1.029413,-0.03836312,0.8698827,0.07262963,0.001098871,1.28,193
"20210710234540",116.7662,29.31239,281.3409,365.9482,10.77653,202.3844,17.34706,7.180278,80.83522,101.261,1.878769,0.3751986,-1.029042,-0.03773599,0.8678948,0.0726092,0.002143621,1.23,199
"20210710234600",116.498,29.27496,281.3212,365.8408,10.77149,202.0111,17.33974,7.200134,80.88827,101.2574,1.874454,0.3747195,-1.028966,-0.03894948,0.866294,0.07257856,-0.001032591,1.29,198
"20210710234620",115.8357,29.19833,281.3293,365.7609,10.76202,201.1755,17.25002,7.179504,80.32392,101.2557,1.863796,0.3737387,-1.02829,-0.03940996,0.8627105,0.07220298,0.001136065,1.17,195
"20210710234640",115.9307,29.28819,281.3014,365.7396,10.75577,201.6115,17.32255,7.131565,80.04606,101.2565,1.865324,0.3748889,-1.028237,-0.03924228,0.8645806,0.07250658,0.001466751,1.16,196
"20210710234700",115.7436,29.39083,281.2467,365.7702,10.75113,200.9751,17.30899,7.150848,80.2931,101.2558,1.862315,0.3762026,-1.028598,-0.03842624,0.8618511,0.07244985,0.001333714,1.12,190
"20210710234720",115.5425,29.46895,281.2592,365.7857,10.74892,200.3124,17.21975,7.145916,80.41277,101.2551,1.859078,0.3772026,-1.028314,-0.03802178,0.8590096,0.0720763,0.0003550052,1.11,193
"20210710234740",114.9546,29.51463,281.2001,365.7478,10.73742,199.838,17.19281,7.107311,80.57082,101.2589,1.849619,0.3777873,-1.028309,-0.03769785,0.8569749,0.07196354,0.001634121,1.11,186
"20210710234800",114.763,29.48647,281.1808,365.6984,10.73662,198.9873,17.08505,7.12767,80.73012,101.2575,1.846536,0.3774269,-1.028485,-0.0383724,0.853327,0.07151249,0.002506495,1.1,186
"20210710234820",114.6318,29.49358,281.1301,365.6474,10.73077,199.2724,17.15923,7.143254,80.34443,101.2542,1.844425,0.3775178,-1.028727,-0.03868209,0.8545496,0.07182298,-0.0006399154,1.08,186
"20210710234840",114.4904,29.49996,281.0762,365.631,10.73319,198.4742,17.04971,7.14418,80.63553,101.2528,1.84215,0.3775995,-1.029512,-0.03911402,0.8511264,0.07136456,0.001379728,0.98,189
"20210710234900",114.4217,29.41328,281.08,365.5288,10.72936,198.6981,17.11265,7.140057,80.96806,101.253,1.841045,0.37649,-1.029234,-0.04034562,0.8520867,0.07162801,0.00343442,0.98,191
"20210710234920",114.4304,29.31779,281.1092,365.496,10.72936,198.3615,17.1136,7.14127,81.05911,101.2521,1.841185,0.3752678,-1.028888,-0.04083537,0.8506434,0.07163198,0.0003867149,0.86,163
"20210710234940",113.996,29.07957,281.0061,365.4922,10.72432,197.8373,17.10664,7.135834,81.20795,101.2564,1.834196,0.3722184,-1.029798,-0.04050204,0.8483951,0.07160286,0.0004241466,0.63,158
"20210710235000",113.5767,28.8749,281.0283,365.4396,10.7219,197.0457,16.95981,7.181629,81.25854,101.2563,1.82745,0.3695988,-1.029386,-0.04109903,0.8450007,0.07098827,-0.0009050369,0.72,140
"20210710235020",113.2046,28.69064,280.9996,365.3877,10.71727,196.6936,16.94453,7.151902,81.16906,101.2512,1.821462,0.3672402,-1.02944,-0.04151462,0.8434906,0.07092433,0.0003135204,0.64,140
"20210710235040",113.3491,28.73819,281.0125,365.3468,10.71081,196.9496,16.977,7.159638,81.02456,101.2513,1.823787,0.3678488,-1.028895,-0.04162638,0.8445885,0.07106025,0.004312277,0.46,136
"20210710235100",113.1709,28.60195,280.9851,365.3132,10.70497,196.5623,16.95615,7.142361,81.0299,101.2514,1.82092,0.366105,-1.028858,-0.04167492,0.8429276,0.07097297,-0.001646996,0.76,137
"20210710235120",113.236,28.67588,280.9519,365.2539,10.70174,196.5536,16.9653,7.12236,80.95622,101.251,1.821967,0.3670513,-1.029054,-0.04231259,0.8428905,0.07101125,0.001530409,0.77,125
"20210710235140",112.5165,28.54697,280.9091,365.2475,10.69428,195.8487,16.89685,7.141243,80.97548,101.2516,1.810391,0.3654012,-1.029102,-0.04182836,0.8398674,0.07072474,0.001399756,0.68,122
"20210710235200",112.2813,28.455,280.9139,365.252,10.68985,195.5125,16.88245,7.153717,81.14942,101.2558,1.806606,0.364224,-1.028774,-0.04141878,0.8384258,0.07066446,0.001313686,0.49,146
"20210710235220",112.2341,28.37901,280.8528,365.1796,10.68441,195.1875,16.82847,7.146267,81.28045,101.2519,1.805846,0.3632514,-1.029163,-0.04207939,0.837032,0.07043854,0.001365185,0.4,135
"20210710235240",112.2947,28.40606,280.8333,365.1393,10.67836,195.4449,16.90714,7.166774,81.30525,101.2518,1.806821,0.3635975,-1.029023,-0.04221288,0.838136,0.07076783,0.001224041,0.76,132
"20210710235300",112.3851,28.41821,280.8752,365.1306,10.67554,195.0297,16.86616,7.165851,81.24924,101.2522,1.808277,0.363753,-1.028354,-0.04212257,0.8363554,0.0705963,0.002242804,0.87,148
"20210710235320",111.7268,28.27285,280.8181,365.0687,10.66868,194.005,16.73061,7.136306,81.06621,101.252,1.797684,0.3618925,-1.028608,-0.04251566,0.831961,0.07002893,0.001433849,0.95,145
"20210710235340",111.5439,28.22235,280.8062,365.0064,10.66364,193.8587,16.74765,7.09227,80.7917,101.2532,1.794741,0.3612461,-1.02844,-0.04305581,0.8313337,0.07010023,0.001738071,0.9,147
"20210710235400",111.344,28.13308,280.8063,365,10.65901,193.4543,16.72129,7.124256,80.69711,101.2565,1.791524,0.3601034,-1.028155,-0.04279317,0.8295993,0.06998989,0.0005042553,0.86,142
"20210710235420",111.1844,28.16332,280.7946,364.942,10.65276,193.3439,16.75249,7.0956,80.72667,101.2553,1.788957,0.3604905,-1.027912,-0.04317749,0.8291261,0.07012048,0.0007019043,0.8,147
"20210710235440",110.8964,28.05887,280.8,364.9577,10.64933,192.7754,16.70815,7.12365,80.83771,101.2516,1.784324,0.3591536,-1.027638,-0.04267536,0.826688,0.0699349,0.0005083084,1.05,145
"20210710235500",110.6911,27.98518,280.768,364.9158,10.64591,192.6034,16.65871,7.130501,80.92893,101.2501,1.781021,0.3582104,-1.027806,-0.04303661,0.8259506,0.06972798,0.001473904,1.01,143
"20210710235520",111.085,28.0548,280.7635,364.8725,10.63966,193.0894,16.64871,7.121406,80.97485,101.2495,1.787357,0.3591015,-1.027475,-0.04319928,0.8280348,0.06968613,0.001536846,0.88,150
"20210710235540",110.5614,27.90724,280.75,364.7845,10.6328,192.218,16.63762,7.097138,80.97012,101.2482,1.778933,0.3572127,-1.027217,-0.04398428,0.8242976,0.0696397,-0.0003216267,1.11,138
"20210710235600",110.4593,27.88376,280.7672,364.712,10.62897,192.1549,16.65272,7.075081,81.07412,101.2517,1.777291,0.3569122,-1.026778,-0.04476917,0.8240273,0.06970291,-0.0001690388,0.96,137
"20210710235620",110.3238,27.89648,280.6961,364.6902,10.6199,192.0853,16.64907,7.092075,81.15582,101.2525,1.77511,0.357075,-1.027063,-0.04439412,0.8237286,0.06968762,0.0007264614,0.72,132
"20210710235640",110.0414,27.77058,280.653,364.6568,10.61063,191.4785,16.60517,7.079354,81.17994,101.2491,1.770566,0.3554635,-1.027005,-0.04417506,0.8211266,0.06950385,0.0008144378,0.82,129
"20210710235700",109.6568,27.76321,280.6095,364.6789,10.6066,190.6209,16.49252,7.07428,81.02469,101.2493,1.764378,0.3553692,-1.027272,-0.04353307,0.8174489,0.06903237,-0.002189636,0.57,141
"20210710235720",110.0934,27.98511,280.5789,364.6553,10.59611,191.6933,16.64742,7.04499,81.00608,101.2494,1.771404,0.3582094,-1.02699,-0.04307214,0.8220479,0.0696807,0.002064466,0.44,145
"20210710235740",109.7348,27.87752,280.5228,364.6235,10.58684,190.7485,16.48389,7.007343,81.06498,101.2492,1.765632,0.3568322,-1.027088,-0.04283225,0.8179962,0.06899623,-0.001727104,0.4,147
"20210710235800",109.5059,27.83224,280.5356,364.5513,10.58523,190.4587,16.49759,7.027726,80.99174,101.2504,1.761949,0.3562526,-1.026837,-0.04378543,0.8167533,0.06905356,0.001170635,0.47,154
"20210710235820",109.407,27.83693,280.4733,364.5421,10.57797,190.0504,16.45346,7.023231,81.15568,101.2542,1.760359,0.3563128,-1.027129,-0.0433605,0.8150022,0.06886885,0.002214193,0.44,165
"20210710235840",109.1637,27.85831,280.4742,364.4992,10.57495,189.9078,16.47049,7.02459,81.24038,101.2512,1.756444,0.3565864,-1.026933,-0.04376716,0.8143908,0.06894014,0.001192331,0.57,151
"20210710235900",109.0538,27.84317,280.4304,364.5007,10.56527,189.7691,16.44452,7.046032,81.31161,101.2515,1.754675,0.3563926,-1.026858,-0.04299612,0.8137961,0.06883143,0.002057076,0.59,157
"20210710235920",108.8228,27.84814,280.3979,364.4368,10.56063,189.6471,16.43225,7.063782,81.32875,101.2517,1.750958,0.3564562,-1.026958,-0.04359212,0.8132728,0.06878008,-9.10759e-05,0.64,157
"20210710235940",106.6822,27.74976,280.3921,364.3834,10.55096,188.7803,16.35672,7.056034,81.22489,101.2522,1.716516,0.3551969,-1.026436,-0.04364207,0.8095555,0.06846394,0.000975132,0.72,160
"20210711000000",101.5545,27.7114,280.2015,364.4459,10.5437,188.834,16.36192,7.03059,81.07931,101.2519,1.634011,0.354706,-1.028243,-0.0421459,0.809786,0.06848569,0.001150847,0.64,170
